datetime,open,high,low,close,volume,iv,oi,spot,strike
2022-03-02 09:40:00,105.95,105.95,105.95,105.95,250,25.390194,750,3371.6,3380.0
2022-03-02 09:41:00,105.95,105.95,105.95,105.95,0,25.390194,750,3369.2,3360.0
2022-03-02 09:42:00,105.95,105.95,105.95,105.95,0,25.390194,750,3368.25,3360.0
2022-03-02 09:43:00,105.95,105.95,105.95,105.95,0,25.390194,750,3379.95,3380.0
2022-03-02 09:44:00,105.95,105.95,105.95,105.95,0,25.390194,750,3377.95,3380.0
2022-03-02 09:45:00,98.0,105.85,98.0,105.4,4000,25.054222,46000,3391.75,3400.0
2022-03-02 09:46:00,106.0,106.95,106.0,106.75,6250,24.854122,46000,3395.6,3400.0
2022-03-02 09:47:00,106.75,106.75,106.75,106.75,0,24.854122,46000,3382.45,3380.0
2022-03-02 09:48:00,106.75,106.75,106.75,106.75,0,24.854122,46000,3379.35,3380.0
2022-03-02 09:49:00,106.75,106.75,106.75,106.75,0,24.854122,46000,3389.6,3380.0
2022-03-02 09:50:00,105.8,109.0,105.8,109.0,2750,26.088089,43500,3391.15,3400.0
2022-03-02 09:51:00,109.0,109.0,108.0,108.5,1500,25.978535,43500,3391.0,3400.0
2022-03-02 09:52:00,108.5,113.0,108.5,113.0,4500,25.887938,43500,3399.8,3400.0
2022-03-02 09:53:00,113.0,113.0,111.0,112.95,2000,26.436788,43500,3395.95,3400.0
2022-03-02 09:54:00,112.95,112.95,110.6,112.95,3000,26.574666,40500,3395.0,3400.0
2022-03-02 09:55:00,112.95,115.55,112.95,115.55,2500,25.977368,40500,3403.75,3400.0
2022-03-02 09:56:00,115.0,115.0,114.7,114.7,4000,26.307726,40250,3400.0,3400.0
2022-03-02 09:57:00,115.3,115.4,114.7,114.7,3750,26.549648,40250,3398.35,3400.0
2022-03-02 09:58:00,113.5,115.7,113.5,115.7,2000,26.24044,40250,3402.25,3400.0
2022-03-02 09:59:00,114.75,116.0,114.75,116.0,1000,26.437956,40750,3401.45,3400.0
2022-03-02 10:00:00,114.95,115.5,114.05,114.05,4000,25.939495,40750,3401.35,3400.0
2022-03-02 10:01:00,114.0,117.1,114.0,116.75,2500,26.503481,40750,3402.35,3400.0
2022-03-02 10:02:00,116.75,116.75,115.0,115.0,1500,26.094579,41250,3402.0,3400.0
2022-03-02 10:03:00,115.0,115.0,114.0,114.15,1000,26.165731,41250,3400.0,3400.0
2022-03-02 10:04:00,115.3,115.3,114.75,114.75,750,26.470646,41250,3399.0,3400.0
2022-03-02 10:05:00,114.75,114.75,113.55,114.5,750,26.762266,42750,3396.55,3400.0
2022-03-02 10:06:00,113.0,115.85,113.0,115.85,1500,26.320115,42750,3402.0,3400.0
2022-03-02 10:07:00,115.85,116.25,114.2,114.2,3250,26.129071,42750,3400.35,3400.0
2022-03-02 10:08:00,114.2,114.2,114.05,114.05,250,26.1781,42750,3399.75,3400.0
2022-03-02 10:09:00,114.05,115.45,114.05,115.45,250,26.510415,42250,3400.0,3400.0
2022-03-02 10:10:00,115.45,119.85,115.45,116.95,3500,26.114164,42250,3405.35,3400.0
2022-03-02 10:11:00,116.95,116.95,116.95,116.95,0,26.114164,42250,3412.0,3420.0
2022-03-02 10:12:00,116.95,116.95,116.95,116.95,0,26.114164,42250,3415.25,3420.0
2022-03-02 10:13:00,116.95,116.95,116.95,116.95,0,26.114164,42250,3414.75,3420.0
2022-03-02 10:14:00,122.5,122.5,118.35,118.35,500,25.785509,39000,3410.0,3400.0
2022-03-02 10:15:00,118.35,118.35,118.35,118.35,0,25.785509,39000,3413.15,3420.0
2022-03-02 10:16:00,118.35,118.35,118.35,118.35,0,25.785509,39000,3410.75,3420.0
2022-03-02 10:17:00,120.05,120.05,119.55,119.55,1000,26.526091,39000,3407.2,3400.0
2022-03-02 10:18:00,119.55,119.55,119.55,119.55,0,26.526091,39000,3411.65,3420.0
2022-03-02 10:19:00,119.55,119.55,119.55,119.55,0,26.526091,39000,3413.0,3420.0
2022-03-02 10:20:00,119.55,119.55,119.55,119.55,0,26.526091,39000,3414.3,3420.0
2022-03-02 10:21:00,119.55,119.55,119.55,119.55,0,26.526091,39000,3413.6,3420.0
2022-03-02 10:22:00,119.55,119.55,119.55,119.55,0,26.526091,39000,3413.35,3420.0
2022-03-02 10:23:00,119.55,119.55,119.55,119.55,0,26.526091,39000,3413.35,3420.0
2022-03-02 10:24:00,119.55,119.55,119.55,119.55,0,26.526091,39000,3413.3,3420.0
2022-03-02 10:25:00,119.55,119.55,119.55,119.55,0,26.526091,39000,3410.85,3420.0
2022-03-02 10:26:00,120.0,120.0,120.0,120.0,500,26.723443,42750,3406.7,3400.0
2022-03-02 10:27:00,120.0,120.0,117.45,117.45,750,26.602311,42750,3403.0,3400.0
2022-03-02 10:28:00,116.0,116.0,115.95,115.95,2750,26.318378,42750,3402.25,3400.0
2022-03-02 10:29:00,116.0,116.0,114.3,114.3,2250,25.920896,43250,3402.0,3400.0
2022-03-02 10:30:00,114.0,114.0,111.05,111.05,3750,26.564206,43250,3391.7,3400.0
2022-03-02 10:31:00,110.0,112.7,110.0,112.7,3500,25.802362,43250,3399.95,3400.0
2022-03-02 10:32:00,112.2,112.2,112.2,112.2,250,25.153174,43250,3403.45,3400.0
2022-03-02 10:33:00,112.2,112.2,112.2,112.2,0,25.153174,43250,3402.0,3400.0
2022-03-02 10:34:00,112.2,114.4,112.2,114.4,500,25.741687,43000,3403.4,3400.0
2022-03-02 10:35:00,113.05,113.05,113.05,113.05,1000,25.445486,43000,3403.0,3400.0
2022-03-02 10:36:00,113.05,113.05,113.05,113.05,0,25.445486,43000,3401.75,3400.0
2022-03-02 10:37:00,113.0,115.35,113.0,115.35,1750,26.208217,43250,3401.95,3400.0
2022-03-02 10:38:00,115.35,115.35,115.35,115.35,0,26.208217,43250,3401.05,3400.0
2022-03-02 10:39:00,116.1,116.1,114.1,114.1,750,26.019823,43000,3401.0,3400.0
2022-03-02 10:40:00,113.8,115.0,112.8,112.8,1000,25.396371,43000,3402.9,3400.0
2022-03-02 10:41:00,112.8,115.6,112.8,115.6,750,26.37164,43000,3401.3,3400.0
2022-03-02 10:42:00,115.6,115.6,115.6,115.6,0,26.37164,43000,3401.9,3400.0
2022-03-02 10:43:00,115.6,115.6,112.7,112.7,1500,25.755633,42750,3400.3,3400.0
2022-03-02 10:44:00,112.7,115.0,112.7,115.0,500,25.889039,43500,3403.5,3400.0
2022-03-02 10:45:00,115.0,115.0,114.4,114.4,250,25.805464,43500,3403.0,3400.0
2022-03-02 10:46:00,114.4,114.4,114.4,114.4,0,25.805464,43500,3402.7,3400.0
2022-03-02 10:47:00,114.4,116.0,114.4,116.0,500,25.930594,43500,3405.0,3400.0
2022-03-02 10:48:00,116.0,116.0,116.0,116.0,0,25.930594,43500,3404.65,3400.0
2022-03-02 10:49:00,116.0,116.0,116.0,116.0,0,25.930594,43500,3404.7,3400.0
2022-03-02 10:50:00,116.0,116.0,116.0,116.0,0,25.930594,43500,3402.5,3400.0
2022-03-02 10:51:00,116.0,116.0,116.0,116.0,0,25.930594,43500,3402.8,3400.0
2022-03-02 10:52:00,116.0,116.0,116.0,116.0,0,25.930594,43500,3401.0,3400.0
2022-03-02 10:53:00,116.0,116.0,116.0,116.0,0,25.930594,43500,3401.8,3400.0
2022-03-02 10:54:00,116.0,116.0,116.0,116.0,0,25.930594,43500,3401.95,3400.0
2022-03-02 10:55:00,116.0,116.0,114.85,114.85,250,26.223861,43000,3401.0,3400.0
2022-03-02 10:56:00,114.85,114.85,114.85,114.85,0,26.223861,43000,3401.0,3400.0
2022-03-02 10:57:00,115.25,115.25,115.25,115.25,500,26.241589,43000,3401.6,3400.0
2022-03-02 10:58:00,115.25,115.25,115.25,115.25,250,26.389365,43000,3400.6,3400.0
2022-03-02 10:59:00,116.25,116.25,116.25,116.25,250,26.409954,43000,3402.25,3400.0
2022-03-02 11:00:00,116.25,116.25,116.25,116.25,0,26.409954,43000,3402.0,3400.0
2022-03-02 11:01:00,116.25,116.25,116.25,116.25,0,26.409954,43000,3402.3,3400.0
2022-03-02 11:02:00,116.25,116.25,116.25,116.25,0,26.409954,43000,3403.15,3400.0
2022-03-02 11:03:00,116.25,116.25,116.25,116.25,250,25.408892,43000,3408.95,3400.0
2022-03-02 11:04:00,118.0,118.0,117.9,117.9,750,25.739555,43000,3409.65,3400.0
2022-03-02 11:05:00,117.9,118.55,117.9,118.55,250,25.896697,43000,3409.75,3400.0
2022-03-02 11:06:00,118.55,118.55,118.55,118.55,0,25.896697,43000,3412.9,3420.0
2022-03-02 11:07:00,109.25,109.25,109.15,109.15,250,26.032585,750,3410.8,3420.0
2022-03-02 11:08:00,120.0,120.0,118.8,118.8,250,26.160615,42500,3408.45,3400.0
2022-03-02 11:09:00,118.8,118.8,115.75,115.75,500,25.798634,42250,3405.5,3400.0
2022-03-02 11:10:00,115.75,115.75,115.6,115.6,250,25.916282,42250,3404.45,3400.0
2022-03-02 11:11:00,115.6,115.75,115.6,115.75,250,26.223762,41750,3402.65,3400.0
2022-03-02 11:12:00,115.75,116.1,115.75,116.1,750,26.272006,41750,3402.95,3400.0
2022-03-02 11:13:00,116.1,116.1,116.1,116.1,0,26.272006,41750,3404.5,3400.0
2022-03-02 11:14:00,117.2,117.2,117.2,117.2,250,26.407064,41750,3404.0,3400.0
2022-03-02 11:15:00,117.2,117.2,116.75,116.75,250,26.236659,41750,3404.35,3400.0
2022-03-02 11:16:00,116.75,116.75,116.75,116.75,250,26.526472,41750,3402.4,3400.0
2022-03-02 11:17:00,116.75,117.2,116.3,117.2,5750,26.400843,41750,3404.05,3400.0
2022-03-02 11:18:00,117.2,117.2,117.2,117.2,750,26.162623,42000,3405.65,3400.0
2022-03-02 11:19:00,117.2,119.5,117.2,119.5,4750,26.568125,42000,3407.0,3400.0
2022-03-02 11:20:00,119.5,120.85,118.0,118.0,1500,26.359679,44250,3405.75,3400.0
2022-03-02 11:21:00,118.0,118.0,118.0,118.0,250,26.554023,44250,3404.45,3400.0
2022-03-02 11:22:00,118.0,118.0,118.0,118.0,0,26.554023,44250,3406.75,3400.0
2022-03-02 11:23:00,118.0,118.0,118.0,118.0,0,26.554023,44250,3405.0,3400.0
2022-03-02 11:24:00,118.0,119.45,118.0,119.45,250,26.293599,44500,3408.75,3400.0
2022-03-02 11:25:00,119.45,119.45,119.45,119.45,0,26.293599,44500,3412.5,3420.0
2022-03-02 11:26:00,119.45,119.45,119.45,119.45,0,26.293599,44500,3411.5,3420.0
2022-03-02 11:27:00,119.45,119.45,119.45,119.45,0,26.293599,44500,3411.6,3420.0
2022-03-02 11:28:00,119.45,119.45,119.45,119.45,0,26.293599,44500,3411.85,3420.0
2022-03-02 11:29:00,119.45,119.45,119.45,119.45,0,26.293599,44500,3414.0,3420.0
2022-03-02 11:30:00,112.4,112.4,112.4,112.4,250,26.699554,500,3412.15,3420.0
2022-03-02 11:31:00,112.4,112.4,112.4,112.4,0,26.699554,500,3412.0,3420.0
2022-03-02 11:32:00,112.4,112.4,112.4,112.4,0,26.699554,500,3415.0,3420.0
2022-03-02 11:33:00,112.4,112.4,112.4,112.4,0,26.699554,500,3416.75,3420.0
2022-03-02 11:34:00,112.4,112.4,112.4,112.4,0,26.699554,500,3417.1,3420.0
2022-03-02 11:35:00,112.4,112.4,112.4,112.4,0,26.699554,500,3413.0,3420.0
2022-03-02 11:36:00,112.4,112.4,112.4,112.4,0,26.699554,500,3410.85,3420.0
2022-03-02 11:37:00,112.4,112.4,108.9,108.9,250,25.370914,750,3415.05,3420.0
2022-03-02 11:38:00,108.9,108.9,108.9,108.9,0,25.370914,750,3415.8,3420.0
2022-03-02 11:39:00,108.9,108.9,108.9,108.9,0,25.370914,750,3413.25,3420.0
2022-03-02 11:40:00,108.9,108.9,108.9,108.9,0,25.370914,750,3413.75,3420.0
2022-03-02 11:41:00,108.9,108.9,108.9,108.9,0,25.370914,750,3413.0,3420.0
2022-03-02 11:42:00,108.9,108.9,108.9,108.9,0,25.370914,750,3412.0,3420.0
2022-03-02 11:43:00,108.9,108.9,108.9,108.9,0,25.370914,750,3411.95,3420.0
2022-03-02 11:44:00,108.9,108.9,108.9,108.9,0,25.370914,750,3411.9,3420.0
2022-03-02 11:45:00,108.9,108.9,108.9,108.9,0,25.370914,750,3411.4,3420.0
2022-03-02 11:46:00,108.9,108.9,108.9,108.9,0,25.370914,750,3411.15,3420.0
2022-03-02 11:47:00,108.9,108.9,108.9,108.9,0,25.370914,750,3412.5,3420.0
2022-03-02 11:48:00,108.9,108.9,108.9,108.9,0,25.370914,750,3412.4,3420.0
2022-03-02 11:49:00,108.9,108.9,108.9,108.9,0,25.370914,750,3411.95,3420.0
2022-03-02 11:50:00,108.9,108.9,108.9,108.9,0,25.370914,750,3410.25,3420.0
2022-03-02 11:51:00,120.85,120.85,120.8,120.8,1500,26.540613,45250,3409.55,3400.0
2022-03-02 11:52:00,120.8,120.8,116.75,116.75,5000,26.303681,45250,3404.0,3400.0
2022-03-02 11:53:00,116.75,116.75,116.4,116.4,250,26.456564,45250,3402.35,3400.0
2022-03-02 11:54:00,118.35,118.35,114.2,118.35,1750,26.615147,46250,3404.75,3400.0
2022-03-02 11:55:00,117.05,117.2,117.05,117.2,500,26.468266,46250,3403.7,3400.0
2022-03-02 11:56:00,117.2,117.2,117.2,117.2,0,26.468266,46250,3402.85,3400.0
2022-03-02 11:57:00,117.2,117.2,117.2,117.2,0,26.468266,46250,3401.95,3400.0
2022-03-02 11:58:00,117.2,117.2,117.2,117.2,0,26.468266,46250,3402.0,3400.0
2022-03-02 11:59:00,117.2,117.2,117.2,117.2,0,26.468266,46250,3401.85,3400.0
2022-03-02 12:00:00,115.0,116.0,115.0,116.0,1000,26.420435,46250,3401.9,3400.0
2022-03-02 12:01:00,116.0,116.0,116.0,116.0,0,26.420435,46250,3402.75,3400.0
2022-03-02 12:02:00,115.85,115.85,115.85,115.85,250,25.166773,46250,3410.0,3400.0
2022-03-02 12:03:00,115.85,115.85,115.85,115.85,0,25.166773,46250,3409.9,3400.0
2022-03-02 12:04:00,115.85,115.85,115.85,115.85,0,25.166773,46250,3406.0,3400.0
2022-03-02 12:05:00,115.85,115.85,115.0,115.0,500,26.438747,46250,3400.0,3400.0
2022-03-02 12:06:00,115.0,115.0,115.0,115.0,500,26.114664,46500,3402.2,3400.0
2022-03-02 12:07:00,115.0,115.0,115.0,115.0,0,26.114664,46500,3406.0,3400.0
2022-03-02 12:08:00,115.0,118.35,115.0,118.35,250,26.479044,46500,3405.7,3400.0
2022-03-02 12:09:00,118.35,118.35,118.35,118.35,0,26.479044,46500,3403.7,3400.0
2022-03-02 12:10:00,118.35,118.35,118.35,118.35,0,26.479044,46500,3401.0,3400.0
2022-03-02 12:11:00,115.0,115.0,115.0,115.0,500,26.441173,46500,3400.0,3400.0
2022-03-02 12:12:00,115.0,115.0,114.65,114.65,750,26.172558,47000,3401.2,3400.0
2022-03-02 12:13:00,114.65,115.0,114.65,115.0,500,26.441982,47000,3400.0,3400.0
2022-03-02 12:14:00,115.0,115.0,115.0,115.0,0,26.441982,47000,3400.15,3400.0
2022-03-02 12:15:00,115.0,115.7,115.0,115.7,500,26.620009,47000,3400.05,3400.0
2022-03-02 12:16:00,115.7,115.7,115.7,115.7,0,26.620009,47000,3403.7,3400.0
2022-03-02 12:17:00,115.7,118.3,115.7,118.3,250,26.945378,47000,3402.5,3400.0
2022-03-02 12:18:00,118.3,118.3,115.75,115.75,1000,26.619717,47000,3400.15,3400.0
2022-03-02 12:19:00,115.75,115.75,115.75,115.75,0,26.619717,47000,3401.6,3400.0
2022-03-02 12:20:00,115.75,118.35,115.75,118.35,500,26.625749,47000,3404.75,3400.0
2022-03-02 12:21:00,118.35,118.35,118.35,118.35,0,26.625749,47000,3402.8,3400.0
2022-03-02 12:22:00,118.35,118.35,118.35,118.35,0,26.625749,47000,3399.95,3400.0
2022-03-02 12:23:00,116.7,116.7,116.6,116.6,1250,26.750287,46750,3400.8,3400.0
2022-03-02 12:24:00,116.6,118.35,116.6,118.35,250,26.842962,46750,3403.3,3400.0
2022-03-02 12:25:00,118.35,124.0,118.35,124.0,3000,27.347983,46750,3409.9,3400.0
2022-03-02 12:26:00,124.0,124.0,119.9,119.9,250,27.059785,46750,3404.6,3400.0
2022-03-02 12:27:00,119.9,119.9,119.9,119.9,0,27.059785,46750,3406.3,3400.0
2022-03-02 12:28:00,119.9,122.1,119.9,122.1,250,27.320716,45250,3406.75,3400.0
2022-03-02 12:29:00,122.1,122.1,121.6,121.6,500,27.561776,45250,3404.25,3400.0
2022-03-02 12:30:00,121.6,121.6,121.6,121.6,0,27.561776,45250,3402.1,3400.0
2022-03-02 12:31:00,121.6,121.6,119.2,119.2,250,27.637241,45250,3399.45,3400.0
2022-03-02 12:32:00,119.2,119.2,119.2,119.2,0,27.637241,45250,3402.75,3400.0
2022-03-02 12:33:00,119.2,120.95,119.2,120.95,250,27.798523,45250,3401.5,3400.0
2022-03-02 12:34:00,120.95,121.0,120.95,121.0,250,27.21945,45250,3405.5,3400.0
2022-03-02 12:35:00,121.0,121.0,121.0,121.0,0,27.21945,45250,3405.1,3400.0
2022-03-02 12:36:00,121.0,122.0,121.0,122.0,500,26.831092,45000,3409.85,3400.0
2022-03-02 12:37:00,122.0,122.0,121.75,122.0,500,26.959932,45000,3409.0,3400.0
2022-03-02 12:38:00,122.0,122.0,122.0,122.0,0,26.959932,45000,3408.75,3400.0
2022-03-02 12:39:00,122.0,122.0,122.0,122.0,0,26.959932,45000,3413.55,3420.0
2022-03-02 12:40:00,122.0,122.0,122.0,122.0,0,26.959932,45000,3414.55,3420.0
2022-03-02 12:41:00,122.0,122.0,122.0,122.0,0,26.959932,45000,3415.0,3420.0
2022-03-02 12:42:00,122.0,122.0,122.0,122.0,0,26.959932,45000,3414.0,3420.0
2022-03-02 12:43:00,109.75,115.0,109.75,115.0,250,27.051956,1000,3414.65,3420.0
2022-03-02 12:44:00,115.0,115.0,115.0,115.0,0,27.051956,1000,3414.0,3420.0
2022-03-02 12:45:00,115.0,115.0,115.0,115.0,0,27.051956,1000,3410.55,3420.0
2022-03-02 12:46:00,115.0,115.0,115.0,115.0,0,27.051956,1000,3406.5,3400.0
2022-03-02 12:47:00,115.0,115.0,115.0,115.0,0,27.051956,1000,3407.45,3400.0
2022-03-02 12:48:00,115.0,115.0,115.0,115.0,0,27.051956,1000,3401.35,3400.0
2022-03-02 12:49:00,125.95,125.95,122.2,122.2,500,27.468009,42750,3406.0,3400.0
2022-03-02 12:50:00,122.2,122.2,116.95,117.0,2500,26.888913,42750,3400.65,3400.0
2022-03-02 12:51:00,117.0,117.0,117.0,117.0,0,26.888913,42750,3401.75,3400.0
2022-03-02 12:52:00,117.0,117.0,117.0,117.0,0,26.888913,42750,3400.0,3400.0
2022-03-02 12:53:00,117.0,117.0,117.0,117.0,250,26.845975,43250,3400.95,3400.0
2022-03-02 12:54:00,117.0,117.0,117.0,117.0,0,26.845975,43250,3401.0,3400.0
2022-03-02 12:55:00,117.0,117.0,117.0,117.0,0,26.845975,43250,3401.0,3400.0
2022-03-02 12:56:00,117.0,117.0,117.0,117.0,0,26.845975,43250,3400.9,3400.0
2022-03-02 12:57:00,117.0,118.6,117.0,118.6,250,26.848275,43500,3403.8,3400.0
2022-03-02 12:58:00,119.25,119.25,119.25,119.25,250,26.53492,43500,3407.05,3400.0
2022-03-02 12:59:00,119.25,119.25,119.25,119.25,0,26.53492,43500,3411.45,3420.0
2022-03-02 13:00:00,119.25,119.25,119.25,119.25,0,26.53492,43500,3410.95,3420.0
2022-03-02 13:01:00,108.1,110.6,108.1,110.6,250,26.286559,750,3412.0,3420.0
2022-03-02 13:02:00,110.6,110.6,108.75,108.75,750,25.80254,750,3412.0,3420.0
2022-03-02 13:03:00,108.75,108.75,108.75,108.75,0,25.80254,750,3414.75,3420.0
2022-03-02 13:04:00,108.75,108.75,108.75,108.75,0,25.80254,750,3413.65,3420.0
2022-03-02 13:05:00,108.75,108.75,108.75,108.75,0,25.80254,750,3407.7,3400.0
2022-03-02 13:06:00,108.75,108.75,108.75,108.75,0,25.80254,750,3405.7,3400.0
2022-03-02 13:07:00,108.75,108.75,108.75,108.75,0,25.80254,750,3401.5,3400.0
2022-03-02 13:08:00,122.9,122.9,114.5,114.55,750,25.715839,45500,3404.25,3400.0
2022-03-02 13:09:00,115.3,115.3,115.25,115.25,500,26.146686,45250,3402.6,3400.0
2022-03-02 13:10:00,115.25,115.4,115.25,115.4,500,26.231171,45250,3402.3,3400.0
2022-03-02 13:11:00,115.4,115.4,115.4,115.4,0,26.231171,45250,3401.9,3400.0
2022-03-02 13:12:00,115.4,115.4,114.95,114.95,750,26.090915,45250,3402.45,3400.0
2022-03-02 13:13:00,114.95,114.95,113.0,113.0,2250,25.945881,44500,3399.95,3400.0
2022-03-02 13:14:00,113.0,113.0,113.0,113.0,0,25.945881,44500,3401.45,3400.0
2022-03-02 13:15:00,113.0,114.0,113.0,114.0,250,26.203213,44500,3400.0,3400.0
2022-03-02 13:16:00,114.0,114.7,113.0,114.7,1000,26.137589,44500,3401.7,3400.0
2022-03-02 13:17:00,114.7,117.15,114.7,117.15,750,26.532954,44500,3403.4,3400.0
2022-03-02 13:18:00,117.15,117.15,117.15,117.15,0,26.532954,44500,3406.55,3400.0
2022-03-02 13:19:00,117.15,118.2,117.15,118.2,1250,25.979091,44250,3408.95,3400.0
2022-03-02 13:20:00,118.2,118.2,118.2,118.2,0,25.979091,44250,3411.15,3420.0
2022-03-02 13:21:00,120.0,120.0,118.1,118.1,250,26.255174,44250,3406.95,3400.0
2022-03-02 13:22:00,118.1,118.1,118.1,118.1,0,26.255174,44250,3409.0,3400.0
2022-03-02 13:23:00,118.1,118.1,118.1,118.1,0,26.255174,44250,3407.7,3400.0
2022-03-02 13:24:00,118.1,118.1,118.1,118.1,0,26.255174,44250,3405.15,3400.0
2022-03-02 13:25:00,118.1,118.1,115.75,115.75,250,26.277766,44500,3402.65,3400.0
2022-03-02 13:26:00,115.75,115.75,115.75,115.75,0,26.277766,44500,3403.0,3400.0
2022-03-02 13:27:00,115.75,115.75,115.75,115.75,0,26.277766,44500,3401.25,3400.0
2022-03-02 13:28:00,115.75,115.75,115.0,115.0,250,26.206835,44500,3401.8,3400.0
2022-03-02 13:29:00,115.0,115.0,115.0,115.0,500,25.828219,44500,3404.35,3400.0
2022-03-02 13:30:00,115.0,115.0,115.0,115.0,0,25.828219,44500,3407.4,3400.0
2022-03-02 13:31:00,115.0,115.0,115.0,115.0,0,25.828219,44500,3408.0,3400.0
2022-03-02 13:32:00,115.0,115.0,115.0,115.0,0,25.828219,44500,3407.55,3400.0
2022-03-02 13:33:00,115.0,115.0,115.0,115.0,0,25.828219,44500,3410.9,3420.0
2022-03-02 13:34:00,115.0,115.0,115.0,115.0,0,25.828219,44500,3410.8,3420.0
2022-03-02 13:35:00,115.0,115.0,115.0,115.0,0,25.828219,44500,3412.9,3420.0
2022-03-02 13:36:00,119.25,119.25,119.25,119.25,750,26.104799,44250,3410.0,3400.0
2022-03-02 13:37:00,119.25,119.25,119.25,119.25,0,26.104799,44250,3410.0,3420.0
2022-03-02 13:38:00,119.25,119.25,119.25,119.25,0,26.104799,44250,3411.85,3420.0
2022-03-02 13:39:00,119.25,119.25,119.25,119.25,0,26.104799,44250,3411.8,3420.0
2022-03-02 13:40:00,119.25,119.25,119.25,119.25,0,26.104799,44250,3412.95,3420.0
2022-03-02 13:41:00,119.25,119.25,119.25,119.25,0,26.104799,44250,3411.95,3420.0
2022-03-02 13:42:00,119.25,119.25,119.25,119.25,0,26.104799,44250,3409.95,3400.0
2022-03-02 13:43:00,119.25,119.25,119.25,119.25,0,26.104799,44250,3413.7,3420.0
2022-03-02 13:44:00,119.25,119.25,119.25,119.25,0,26.104799,44250,3410.95,3420.0
2022-03-02 13:45:00,119.25,119.25,119.25,119.25,0,26.104799,44250,3412.0,3420.0
2022-03-02 13:46:00,119.25,119.25,119.25,119.25,0,26.104799,44250,3411.65,3420.0
2022-03-02 13:47:00,119.25,119.25,119.25,119.25,0,26.104799,44250,3412.35,3420.0
2022-03-02 13:48:00,119.25,119.25,119.25,119.25,0,26.104799,44250,3414.95,3420.0
2022-03-02 13:49:00,119.25,119.25,119.25,119.25,0,26.104799,44250,3412.95,3420.0
2022-03-02 13:50:00,119.25,119.25,119.25,119.25,0,26.104799,44250,3411.5,3420.0
2022-03-02 13:51:00,119.25,119.25,119.25,119.25,0,26.104799,44250,3410.35,3420.0
2022-03-02 13:52:00,119.25,119.25,119.25,119.25,0,26.104799,44250,3411.95,3420.0
2022-03-02 13:53:00,119.25,119.25,119.25,119.25,0,26.104799,44250,3413.8,3420.0
2022-03-02 13:54:00,119.25,119.25,119.25,119.25,0,26.104799,44250,3413.65,3420.0
2022-03-02 13:55:00,119.25,119.25,119.25,119.25,0,26.104799,44250,3410.4,3420.0
2022-03-02 13:56:00,119.25,119.25,119.25,119.25,0,26.104799,44250,3408.2,3400.0
2022-03-02 13:57:00,119.1,119.1,117.1,117.1,250,26.177844,43000,3405.8,3400.0
2022-03-02 13:58:00,117.1,117.1,115.05,115.05,250,25.972331,43000,3403.55,3400.0
2022-03-02 13:59:00,115.0,115.0,114.0,114.0,750,26.147265,43000,3400.5,3400.0
2022-03-02 14:00:00,113.0,114.15,113.0,113.3,2000,25.852041,42500,3401.25,3400.0
2022-03-02 14:01:00,113.3,113.3,110.35,110.35,1000,25.250488,42500,3400.05,3400.0
2022-03-02 14:02:00,110.35,110.35,110.0,110.0,500,25.099349,42500,3400.45,3400.0
2022-03-02 14:03:00,110.0,111.75,110.0,111.35,1750,25.137623,42750,3402.6,3400.0
2022-03-02 14:04:00,111.35,111.35,110.1,110.1,250,25.193005,42750,3400.0,3400.0
2022-03-02 14:05:00,110.1,110.2,110.1,110.2,250,25.131182,42750,3400.6,3400.0
2022-03-02 14:06:00,109.1,111.2,109.1,111.2,1250,25.017182,42250,3403.15,3400.0
2022-03-02 14:07:00,111.2,111.2,106.55,106.55,1000,25.516033,42250,3391.35,3400.0
2022-03-02 14:08:00,106.55,106.55,106.55,106.55,0,25.516033,42250,3386.35,3380.0
2022-03-02 14:09:00,106.55,106.55,106.55,106.55,0,25.516033,42250,3384.9,3380.0
2022-03-02 14:10:00,106.55,106.55,106.55,106.55,0,25.516033,42250,3379.45,3380.0
2022-03-02 14:11:00,106.55,106.55,106.55,106.55,0,25.516033,42250,3378.75,3380.0
2022-03-02 14:12:00,106.55,106.55,106.55,106.55,0,25.516033,42250,3373.2,3380.0
2022-03-02 14:13:00,106.55,106.55,106.55,106.55,0,25.516033,42250,3377.75,3380.0
2022-03-02 14:14:00,106.55,106.55,106.55,106.55,0,25.516033,42250,3375.95,3380.0
2022-03-02 14:15:00,106.55,106.55,106.55,106.55,0,25.516033,42250,3374.25,3380.0
2022-03-02 14:16:00,106.55,106.55,106.55,106.55,0,25.516033,42250,3379.0,3380.0
2022-03-02 14:17:00,106.55,106.55,106.55,106.55,0,25.516033,42250,3378.0,3380.0
2022-03-02 14:18:00,106.55,106.55,106.55,106.55,0,25.516033,42250,3376.35,3380.0
2022-03-02 14:19:00,106.55,106.55,106.55,106.55,0,25.516033,42250,3372.55,3380.0
2022-03-02 14:20:00,106.55,106.55,106.55,106.55,0,25.516033,42250,3371.95,3380.0
2022-03-02 14:21:00,106.55,106.55,106.55,106.55,0,25.516033,42250,3371.9,3380.0
2022-03-02 14:22:00,106.55,106.55,106.55,106.55,0,25.516033,42250,3365.3,3360.0
2022-03-02 14:23:00,106.55,106.55,106.55,106.55,0,25.516033,42250,3374.35,3380.0
2022-03-02 14:24:00,106.55,106.55,106.55,106.55,0,25.516033,42250,3372.5,3380.0
2022-03-02 14:25:00,106.55,106.55,106.55,106.55,0,25.516033,42250,3372.0,3380.0
2022-03-02 14:26:00,106.55,106.55,106.55,106.55,0,25.516033,42250,3374.0,3380.0
2022-03-02 14:27:00,106.55,106.55,106.55,106.55,0,25.516033,42250,3373.0,3380.0
2022-03-02 14:28:00,106.55,106.55,106.55,106.55,0,25.516033,42250,3380.9,3380.0
2022-03-02 14:29:00,106.55,106.55,106.55,106.55,0,25.516033,42250,3376.25,3380.0
2022-03-02 14:30:00,106.55,106.55,106.55,106.55,0,25.516033,42250,3379.05,3380.0
2022-03-02 14:31:00,106.55,106.55,106.55,106.55,0,25.516033,42250,3377.55,3380.0
2022-03-02 14:32:00,106.55,106.55,106.55,106.55,0,25.516033,42250,3377.9,3380.0
2022-03-02 14:33:00,106.55,106.55,106.55,106.55,0,25.516033,42250,3366.0,3360.0
2022-03-02 14:34:00,106.55,106.55,106.55,106.55,0,25.516033,42250,3369.45,3360.0
2022-03-02 14:35:00,106.55,106.55,106.55,106.55,0,25.516033,42250,3375.6,3380.0
2022-03-02 14:36:00,106.55,106.55,106.55,106.55,0,25.516033,42250,3377.0,3380.0
2022-03-02 14:37:00,106.55,106.55,106.55,106.55,0,25.516033,42250,3378.0,3380.0
2022-03-02 14:38:00,106.55,106.55,106.55,106.55,0,25.516033,42250,3376.8,3380.0
2022-03-02 14:39:00,106.55,106.55,106.55,106.55,0,25.516033,42250,3377.0,3380.0
2022-03-02 14:40:00,106.55,106.55,106.55,106.55,0,25.516033,42250,3377.0,3380.0
2022-03-02 14:41:00,106.55,106.55,106.55,106.55,0,25.516033,42250,3377.0,3380.0
2022-03-02 14:42:00,106.55,106.55,106.55,106.55,0,25.516033,42250,3379.95,3380.0
2022-03-02 14:43:00,106.55,106.55,106.55,106.55,0,25.516033,42250,3378.5,3380.0
2022-03-02 14:44:00,133.55,133.55,113.1,113.1,250,25.955306,500,3381.5,3380.0
2022-03-02 14:45:00,113.1,113.1,113.1,113.1,0,25.955306,500,3382.95,3380.0
2022-03-02 14:46:00,113.1,113.1,113.1,113.1,0,25.955306,500,3377.0,3380.0
2022-03-02 14:47:00,111.0,111.0,111.0,111.0,250,26.502098,750,3374.0,3380.0
2022-03-02 14:48:00,111.0,111.0,111.0,111.0,0,26.502098,750,3369.0,3360.0
2022-03-02 14:49:00,111.0,111.0,111.0,111.0,0,26.502098,750,3371.55,3380.0
2022-03-02 14:50:00,111.0,111.0,111.0,111.0,0,26.502098,750,3374.0,3380.0
2022-03-02 14:51:00,111.0,111.0,111.0,111.0,0,26.502098,750,3374.9,3380.0
2022-03-02 14:52:00,111.0,111.0,111.0,111.0,0,26.502098,750,3375.0,3380.0
2022-03-02 14:53:00,111.0,111.0,111.0,111.0,0,26.502098,750,3376.9,3380.0
2022-03-02 14:54:00,111.0,111.0,111.0,111.0,250,26.21327,1000,3376.0,3380.0
2022-03-02 14:55:00,111.0,111.0,111.0,111.0,0,26.21327,1000,3376.0,3380.0
2022-03-02 14:56:00,111.7,111.7,111.7,111.7,250,26.113749,1000,3377.95,3380.0
2022-03-02 14:57:00,111.7,111.7,111.7,111.7,0,26.113749,1000,3376.9,3380.0
2022-03-02 14:58:00,111.7,111.7,111.7,111.7,0,26.113749,1000,3376.85,3380.0
2022-03-02 14:59:00,111.7,111.7,111.7,111.7,0,26.113749,1000,3379.0,3380.0
2022-03-02 15:00:00,111.7,111.7,111.7,111.7,0,26.113749,1000,3379.7,3380.0
2022-03-02 15:01:00,111.7,111.7,111.7,111.7,0,26.113749,1000,3373.95,3380.0
2022-03-02 15:02:00,111.7,111.7,111.7,111.7,0,26.113749,1000,3370.75,3380.0
2022-03-02 15:03:00,111.7,111.7,111.7,111.7,0,26.113749,1000,3370.1,3380.0
2022-03-02 15:04:00,111.7,111.7,111.7,111.7,0,26.113749,1000,3376.85,3380.0
2022-03-02 15:05:00,111.7,111.7,111.7,111.7,0,26.113749,1000,3371.25,3380.0
2022-03-02 15:06:00,111.7,111.7,107.25,107.25,250,25.797419,1250,3372.05,3380.0
2022-03-02 15:07:00,107.25,107.25,107.25,107.25,0,25.797419,1250,3375.4,3380.0
2022-03-02 15:08:00,107.25,107.25,107.25,107.25,0,25.797419,1250,3374.25,3380.0
2022-03-02 15:09:00,107.25,107.25,107.25,107.25,0,25.797419,1250,3372.4,3380.0
2022-03-02 15:10:00,107.25,107.25,107.25,107.25,0,25.797419,1250,3371.15,3380.0
2022-03-02 15:11:00,107.25,107.25,107.25,107.25,0,25.797419,1250,3376.0,3380.0
2022-03-02 15:12:00,107.25,107.25,107.25,107.25,0,25.797419,1250,3372.25,3380.0
2022-03-02 15:13:00,107.25,107.25,107.25,107.25,0,25.797419,1250,3373.1,3380.0
2022-03-02 15:14:00,107.25,107.25,107.25,107.25,0,25.797419,1250,3374.6,3380.0
2022-03-02 15:15:00,107.25,107.25,107.25,107.25,0,25.797419,1250,3375.0,3380.0
2022-03-02 15:16:00,107.25,107.25,107.25,107.25,0,25.797419,1250,3370.5,3380.0
2022-03-02 15:17:00,107.25,107.25,107.25,107.25,0,25.797419,1250,3371.25,3380.0
2022-03-02 15:18:00,107.25,107.25,107.25,107.25,0,25.797419,1250,3369.25,3360.0
2022-03-02 15:19:00,107.25,107.25,107.25,107.25,0,25.797419,1250,3367.0,3360.0
2022-03-02 15:20:00,107.25,107.25,107.25,107.25,0,25.797419,1250,3370.0,3380.0
2022-03-02 15:21:00,107.25,107.25,107.25,107.25,0,25.797419,1250,3371.35,3380.0
2022-03-02 15:22:00,107.25,107.25,107.25,107.25,0,25.797419,1250,3376.65,3380.0
2022-03-02 15:23:00,107.25,107.25,107.25,107.25,0,25.797419,1250,3374.35,3380.0
2022-03-02 15:24:00,107.25,107.25,107.25,107.25,0,25.797419,1250,3371.7,3380.0
2022-03-02 15:25:00,116.0,116.0,116.0,116.0,250,25.850251,2000,3368.6,3360.0
2022-03-02 15:26:00,116.0,116.0,116.0,116.0,0,25.850251,2000,3369.1,3360.0
2022-03-02 15:27:00,116.0,116.0,116.0,116.0,0,25.850251,2000,3368.25,3360.0
2022-03-02 15:28:00,116.0,116.0,116.0,116.0,0,25.850251,2000,3367.15,3360.0
2022-03-02 15:29:00,116.0,116.0,116.0,116.0,0,25.850251,2000,3372.3,3380.0
2022-03-03 09:15:00,108.15,108.15,108.15,108.15,250,24.064985,3000,3388.1,3380.0
2022-03-03 09:16:00,101.05,104.0,101.05,104.0,2000,24.936613,52750,3393.8,3400.0
2022-03-03 09:17:00,104.0,104.0,104.0,104.0,0,24.936613,52750,3382.35,3380.0
2022-03-03 09:18:00,104.0,104.0,104.0,104.0,0,24.936613,52750,3386.55,3380.0
2022-03-03 09:19:00,102.05,103.2,102.05,103.2,2000,25.132092,54500,3391.0,3400.0
2022-03-03 09:20:00,103.2,103.2,103.2,103.2,0,25.132092,54500,3380.0,3380.0
2022-03-03 09:21:00,103.2,103.2,103.2,103.2,0,25.132092,54500,3381.95,3380.0
2022-03-03 09:22:00,103.2,103.2,103.2,103.2,0,25.132092,54500,3374.3,3380.0
2022-03-03 09:23:00,103.2,103.2,103.2,103.2,0,25.132092,54500,3367.1,3360.0
2022-03-03 09:24:00,103.2,103.2,103.2,103.2,0,25.132092,54500,3366.35,3360.0
2022-03-03 09:25:00,103.2,103.2,103.2,103.2,0,25.132092,54500,3366.95,3360.0
2022-03-03 09:26:00,103.2,103.2,103.2,103.2,0,25.132092,54500,3365.5,3360.0
2022-03-03 09:27:00,103.2,103.2,103.2,103.2,0,25.132092,54500,3368.0,3360.0
2022-03-03 09:28:00,103.2,103.2,103.2,103.2,0,25.132092,54500,3369.3,3360.0
2022-03-03 09:29:00,103.2,103.2,103.2,103.2,0,25.132092,54500,3367.65,3360.0
2022-03-03 09:30:00,103.2,103.2,103.2,103.2,0,25.132092,54500,3367.5,3360.0
2022-03-03 09:31:00,103.2,103.2,103.2,103.2,0,25.132092,54500,3362.6,3360.0
2022-03-03 09:32:00,103.2,103.2,103.2,103.2,0,25.132092,54500,3368.15,3360.0
2022-03-03 09:33:00,103.2,103.2,103.2,103.2,0,25.132092,54500,3372.0,3380.0
2022-03-03 09:34:00,103.2,103.2,103.2,103.2,0,25.132092,54500,3370.1,3380.0
2022-03-03 09:35:00,103.2,103.2,103.2,103.2,0,25.132092,54500,3363.95,3360.0
2022-03-03 09:36:00,103.2,103.2,103.2,103.2,0,25.132092,54500,3365.0,3360.0
2022-03-03 09:37:00,103.2,103.2,103.2,103.2,0,25.132092,54500,3365.55,3360.0
2022-03-03 09:38:00,103.2,103.2,103.2,103.2,0,25.132092,54500,3356.7,3360.0
2022-03-03 09:39:00,103.2,103.2,103.2,103.2,0,25.132092,54500,3367.0,3360.0
2022-03-03 09:40:00,103.2,103.2,103.2,103.2,0,25.132092,54500,3362.3,3360.0
2022-03-03 09:41:00,103.2,103.2,103.2,103.2,0,25.132092,54500,3363.95,3360.0
2022-03-03 09:42:00,103.2,103.2,103.2,103.2,0,25.132092,54500,3360.25,3360.0
2022-03-03 09:43:00,103.2,103.2,103.2,103.2,0,25.132092,54500,3355.95,3360.0
2022-03-03 09:44:00,103.2,103.2,103.2,103.2,0,25.132092,54500,3356.4,3360.0
2022-03-03 09:45:00,107.55,107.55,107.55,107.55,500,26.191372,2250,3354.2,3360.0
2022-03-03 09:46:00,107.55,107.55,107.55,107.55,0,26.191372,2250,3352.95,3360.0
2022-03-03 09:47:00,107.55,107.55,107.55,107.55,0,26.191372,2250,3351.7,3360.0
2022-03-03 09:48:00,107.55,107.55,107.55,107.55,0,26.191372,2250,3352.0,3360.0
2022-03-03 09:49:00,107.55,107.55,105.3,105.3,750,25.495115,2000,3354.8,3360.0
2022-03-03 09:50:00,105.3,110.75,105.3,110.75,500,26.253265,2500,3359.6,3360.0
2022-03-03 09:51:00,110.75,112.25,110.75,112.25,1250,26.297324,2500,3362.0,3360.0
2022-03-03 09:52:00,112.25,112.25,111.05,111.05,500,26.672932,2500,3357.35,3360.0
2022-03-03 09:53:00,110.0,110.0,109.35,109.35,1250,26.250429,4500,3357.1,3360.0
2022-03-03 09:54:00,109.35,109.35,109.35,109.35,0,26.250429,4500,3361.7,3360.0
2022-03-03 09:55:00,109.35,110.45,109.35,110.45,250,26.705655,4500,3356.05,3360.0
2022-03-03 09:56:00,109.6,109.6,107.55,107.55,750,26.106938,5500,3354.8,3360.0
2022-03-03 09:57:00,107.55,107.55,107.55,107.55,0,26.106938,5500,3355.8,3360.0
2022-03-03 09:58:00,107.55,107.55,107.55,107.55,0,26.106938,5500,3357.8,3360.0
2022-03-03 09:59:00,110.0,110.0,109.35,109.35,750,26.267848,5750,3357.0,3360.0
2022-03-03 10:00:00,109.35,109.35,109.35,109.35,0,26.267848,5750,3353.4,3360.0
2022-03-03 10:01:00,109.35,109.35,109.35,109.35,0,26.267848,5750,3353.35,3360.0
2022-03-03 10:02:00,109.35,109.35,109.35,109.35,0,26.267848,5750,3355.85,3360.0
2022-03-03 10:03:00,109.35,109.35,109.35,109.35,0,26.267848,5750,3354.35,3360.0
2022-03-03 10:04:00,109.35,109.35,109.35,109.35,0,26.267848,5750,3353.0,3360.0
2022-03-03 10:05:00,107.55,107.55,107.55,107.55,250,26.413853,6000,3352.75,3360.0
2022-03-03 10:06:00,107.55,107.55,106.4,106.4,250,26.360431,6250,3351.0,3360.0
2022-03-03 10:07:00,106.4,106.4,106.4,106.4,0,26.360431,6250,3349.85,3340.0
2022-03-03 10:08:00,119.15,119.15,117.95,117.95,250,27.572851,1000,3345.05,3340.0
2022-03-03 10:09:00,117.95,117.95,117.95,117.95,0,27.572851,1000,3348.1,3340.0
2022-03-03 10:10:00,117.95,117.95,117.95,117.95,0,27.572851,1000,3348.5,3340.0
2022-03-03 10:11:00,117.95,117.95,117.95,117.95,0,27.572851,1000,3349.95,3340.0
2022-03-03 10:12:00,117.95,117.95,117.95,117.95,0,27.572851,1000,3352.0,3360.0
2022-03-03 10:13:00,117.95,117.95,117.95,117.95,0,27.572851,1000,3352.8,3360.0
2022-03-03 10:14:00,117.95,117.95,117.95,117.95,0,27.572851,1000,3353.2,3360.0
2022-03-03 10:15:00,107.4,110.0,107.4,110.0,500,26.210816,7500,3358.6,3360.0
2022-03-03 10:16:00,110.0,110.0,110.0,110.0,250,26.540447,7500,3356.4,3360.0
2022-03-03 10:17:00,110.0,110.0,110.0,110.0,0,26.540447,7500,3355.05,3360.0
2022-03-03 10:18:00,110.0,110.0,110.0,110.0,0,26.540447,7500,3351.85,3360.0
2022-03-03 10:19:00,110.0,110.0,110.0,110.0,0,26.540447,7500,3351.7,3360.0
2022-03-03 10:20:00,110.0,110.0,110.0,110.0,0,26.540447,7500,3352.2,3360.0
2022-03-03 10:21:00,110.0,110.0,110.0,110.0,0,26.540447,7500,3351.45,3360.0
2022-03-03 10:22:00,110.0,110.0,110.0,110.0,0,26.540447,7500,3352.0,3360.0
2022-03-03 10:23:00,110.0,110.9,110.0,110.9,500,26.757254,7500,3356.6,3360.0
2022-03-03 10:24:00,110.9,110.9,110.9,110.9,0,26.757254,7500,3359.9,3360.0
2022-03-03 10:25:00,110.9,110.9,110.9,110.9,0,26.757254,7500,3363.0,3360.0
2022-03-03 10:26:00,110.9,110.9,110.9,110.9,0,26.757254,7500,3358.0,3360.0
2022-03-03 10:27:00,110.9,110.9,110.9,110.9,0,26.757254,7500,3356.45,3360.0
2022-03-03 10:28:00,110.9,110.9,110.9,110.9,0,26.757254,7500,3357.0,3360.0
2022-03-03 10:29:00,110.9,110.9,110.9,110.9,0,26.757254,7500,3360.75,3360.0
2022-03-03 10:30:00,110.9,110.9,110.9,110.9,0,26.757254,7500,3361.65,3360.0
2022-03-03 10:31:00,110.9,110.9,110.9,110.9,0,26.757254,7500,3362.0,3360.0
2022-03-03 10:32:00,110.9,110.9,110.9,110.9,0,26.757254,7500,3359.0,3360.0
2022-03-03 10:33:00,110.9,110.9,110.9,110.9,0,26.757254,7500,3361.5,3360.0
2022-03-03 10:34:00,110.9,110.9,110.9,110.9,0,26.757254,7500,3360.1,3360.0
2022-03-03 10:35:00,110.9,110.9,110.9,110.9,0,26.757254,7500,3360.6,3360.0
2022-03-03 10:36:00,110.9,110.9,110.9,110.9,0,26.757254,7500,3362.0,3360.0
2022-03-03 10:37:00,110.9,110.9,110.9,110.9,0,26.757254,7500,3362.95,3360.0
2022-03-03 10:38:00,110.9,110.9,110.9,110.9,0,26.757254,7500,3363.8,3360.0
2022-03-03 10:39:00,110.9,114.8,110.9,114.8,750,26.282769,7500,3366.75,3360.0
2022-03-03 10:40:00,114.8,114.8,114.8,114.8,0,26.282769,7500,3363.2,3360.0
2022-03-03 10:41:00,114.8,114.8,114.8,114.8,0,26.282769,7500,3360.2,3360.0
2022-03-03 10:42:00,114.8,114.8,114.8,114.8,0,26.282769,7500,3362.45,3360.0
2022-03-03 10:43:00,114.8,114.8,114.8,114.8,0,26.282769,7500,3358.0,3360.0
2022-03-03 10:44:00,114.8,114.8,112.0,112.0,250,26.682186,6750,3359.15,3360.0
2022-03-03 10:45:00,112.0,112.0,112.0,112.0,0,26.682186,6750,3359.05,3360.0
2022-03-03 10:46:00,112.0,112.0,112.0,112.0,0,26.682186,6750,3358.0,3360.0
2022-03-03 10:47:00,112.0,112.0,112.0,112.0,0,26.682186,6750,3356.1,3360.0
2022-03-03 10:48:00,111.6,111.6,111.6,111.6,250,27.638225,7000,3352.0,3360.0
2022-03-03 10:49:00,111.6,111.6,111.6,111.6,0,27.638225,7000,3354.1,3360.0
2022-03-03 10:50:00,111.6,111.6,111.6,111.6,0,27.638225,7000,3353.8,3360.0
2022-03-03 10:51:00,111.6,111.6,111.6,111.6,0,27.638225,7000,3349.5,3340.0
2022-03-03 10:52:00,111.6,111.6,111.6,111.6,0,27.638225,7000,3350.0,3360.0
2022-03-03 10:53:00,111.6,111.6,111.6,111.6,0,27.638225,7000,3349.7,3340.0
2022-03-03 10:54:00,111.6,111.6,111.6,111.6,0,27.638225,7000,3349.65,3340.0
2022-03-03 10:55:00,111.6,111.6,111.6,111.6,0,27.638225,7000,3345.8,3340.0
2022-03-03 10:56:00,111.6,111.6,111.6,111.6,0,27.638225,7000,3347.0,3340.0
2022-03-03 10:57:00,111.6,111.6,111.6,111.6,0,27.638225,7000,3348.0,3340.0
2022-03-03 10:58:00,111.6,111.6,111.6,111.6,0,27.638225,7000,3347.95,3340.0
2022-03-03 10:59:00,111.6,111.6,111.6,111.6,0,27.638225,7000,3348.0,3340.0
2022-03-03 11:00:00,111.6,111.6,111.6,111.6,0,27.638225,7000,3347.0,3340.0
2022-03-03 11:01:00,111.6,111.6,111.6,111.6,0,27.638225,7000,3354.2,3360.0
2022-03-03 11:02:00,111.6,111.6,111.6,111.6,0,27.638225,7000,3353.7,3360.0
2022-03-03 11:03:00,111.6,111.6,111.6,111.6,0,27.638225,7000,3354.0,3360.0
2022-03-03 11:04:00,111.6,111.6,111.6,111.6,0,27.638225,7000,3350.45,3360.0
2022-03-03 11:05:00,111.6,111.6,111.6,111.6,0,27.638225,7000,3348.1,3340.0
2022-03-03 11:06:00,111.6,111.6,111.6,111.6,0,27.638225,7000,3350.0,3360.0
2022-03-03 11:07:00,111.6,111.6,111.6,111.6,0,27.638225,7000,3351.5,3360.0
2022-03-03 11:08:00,111.6,111.6,111.6,111.6,0,27.638225,7000,3351.5,3360.0
2022-03-03 11:09:00,111.6,111.6,111.6,111.6,0,27.638225,7000,3349.1,3340.0
2022-03-03 11:10:00,111.6,111.6,111.6,111.6,0,27.638225,7000,3351.5,3360.0
2022-03-03 11:11:00,111.6,111.6,111.6,111.6,0,27.638225,7000,3353.4,3360.0
2022-03-03 11:12:00,111.6,111.6,111.6,111.6,0,27.638225,7000,3356.0,3360.0
2022-03-03 11:13:00,111.6,111.6,111.6,111.6,0,27.638225,7000,3357.2,3360.0
2022-03-03 11:14:00,111.6,111.6,111.6,111.6,0,27.638225,7000,3357.95,3360.0
2022-03-03 11:15:00,111.6,111.6,111.6,111.6,0,27.638225,7000,3350.35,3360.0
2022-03-03 11:16:00,111.6,111.6,111.6,111.6,0,27.638225,7000,3342.0,3340.0
2022-03-03 11:17:00,111.6,111.6,111.6,111.6,0,27.638225,7000,3348.55,3340.0
2022-03-03 11:18:00,111.6,111.6,111.6,111.6,0,27.638225,7000,3343.45,3340.0
2022-03-03 11:19:00,111.6,111.6,111.6,111.6,0,27.638225,7000,3341.95,3340.0
2022-03-03 11:20:00,111.6,111.6,111.6,111.6,0,27.638225,7000,3340.05,3340.0
2022-03-03 11:21:00,111.6,111.6,111.6,111.6,0,27.638225,7000,3333.35,3340.0
2022-03-03 11:22:00,111.6,111.6,111.6,111.6,0,27.638225,7000,3335.05,3340.0
2022-03-03 11:23:00,111.6,111.6,111.6,111.6,0,27.638225,7000,3335.2,3340.0
2022-03-03 11:24:00,111.6,111.6,111.6,111.6,0,27.638225,7000,3338.3,3340.0
2022-03-03 11:25:00,111.6,111.6,111.6,111.6,0,27.638225,7000,3339.5,3340.0
2022-03-03 11:26:00,118.0,118.0,118.0,118.0,250,28.322169,1000,3340.45,3340.0
2022-03-03 11:27:00,118.0,118.0,118.0,118.0,0,28.322169,1000,3341.0,3340.0
2022-03-03 11:28:00,118.0,118.0,118.0,118.0,0,28.322169,1000,3338.05,3340.0
2022-03-03 11:29:00,118.0,118.0,118.0,118.0,0,28.322169,1000,3336.95,3340.0
2022-03-03 11:30:00,118.0,118.0,118.0,118.0,0,28.322169,1000,3339.4,3340.0
2022-03-03 11:31:00,118.0,118.0,118.0,118.0,0,28.322169,1000,3339.2,3340.0
2022-03-03 11:32:00,118.0,118.0,118.0,118.0,0,28.322169,1000,3336.95,3340.0
2022-03-03 11:33:00,118.0,118.0,118.0,118.0,0,28.322169,1000,3337.0,3340.0
2022-03-03 11:34:00,118.0,118.0,118.0,118.0,0,28.322169,1000,3340.6,3340.0
2022-03-03 11:35:00,118.0,118.0,118.0,118.0,250,27.631743,1250,3345.0,3340.0
2022-03-03 11:36:00,118.0,118.0,118.0,118.0,0,27.631743,1250,3348.6,3340.0
2022-03-03 11:37:00,118.0,118.0,118.0,118.0,0,27.631743,1250,3347.8,3340.0
2022-03-03 11:38:00,118.0,118.0,118.0,118.0,0,27.631743,1250,3345.1,3340.0
2022-03-03 11:39:00,118.0,118.0,118.0,118.0,0,27.631743,1250,3346.7,3340.0
2022-03-03 11:40:00,118.0,118.0,118.0,118.0,0,27.631743,1250,3345.8,3340.0
2022-03-03 11:41:00,118.0,118.0,118.0,118.0,0,27.631743,1250,3345.65,3340.0
2022-03-03 11:42:00,118.0,118.0,118.0,118.0,0,27.631743,1250,3345.65,3340.0
2022-03-03 11:43:00,118.0,118.0,118.0,118.0,0,27.631743,1250,3345.45,3340.0
2022-03-03 11:44:00,118.0,118.0,118.0,118.0,0,27.631743,1250,3346.9,3340.0
2022-03-03 11:45:00,118.0,118.0,118.0,118.0,0,27.631743,1250,3346.0,3340.0
2022-03-03 11:46:00,118.0,118.0,118.0,118.0,0,27.631743,1250,3344.25,3340.0
2022-03-03 11:47:00,118.0,118.0,118.0,118.0,0,27.631743,1250,3345.0,3340.0
2022-03-03 11:48:00,118.0,118.0,118.0,118.0,0,27.631743,1250,3346.9,3340.0
2022-03-03 11:49:00,118.0,118.0,118.0,118.0,0,27.631743,1250,3345.05,3340.0
2022-03-03 11:50:00,118.0,118.0,118.0,118.0,0,27.631743,1250,3346.45,3340.0
2022-03-03 11:51:00,118.0,118.0,118.0,118.0,0,27.631743,1250,3343.6,3340.0
2022-03-03 11:52:00,118.0,118.0,118.0,118.0,0,27.631743,1250,3342.0,3340.0
2022-03-03 11:53:00,118.0,118.0,118.0,118.0,0,27.631743,1250,3339.0,3340.0
2022-03-03 11:54:00,118.0,118.0,118.0,118.0,0,27.631743,1250,3338.0,3340.0
2022-03-03 11:55:00,118.0,118.0,113.0,113.0,500,27.378748,1500,3337.75,3340.0
2022-03-03 11:56:00,113.0,113.0,113.0,113.0,0,27.378748,1500,3335.0,3340.0
2022-03-03 11:57:00,113.0,113.0,113.0,113.0,0,27.378748,1500,3335.1,3340.0
2022-03-03 11:58:00,113.0,113.0,113.0,113.0,0,27.378748,1500,3335.0,3340.0
2022-03-03 11:59:00,113.0,113.0,113.0,113.0,0,27.378748,1500,3335.0,3340.0
2022-03-03 12:00:00,113.0,113.0,113.0,113.0,0,27.378748,1500,3333.15,3340.0
2022-03-03 12:01:00,113.0,113.0,112.0,112.0,250,27.944386,1500,3332.15,3340.0
2022-03-03 12:02:00,112.0,112.0,112.0,112.0,0,27.944386,1500,3330.0,3320.0
2022-03-03 12:03:00,112.0,112.0,112.0,112.0,0,27.944386,1500,3330.0,3340.0
2022-03-03 12:04:00,112.0,112.0,112.0,112.0,0,27.944386,1500,3330.0,3340.0
2022-03-03 12:05:00,112.0,112.0,112.0,112.0,0,27.944386,1500,3330.0,3340.0
2022-03-03 12:06:00,112.0,112.0,112.0,112.0,0,27.944386,1500,3329.05,3320.0
2022-03-03 12:07:00,112.0,112.0,112.0,112.0,0,27.944386,1500,3329.45,3320.0
2022-03-03 12:08:00,112.0,112.0,112.0,112.0,0,27.944386,1500,3329.9,3320.0
2022-03-03 12:09:00,112.0,112.0,112.0,112.0,0,27.944386,1500,3329.55,3320.0
2022-03-03 12:10:00,112.0,112.0,112.0,112.0,0,27.944386,1500,3330.0,3340.0
2022-03-03 12:11:00,112.0,112.0,112.0,112.0,0,27.944386,1500,3328.0,3320.0
2022-03-03 12:12:00,112.0,112.0,112.0,112.0,0,27.944386,1500,3329.45,3320.0
2022-03-03 12:13:00,112.0,112.0,112.0,112.0,0,27.944386,1500,3328.3,3320.0
2022-03-03 12:14:00,112.0,112.0,112.0,112.0,0,27.944386,1500,3327.5,3320.0
2022-03-03 12:15:00,112.0,112.0,112.0,112.0,0,27.944386,1500,3329.05,3320.0
2022-03-03 12:16:00,112.0,112.0,112.0,112.0,0,27.944386,1500,3328.85,3320.0
2022-03-03 12:17:00,112.0,112.0,112.0,112.0,0,27.944386,1500,3325.15,3320.0
2022-03-03 12:18:00,112.0,112.0,112.0,112.0,0,27.944386,1500,3319.4,3320.0
2022-03-03 12:19:00,112.0,112.0,112.0,112.0,0,27.944386,1500,3317.8,3320.0
2022-03-03 12:20:00,112.0,112.0,112.0,112.0,0,27.944386,1500,3315.35,3320.0
2022-03-03 12:21:00,112.0,112.0,112.0,112.0,0,27.944386,1500,3314.0,3320.0
2022-03-03 12:22:00,112.0,112.0,112.0,112.0,0,27.944386,1500,3312.45,3320.0
2022-03-03 12:23:00,112.0,112.0,112.0,112.0,0,27.944386,1500,3313.55,3320.0
2022-03-03 12:24:00,112.0,112.0,112.0,112.0,0,27.944386,1500,3312.15,3320.0
2022-03-03 12:25:00,112.0,112.0,112.0,112.0,0,27.944386,1500,3314.95,3320.0
2022-03-03 12:26:00,112.0,112.0,112.0,112.0,0,27.944386,1500,3316.75,3320.0
2022-03-03 12:27:00,112.0,112.0,112.0,112.0,0,27.944386,1500,3317.85,3320.0
2022-03-03 12:28:00,112.0,112.0,112.0,112.0,0,27.944386,1500,3317.45,3320.0
2022-03-03 12:29:00,112.0,112.0,112.0,112.0,0,27.944386,1500,3317.25,3320.0
2022-03-03 12:30:00,112.0,112.0,112.0,112.0,0,27.944386,1500,3313.15,3320.0
2022-03-03 12:31:00,112.0,112.0,112.0,112.0,0,27.944386,1500,3312.95,3320.0
2022-03-03 12:32:00,112.0,112.0,112.0,112.0,0,27.944386,1500,3310.5,3320.0
2022-03-03 12:33:00,112.0,112.0,112.0,112.0,0,27.944386,1500,3312.0,3320.0
2022-03-03 12:34:00,112.0,112.0,112.0,112.0,0,27.944386,1500,3309.0,3300.0
2022-03-03 12:35:00,119.85,120.05,119.85,120.05,750,28.059258,3750,3308.5,3300.0
2022-03-03 12:36:00,120.05,120.05,120.05,120.05,0,28.059258,3750,3310.25,3320.0
2022-03-03 12:37:00,120.05,120.05,120.05,120.05,0,28.059258,3750,3307.9,3300.0
2022-03-03 12:38:00,120.05,120.05,120.05,120.05,0,28.059258,3750,3306.1,3300.0
2022-03-03 12:39:00,120.05,120.05,120.05,120.05,0,28.059258,3750,3307.4,3300.0
2022-03-03 12:40:00,120.05,120.05,120.05,120.05,0,28.059258,3750,3308.35,3300.0
2022-03-03 12:41:00,120.05,120.05,120.05,120.05,0,28.059258,3750,3308.85,3300.0
2022-03-03 12:42:00,120.05,120.05,120.05,120.05,0,28.059258,3750,3305.8,3300.0
2022-03-03 12:43:00,120.05,120.05,120.05,120.05,0,28.059258,3750,3306.2,3300.0
2022-03-03 12:44:00,120.05,120.05,120.05,120.05,0,28.059258,3750,3303.0,3300.0
2022-03-03 12:45:00,120.05,120.05,120.05,120.05,0,28.059258,3750,3300.5,3300.0
2022-03-03 12:46:00,120.05,120.05,120.05,120.05,0,28.059258,3750,3302.0,3300.0
2022-03-03 12:47:00,120.05,120.05,120.05,120.05,0,28.059258,3750,3305.2,3300.0
2022-03-03 12:48:00,120.05,120.05,120.05,120.05,0,28.059258,3750,3300.15,3300.0
2022-03-03 12:49:00,120.05,120.05,120.05,120.05,0,28.059258,3750,3298.35,3300.0
2022-03-03 12:50:00,120.05,120.05,118.55,118.55,250,28.969646,4250,3300.0,3300.0
2022-03-03 12:51:00,118.55,119.0,118.55,119.0,250,29.010163,4250,3300.55,3300.0
2022-03-03 12:52:00,118.55,118.55,118.55,118.55,250,29.123371,4250,3299.0,3300.0
2022-03-03 12:53:00,118.55,118.55,118.55,118.55,0,29.123371,4250,3300.0,3300.0
2022-03-03 12:54:00,118.55,118.55,118.55,118.55,0,29.123371,4250,3300.0,3300.0
2022-03-03 12:55:00,118.55,118.55,116.0,116.0,250,28.86134,4500,3296.1,3300.0
2022-03-03 12:56:00,116.0,116.0,113.2,113.2,500,28.571182,4500,3292.9,3300.0
2022-03-03 12:57:00,113.2,113.2,113.2,113.2,0,28.571182,4500,3295.85,3300.0
2022-03-03 12:58:00,113.2,113.2,113.2,113.2,0,28.571182,4500,3292.0,3300.0
2022-03-03 12:59:00,113.2,113.2,113.2,113.2,0,28.571182,4500,3293.65,3300.0
2022-03-03 13:00:00,113.2,113.2,113.2,113.2,0,28.571182,4500,3292.9,3300.0
2022-03-03 13:01:00,112.15,112.15,112.15,112.15,500,28.478306,4500,3291.6,3300.0
2022-03-03 13:02:00,113.25,113.25,113.25,113.25,250,28.729955,4500,3291.95,3300.0
2022-03-03 13:03:00,113.25,113.25,113.25,113.25,0,28.729955,4500,3292.55,3300.0
2022-03-03 13:04:00,113.25,116.0,113.25,116.0,500,28.324912,5000,3299.65,3300.0
2022-03-03 13:05:00,116.0,116.0,116.0,116.0,250,28.378906,5000,3299.3,3300.0
2022-03-03 13:06:00,116.0,116.0,116.0,116.0,0,28.378906,5000,3296.8,3300.0
2022-03-03 13:07:00,116.0,116.0,116.0,116.0,0,28.378906,5000,3296.8,3300.0
2022-03-03 13:08:00,116.0,116.0,115.8,115.8,250,28.530994,5750,3297.95,3300.0
2022-03-03 13:09:00,115.8,116.0,115.8,116.0,250,28.867577,6000,3296.1,3300.0
2022-03-03 13:10:00,116.0,116.0,116.0,116.0,0,28.867577,6000,3297.8,3300.0
2022-03-03 13:11:00,116.0,116.0,116.0,116.0,0,28.867577,6000,3299.0,3300.0
2022-03-03 13:12:00,116.0,116.0,116.0,116.0,0,28.867577,6000,3296.0,3300.0
2022-03-03 13:13:00,116.0,116.0,116.0,116.0,0,28.867577,6000,3299.6,3300.0
2022-03-03 13:14:00,116.0,116.0,112.4,112.4,250,27.395606,6250,3299.25,3300.0
2022-03-03 13:15:00,112.4,113.95,112.4,113.95,250,28.190361,6500,3296.85,3300.0
2022-03-03 13:16:00,112.85,112.85,112.85,112.85,250,27.559118,6500,3299.0,3300.0
2022-03-03 13:17:00,112.85,113.35,112.85,113.35,250,27.850473,6500,3298.0,3300.0
2022-03-03 13:18:00,113.35,113.35,113.35,113.35,250,28.207891,6750,3295.65,3300.0
2022-03-03 13:19:00,113.35,113.35,113.35,113.35,0,28.207891,6750,3297.85,3300.0
2022-03-03 13:20:00,113.35,113.35,113.35,113.35,0,28.207891,6750,3296.75,3300.0
2022-03-03 13:21:00,113.35,113.35,113.35,113.35,0,28.207891,6750,3291.0,3300.0
2022-03-03 13:22:00,113.35,113.35,110.0,110.0,250,27.983747,6750,3291.0,3300.0
2022-03-03 13:23:00,110.0,110.0,109.0,109.0,250,27.708157,6750,3291.0,3300.0
2022-03-03 13:24:00,110.0,110.5,110.0,110.5,1250,27.453628,7250,3295.45,3300.0
2022-03-03 13:25:00,110.5,110.5,110.5,110.5,0,27.453628,7250,3293.7,3300.0
2022-03-03 13:26:00,110.5,110.5,110.5,110.5,0,27.453628,7250,3291.0,3300.0
2022-03-03 13:27:00,110.5,110.5,110.5,110.5,0,27.453628,7250,3287.4,3280.0
2022-03-03 13:28:00,110.5,110.5,110.5,110.5,0,27.453628,7250,3285.5,3280.0
2022-03-03 13:29:00,110.5,110.5,110.5,110.5,0,27.453628,7250,3286.75,3280.0
2022-03-03 13:30:00,110.5,110.5,110.5,110.5,0,27.453628,7250,3285.95,3280.0
2022-03-03 13:31:00,106.4,111.85,106.4,111.85,250,28.251421,7750,3292.65,3300.0
2022-03-03 13:32:00,111.85,112.0,111.85,112.0,250,27.560129,7750,3297.5,3300.0
2022-03-03 13:33:00,112.0,112.0,112.0,112.0,1250,27.331463,8000,3299.0,3300.0
2022-03-03 13:34:00,114.0,114.0,114.0,114.0,1000,27.693164,8000,3300.25,3300.0
2022-03-03 13:35:00,114.0,114.0,113.0,113.0,750,27.601119,8000,3299.05,3300.0
2022-03-03 13:36:00,113.0,113.0,112.0,112.0,2000,27.48561,9750,3298.0,3300.0
2022-03-03 13:37:00,112.0,113.25,112.0,113.25,250,27.525465,9750,3300.0,3300.0
2022-03-03 13:38:00,113.25,113.25,113.25,113.25,0,27.525465,9750,3300.0,3300.0
2022-03-03 13:39:00,113.25,113.25,113.25,113.25,0,27.525465,9750,3300.0,3300.0
2022-03-03 13:40:00,113.0,113.95,113.0,113.95,750,28.026281,10250,3298.0,3300.0
2022-03-03 13:41:00,112.0,112.0,112.0,112.0,750,27.943362,10250,3295.0,3300.0
2022-03-03 13:42:00,112.0,112.0,112.0,112.0,250,27.617731,10250,3297.15,3300.0
2022-03-03 13:43:00,112.0,112.0,112.0,112.0,0,27.617731,10250,3299.95,3300.0
2022-03-03 13:44:00,112.0,112.0,112.0,112.0,0,27.617731,10250,3298.6,3300.0
2022-03-03 13:45:00,112.0,112.0,112.0,112.0,0,27.617731,10250,3300.0,3300.0
2022-03-03 13:46:00,113.65,113.65,113.65,113.65,500,27.647636,11000,3299.95,3300.0
2022-03-03 13:47:00,113.65,113.65,113.65,113.65,0,27.647636,11000,3299.95,3300.0
2022-03-03 13:48:00,113.65,113.65,113.65,113.65,0,27.647636,11000,3300.0,3300.0
2022-03-03 13:49:00,113.65,113.65,113.65,113.65,0,27.647636,11000,3300.0,3300.0
2022-03-03 13:50:00,113.65,113.65,113.2,113.2,250,27.517238,11500,3300.0,3300.0
2022-03-03 13:51:00,113.1,113.4,113.0,113.4,1000,27.572982,11750,3300.0,3300.0
2022-03-03 13:52:00,113.4,113.4,113.4,113.4,0,27.572982,11750,3297.95,3300.0
2022-03-03 13:53:00,113.4,113.4,113.0,113.0,750,27.463216,11750,3300.0,3300.0
2022-03-03 13:54:00,113.0,113.0,113.0,113.0,0,27.463216,11750,3300.0,3300.0
2022-03-03 13:55:00,113.0,113.0,113.0,113.0,0,27.463216,11750,3300.0,3300.0
2022-03-03 13:56:00,113.0,113.0,113.0,113.0,0,27.463216,11750,3300.0,3300.0
2022-03-03 13:57:00,113.0,113.0,113.0,113.0,0,27.463216,11750,3299.25,3300.0
2022-03-03 13:58:00,113.0,113.0,113.0,113.0,250,27.465367,12000,3300.0,3300.0
2022-03-03 13:59:00,113.0,113.0,113.0,113.0,0,27.465367,12000,3300.0,3300.0
2022-03-03 14:00:00,113.0,113.0,113.0,113.0,0,27.465367,12000,3299.85,3300.0
2022-03-03 14:01:00,113.0,113.0,113.0,113.0,250,27.826194,12250,3297.65,3300.0
2022-03-03 14:02:00,113.0,113.0,112.0,112.0,250,27.496789,12250,3298.0,3300.0
2022-03-03 14:03:00,112.0,112.0,112.0,112.0,500,27.695237,12250,3296.7,3300.0
2022-03-03 14:04:00,112.0,112.0,111.85,111.85,250,27.623798,12750,3296.9,3300.0
2022-03-03 14:05:00,111.85,111.85,111.85,111.85,0,27.623798,12750,3290.65,3300.0
2022-03-03 14:06:00,111.85,111.85,111.85,111.85,0,27.623798,12750,3292.4,3300.0
2022-03-03 14:07:00,110.0,110.0,110.0,110.0,250,27.613326,12500,3293.6,3300.0
2022-03-03 14:08:00,110.0,110.0,110.0,110.0,0,27.613326,12500,3288.85,3280.0
2022-03-03 14:09:00,110.0,110.0,110.0,110.0,0,27.613326,12500,3289.35,3280.0
2022-03-03 14:10:00,110.0,110.0,110.0,110.0,0,27.613326,12500,3281.0,3280.0
2022-03-03 14:11:00,110.0,110.0,110.0,110.0,0,27.613326,12500,3282.9,3280.0
2022-03-03 14:12:00,110.0,110.0,110.0,110.0,0,27.613326,12500,3288.8,3280.0
2022-03-03 14:13:00,110.0,110.0,110.0,110.0,0,27.613326,12500,3286.2,3280.0
2022-03-03 14:14:00,110.0,110.0,110.0,110.0,0,27.613326,12500,3293.85,3300.0
2022-03-03 14:15:00,110.0,110.0,110.0,110.0,0,27.613326,12500,3282.85,3280.0
2022-03-03 14:16:00,110.0,110.0,110.0,110.0,0,27.613326,12500,3289.65,3280.0
2022-03-03 14:17:00,110.0,110.0,110.0,110.0,0,27.613326,12500,3290.0,3300.0
2022-03-03 14:18:00,110.0,110.0,110.0,110.0,0,27.613326,12500,3289.0,3280.0
2022-03-03 14:19:00,110.0,110.0,110.0,110.0,0,27.613326,12500,3289.9,3280.0
2022-03-03 14:20:00,110.0,110.0,110.0,110.0,0,27.613326,12500,3285.0,3280.0
2022-03-03 14:21:00,110.0,110.0,110.0,110.0,0,27.613326,12500,3290.9,3300.0
2022-03-03 14:22:00,104.9,110.45,104.9,110.45,250,27.449533,13000,3295.55,3300.0
2022-03-03 14:23:00,111.1,111.1,110.0,110.0,1000,27.627743,13000,3293.55,3300.0
2022-03-03 14:24:00,110.0,110.0,109.15,109.15,250,27.022748,13000,3296.0,3300.0
2022-03-03 14:25:00,110.0,110.0,109.15,109.15,750,26.909133,13750,3296.75,3300.0
2022-03-03 14:26:00,109.15,109.15,109.15,109.15,0,26.909133,13750,3296.7,3300.0
2022-03-03 14:27:00,109.15,109.15,109.15,109.15,0,26.909133,13750,3294.0,3300.0
2022-03-03 14:28:00,109.15,109.15,109.15,109.15,0,26.909133,13750,3285.9,3280.0
2022-03-03 14:29:00,109.15,109.15,109.15,109.15,0,26.909133,13750,3282.0,3280.0
2022-03-03 14:30:00,109.15,109.15,109.15,109.15,0,26.909133,13750,3293.0,3300.0
2022-03-03 14:31:00,104.55,109.4,104.55,109.4,250,26.72891,14500,3298.4,3300.0
2022-03-03 14:32:00,110.85,110.85,110.85,110.85,250,27.283196,14500,3297.4,3300.0
2022-03-03 14:33:00,110.85,110.85,110.05,110.6,500,26.51521,14250,3301.95,3300.0
2022-03-03 14:34:00,111.8,113.7,111.8,113.7,1000,26.91561,14250,3304.9,3300.0
2022-03-03 14:35:00,113.4,113.4,113.4,113.4,500,26.605692,14250,3306.35,3300.0
2022-03-03 14:36:00,112.65,112.65,112.65,112.65,750,26.55497,14250,3305.35,3300.0
2022-03-03 14:37:00,112.65,112.65,111.8,111.8,250,26.980622,14500,3301.1,3300.0
2022-03-03 14:38:00,111.8,111.8,111.8,111.8,0,26.980622,14500,3302.7,3300.0
2022-03-03 14:39:00,111.8,111.8,111.8,111.8,0,26.980622,14500,3301.25,3300.0
2022-03-03 14:40:00,109.5,109.5,109.5,109.5,250,26.614683,14750,3299.35,3300.0
2022-03-03 14:41:00,109.5,109.5,109.5,109.5,0,26.614683,14750,3295.5,3300.0
2022-03-03 14:42:00,108.0,108.0,108.0,108.0,250,27.083141,14750,3293.55,3300.0
2022-03-03 14:43:00,108.0,108.0,108.0,108.0,0,27.083141,14750,3296.95,3300.0
2022-03-03 14:44:00,108.0,108.0,106.9,106.9,500,26.25668,15250,3297.0,3300.0
2022-03-03 14:45:00,107.95,107.95,107.95,107.95,250,27.123318,15250,3293.2,3300.0
2022-03-03 14:46:00,107.95,107.95,107.95,107.95,0,27.123318,15250,3294.15,3300.0
2022-03-03 14:47:00,107.05,107.05,107.05,107.05,250,26.641358,15500,3294.75,3300.0
2022-03-03 14:48:00,107.05,107.05,105.5,105.75,1500,26.357977,15500,3294.25,3300.0
2022-03-03 14:49:00,105.75,107.1,105.75,107.1,250,26.686289,15500,3294.55,3300.0
2022-03-03 14:50:00,107.1,107.25,107.1,107.25,250,26.302579,15500,3297.35,3300.0
2022-03-03 14:51:00,107.25,107.25,107.25,107.25,0,26.302579,15500,3300.0,3300.0
2022-03-03 14:52:00,107.25,107.25,107.25,107.25,0,26.302579,15500,3295.65,3300.0
2022-03-03 14:53:00,107.25,107.25,107.25,107.25,0,26.302579,15500,3299.3,3300.0
2022-03-03 14:54:00,107.25,107.25,107.25,107.25,0,26.302579,15500,3301.4,3300.0
2022-03-03 14:55:00,108.9,108.9,108.8,108.8,500,26.48097,16000,3299.0,3300.0
2022-03-03 14:56:00,108.8,108.8,104.75,104.75,750,25.559666,16000,3297.7,3300.0
2022-03-03 14:57:00,104.75,106.4,104.75,106.4,250,25.848119,16000,3298.8,3300.0
2022-03-03 14:58:00,106.55,106.55,106.55,106.55,250,25.867012,16250,3298.95,3300.0
2022-03-03 14:59:00,106.55,106.55,106.0,106.0,250,26.287799,16250,3295.2,3300.0
2022-03-03 15:00:00,106.0,106.0,106.0,106.0,0,26.287799,16250,3295.95,3300.0
2022-03-03 15:01:00,106.5,106.5,106.5,106.5,500,26.706642,16750,3293.35,3300.0
2022-03-03 15:02:00,106.5,106.5,102.5,102.5,500,25.449807,16750,3294.35,3300.0
2022-03-03 15:03:00,102.5,102.5,102.5,102.5,0,25.449807,16750,3291.1,3300.0
2022-03-03 15:04:00,102.5,103.45,102.5,103.45,250,25.087913,16750,3298.45,3300.0
2022-03-03 15:05:00,103.45,103.45,103.45,103.45,0,25.087913,16750,3293.9,3300.0
2022-03-03 15:06:00,103.45,103.45,103.45,103.45,0,25.087913,16750,3289.0,3280.0
2022-03-03 15:07:00,103.45,103.45,103.45,103.45,0,25.087913,16750,3289.95,3280.0
2022-03-03 15:08:00,102.45,102.45,102.45,102.45,250,25.785453,16750,3292.05,3300.0
2022-03-03 15:09:00,102.45,102.45,102.45,102.45,0,25.785453,16750,3285.75,3280.0
2022-03-03 15:10:00,102.45,102.45,102.45,102.45,0,25.785453,16750,3282.95,3280.0
2022-03-03 15:11:00,102.45,102.45,102.45,102.45,0,25.785453,16750,3290.5,3300.0
2022-03-03 15:12:00,100.05,104.25,100.05,104.25,500,25.975773,16750,3294.1,3300.0
2022-03-03 15:13:00,104.25,105.85,104.25,105.0,1250,26.100377,17500,3294.65,3300.0
2022-03-03 15:14:00,105.0,105.3,105.0,105.3,250,25.795761,17500,3297.2,3300.0
2022-03-03 15:15:00,105.3,106.25,105.3,106.25,250,26.150692,17500,3296.6,3300.0
2022-03-03 15:16:00,107.25,107.25,106.0,106.0,750,26.173308,17500,3296.0,3300.0
2022-03-03 15:17:00,106.0,106.0,106.0,106.0,0,26.173308,17500,3298.25,3300.0
2022-03-03 15:18:00,106.0,108.0,106.0,108.0,500,26.269091,17500,3299.0,3300.0
2022-03-03 15:19:00,108.0,108.5,108.0,108.5,1250,25.687814,18750,3303.65,3300.0
2022-03-03 15:20:00,108.5,108.5,108.5,108.5,0,25.687814,18750,3303.0,3300.0
2022-03-03 15:21:00,108.5,108.5,107.85,107.85,500,25.578592,18750,3303.2,3300.0
2022-03-03 15:22:00,107.85,107.85,107.85,107.85,0,25.578592,18750,3304.0,3300.0
2022-03-03 15:23:00,107.85,107.85,107.85,107.85,0,25.578592,18750,3310.0,3320.0
2022-03-03 15:24:00,107.85,112.75,107.85,112.75,250,26.485288,19000,3306.1,3300.0
2022-03-03 15:25:00,107.9,107.9,107.9,107.9,500,25.225764,19000,3305.55,3300.0
2022-03-03 15:26:00,107.9,107.9,107.9,107.9,0,25.225764,19000,3312.25,3320.0
2022-03-03 15:27:00,107.9,107.9,107.9,107.9,0,25.225764,19000,3311.35,3320.0
2022-03-03 15:28:00,112.0,112.0,112.0,112.0,250,26.034387,19000,3307.65,3300.0
2022-03-03 15:29:00,109.95,109.95,109.95,109.95,250,27.104279,19000,3297.1,3300.0
2022-03-04 10:10:00,123.15,123.15,123.15,123.15,250,31.018332,0,3224.3,3220.0
2022-03-04 10:11:00,123.15,123.15,123.15,123.15,0,31.018332,0,3226.9,3220.0
2022-03-04 10:12:00,123.15,123.15,123.15,123.15,0,31.018332,0,3224.35,3220.0
2022-03-04 10:13:00,123.15,123.15,123.15,123.15,0,31.018332,0,3227.7,3220.0
2022-03-04 10:14:00,123.15,123.15,123.15,123.15,0,31.018332,0,3225.8,3220.0
2022-03-04 10:15:00,123.15,123.15,123.15,123.15,0,31.018332,0,3225.5,3220.0
2022-03-04 10:16:00,123.15,123.15,123.15,123.15,0,31.018332,0,3228.0,3220.0
2022-03-04 10:17:00,123.15,123.15,123.15,123.15,0,31.018332,0,3233.5,3240.0
2022-03-04 10:18:00,123.15,123.15,123.15,123.15,0,31.018332,0,3234.55,3240.0
2022-03-04 10:19:00,123.15,123.15,123.15,123.15,0,31.018332,0,3234.55,3240.0
2022-03-04 10:20:00,123.15,123.15,123.15,123.15,0,31.018332,0,3236.45,3240.0
2022-03-04 10:21:00,123.15,123.15,123.15,123.15,0,31.018332,0,3235.0,3240.0
2022-03-04 10:22:00,123.15,123.15,123.15,123.15,0,31.018332,0,3231.05,3240.0
2022-03-04 10:23:00,123.15,123.15,123.15,123.15,0,31.018332,0,3225.55,3220.0
2022-03-04 10:24:00,123.15,123.15,123.15,123.15,0,31.018332,0,3226.45,3220.0
2022-03-04 10:25:00,123.15,123.15,123.15,123.15,0,31.018332,0,3226.25,3220.0
2022-03-04 10:26:00,123.15,123.15,123.15,123.15,0,31.018332,0,3225.1,3220.0
2022-03-04 10:27:00,123.15,123.15,123.15,123.15,0,31.018332,0,3225.6,3220.0
2022-03-04 10:28:00,123.15,123.15,123.15,123.15,0,31.018332,0,3225.15,3220.0
2022-03-04 10:29:00,123.15,123.15,123.15,123.15,0,31.018332,0,3225.0,3220.0
2022-03-04 10:30:00,123.15,123.15,123.15,123.15,0,31.018332,0,3225.0,3220.0
2022-03-04 10:31:00,123.15,123.15,123.15,123.15,0,31.018332,0,3226.45,3220.0
2022-03-04 10:32:00,123.15,123.15,123.15,123.15,0,31.018332,0,3226.7,3220.0
2022-03-04 10:33:00,123.15,123.15,123.15,123.15,0,31.018332,0,3225.9,3220.0
2022-03-04 10:34:00,123.15,123.15,123.15,123.15,0,31.018332,0,3225.25,3220.0
2022-03-04 10:35:00,123.15,123.15,123.15,123.15,0,31.018332,0,3220.0,3220.0
2022-03-04 10:36:00,123.15,123.15,123.15,123.15,0,31.018332,0,3222.4,3220.0
2022-03-04 10:37:00,123.15,123.15,123.15,123.15,0,31.018332,0,3230.2,3240.0
2022-03-04 10:38:00,123.15,123.15,123.15,123.15,0,31.018332,0,3236.6,3240.0
2022-03-04 10:39:00,123.15,123.15,123.15,123.15,0,31.018332,0,3235.4,3240.0
2022-03-04 10:40:00,123.15,123.15,123.15,123.15,0,31.018332,0,3236.45,3240.0
2022-03-04 10:41:00,123.15,123.15,123.15,123.15,0,31.018332,0,3236.15,3240.0
2022-03-04 10:42:00,123.15,123.15,123.15,123.15,0,31.018332,0,3236.1,3240.0
2022-03-04 10:43:00,123.15,123.15,123.15,123.15,0,31.018332,0,3236.85,3240.0
2022-03-04 10:44:00,123.15,123.15,123.15,123.15,0,31.018332,0,3237.0,3240.0
2022-03-04 10:45:00,123.15,123.15,123.15,123.15,0,31.018332,0,3236.65,3240.0
2022-03-04 10:46:00,113.3,117.3,113.3,117.3,250,30.161997,1000,3237.9,3240.0
2022-03-04 10:47:00,117.3,117.3,117.3,117.3,0,30.161997,1000,3239.0,3240.0
2022-03-04 10:48:00,117.3,117.3,117.3,117.3,0,30.161997,1000,3240.75,3240.0
2022-03-04 10:49:00,117.3,119.65,117.3,119.65,250,30.72509,1000,3238.6,3240.0
2022-03-04 10:50:00,119.65,119.65,119.65,119.65,0,30.72509,1000,3240.75,3240.0
2022-03-04 10:51:00,119.65,119.65,119.65,119.65,0,30.72509,1000,3238.15,3240.0
2022-03-04 10:52:00,119.65,119.65,119.65,119.65,0,30.72509,1000,3233.55,3240.0
2022-03-04 10:53:00,119.65,119.65,119.65,119.65,0,30.72509,1000,3234.35,3240.0
2022-03-04 10:54:00,119.65,119.65,119.65,119.65,0,30.72509,1000,3233.15,3240.0
2022-03-04 10:55:00,119.65,119.65,119.65,119.65,0,30.72509,1000,3228.85,3220.0
2022-03-04 10:56:00,119.65,119.65,119.65,119.65,0,30.72509,1000,3229.45,3220.0
2022-03-04 10:57:00,119.65,119.65,119.65,119.65,0,30.72509,1000,3226.0,3220.0
2022-03-04 10:58:00,119.65,119.65,119.65,119.65,0,30.72509,1000,3219.9,3220.0
2022-03-04 10:59:00,119.65,119.65,119.65,119.65,0,30.72509,1000,3221.35,3220.0
2022-03-04 11:00:00,119.65,119.65,119.65,119.65,0,30.72509,1000,3225.0,3220.0
2022-03-04 11:01:00,119.65,119.65,119.65,119.65,0,30.72509,1000,3217.9,3220.0
2022-03-04 11:02:00,119.65,119.65,119.65,119.65,0,30.72509,1000,3222.15,3220.0
2022-03-04 11:03:00,119.65,119.65,119.65,119.65,0,30.72509,1000,3221.4,3220.0
2022-03-04 11:04:00,119.65,119.65,119.65,119.65,0,30.72509,1000,3218.45,3220.0
2022-03-04 11:05:00,119.65,119.65,119.65,119.65,0,30.72509,1000,3219.9,3220.0
2022-03-04 11:06:00,119.65,119.65,119.65,119.65,0,30.72509,1000,3219.7,3220.0
2022-03-04 11:07:00,119.65,119.65,119.65,119.65,0,30.72509,1000,3216.05,3220.0
2022-03-04 11:08:00,119.65,119.65,119.65,119.65,0,30.72509,1000,3219.85,3220.0
2022-03-04 11:09:00,119.65,119.65,119.65,119.65,0,30.72509,1000,3212.0,3220.0
2022-03-04 11:10:00,119.65,119.65,119.65,119.65,0,30.72509,1000,3213.05,3220.0
2022-03-04 11:11:00,116.05,116.05,116.05,116.05,250,30.496526,0,3214.9,3220.0
2022-03-04 11:12:00,116.05,116.05,116.05,116.05,0,30.496526,0,3216.2,3220.0
2022-03-04 11:13:00,116.05,116.05,116.05,116.05,0,30.496526,0,3217.3,3220.0
2022-03-04 11:14:00,116.05,116.05,116.05,116.05,0,30.496526,0,3214.0,3220.0
2022-03-04 11:15:00,116.05,116.05,116.05,116.05,0,30.496526,0,3222.35,3220.0
2022-03-04 11:16:00,116.05,116.05,116.05,116.05,0,30.496526,0,3220.25,3220.0
2022-03-04 11:17:00,116.05,116.05,116.05,116.05,0,30.496526,0,3222.15,3220.0
2022-03-04 11:18:00,116.05,116.05,116.05,116.05,0,30.496526,0,3221.35,3220.0
2022-03-04 11:19:00,116.05,116.05,116.05,116.05,0,30.496526,0,3224.7,3220.0
2022-03-04 11:20:00,116.05,116.05,116.05,116.05,0,30.496526,0,3221.9,3220.0
2022-03-04 11:21:00,116.05,116.05,116.05,116.05,0,30.496526,0,3216.1,3220.0
2022-03-04 11:22:00,116.05,116.05,116.05,116.05,0,30.496526,0,3221.7,3220.0
2022-03-04 11:23:00,120.05,120.05,120.05,120.05,250,30.601799,250,3221.55,3220.0
2022-03-04 11:24:00,120.05,120.05,120.05,120.05,0,30.601799,250,3225.0,3220.0
2022-03-04 11:25:00,120.05,120.05,120.05,120.05,0,30.601799,250,3224.05,3220.0
2022-03-04 11:26:00,120.05,120.05,120.05,120.05,0,30.601799,250,3220.0,3220.0
2022-03-04 11:27:00,120.05,120.05,120.05,120.05,0,30.601799,250,3224.1,3220.0
2022-03-04 11:28:00,120.05,120.05,120.05,120.05,0,30.601799,250,3224.0,3220.0
2022-03-04 11:29:00,120.05,120.05,120.05,120.05,0,30.601799,250,3222.0,3220.0
2022-03-04 11:30:00,120.05,120.05,120.05,120.05,0,30.601799,250,3226.6,3220.0
2022-03-04 11:31:00,120.05,120.05,120.05,120.05,0,30.601799,250,3226.95,3220.0
2022-03-04 11:32:00,120.05,120.05,120.05,120.05,0,30.601799,250,3223.3,3220.0
2022-03-04 11:33:00,120.05,120.05,120.05,120.05,0,30.601799,250,3229.75,3220.0
2022-03-04 11:34:00,120.05,120.05,120.05,120.05,0,30.601799,250,3228.45,3220.0
2022-03-04 11:35:00,120.05,120.05,120.05,120.05,0,30.601799,250,3232.9,3240.0
2022-03-04 11:36:00,115.4,115.4,115.4,115.4,250,29.697408,1000,3237.55,3240.0
2022-03-04 11:37:00,115.4,115.4,115.4,115.4,0,29.697408,1000,3237.0,3240.0
2022-03-04 11:38:00,115.4,115.4,115.4,115.4,0,29.697408,1000,3234.75,3240.0
2022-03-04 11:39:00,115.4,115.4,115.4,115.4,0,29.697408,1000,3234.0,3240.0
2022-03-04 11:40:00,115.4,115.4,115.4,115.4,0,29.697408,1000,3232.4,3240.0
2022-03-04 11:41:00,115.4,115.4,115.4,115.4,0,29.697408,1000,3233.65,3240.0
2022-03-04 11:42:00,115.4,115.4,115.4,115.4,0,29.697408,1000,3232.25,3240.0
2022-03-04 11:43:00,115.4,115.4,115.4,115.4,0,29.697408,1000,3233.15,3240.0
2022-03-04 11:44:00,115.4,115.4,115.4,115.4,0,29.697408,1000,3237.55,3240.0
2022-03-04 11:45:00,115.4,115.4,115.4,115.4,0,29.697408,1000,3240.1,3240.0
2022-03-04 11:46:00,115.4,115.4,115.4,115.4,0,29.697408,1000,3241.35,3240.0
2022-03-04 11:47:00,115.4,115.4,115.4,115.4,0,29.697408,1000,3244.25,3240.0
2022-03-04 11:48:00,115.4,115.4,115.4,115.4,0,29.697408,1000,3242.9,3240.0
2022-03-04 11:49:00,115.4,115.4,115.4,115.4,0,29.697408,1000,3243.75,3240.0
2022-03-04 11:50:00,115.4,115.4,115.4,115.4,0,29.697408,1000,3247.25,3240.0
2022-03-04 11:51:00,115.4,115.4,115.4,115.4,0,29.697408,1000,3247.35,3240.0
2022-03-04 11:52:00,115.4,115.4,115.4,115.4,0,29.697408,1000,3247.3,3240.0
2022-03-04 11:53:00,115.4,115.4,115.4,115.4,0,29.697408,1000,3249.45,3240.0
2022-03-04 11:54:00,115.4,115.4,115.4,115.4,0,29.697408,1000,3251.9,3260.0
2022-03-04 11:55:00,115.4,115.4,115.4,115.4,0,29.697408,1000,3249.95,3240.0
2022-03-04 11:56:00,115.4,115.4,115.4,115.4,0,29.697408,1000,3254.1,3260.0
2022-03-04 11:57:00,115.4,115.4,115.4,115.4,0,29.697408,1000,3255.9,3260.0
2022-03-04 11:58:00,115.4,115.4,115.4,115.4,0,29.697408,1000,3254.5,3260.0
2022-03-04 11:59:00,115.4,115.4,115.4,115.4,0,29.697408,1000,3256.0,3260.0
2022-03-04 12:00:00,113.3,113.3,113.3,113.3,250,29.132729,1500,3256.1,3260.0
2022-03-04 12:01:00,113.3,113.3,113.3,113.3,0,29.132729,1500,3252.65,3260.0
2022-03-04 12:02:00,113.3,113.3,113.3,113.3,0,29.132729,1500,3252.0,3260.0
2022-03-04 12:03:00,113.3,113.3,113.3,113.3,0,29.132729,1500,3252.0,3260.0
2022-03-04 12:04:00,113.3,113.3,113.3,113.3,0,29.132729,1500,3252.0,3260.0
2022-03-04 12:05:00,113.3,113.3,113.3,113.3,0,29.132729,1500,3252.0,3260.0
2022-03-04 12:06:00,113.3,113.3,113.3,113.3,0,29.132729,1500,3251.05,3260.0
2022-03-04 12:07:00,113.3,113.3,113.3,113.3,0,29.132729,1500,3251.8,3260.0
2022-03-04 12:08:00,113.3,113.3,113.3,113.3,0,29.132729,1500,3252.05,3260.0
2022-03-04 12:09:00,113.3,113.3,113.3,113.3,0,29.132729,1500,3254.95,3260.0
2022-03-04 12:10:00,113.3,113.3,113.3,113.3,0,29.132729,1500,3253.0,3260.0
2022-03-04 12:11:00,113.3,113.3,113.3,113.3,0,29.132729,1500,3253.05,3260.0
2022-03-04 12:12:00,113.3,113.3,113.3,113.3,0,29.132729,1500,3253.0,3260.0
2022-03-04 12:13:00,113.3,113.3,113.3,113.3,0,29.132729,1500,3251.3,3260.0
2022-03-04 12:14:00,113.3,113.3,113.3,113.3,0,29.132729,1500,3250.0,3260.0
2022-03-04 12:15:00,113.3,113.3,113.3,113.3,0,29.132729,1500,3254.9,3260.0
2022-03-04 12:16:00,113.3,113.3,113.3,113.3,0,29.132729,1500,3251.25,3260.0
2022-03-04 12:17:00,113.3,113.3,113.3,113.3,0,29.132729,1500,3251.15,3260.0
2022-03-04 12:18:00,113.3,113.3,113.3,113.3,0,29.132729,1500,3254.0,3260.0
2022-03-04 12:19:00,113.3,113.3,113.3,113.3,0,29.132729,1500,3252.4,3260.0
2022-03-04 12:20:00,113.3,113.3,113.3,113.3,0,29.132729,1500,3250.2,3260.0
2022-03-04 12:21:00,113.3,113.3,113.3,113.3,0,29.132729,1500,3250.45,3260.0
2022-03-04 12:22:00,113.3,113.3,113.3,113.3,0,29.132729,1500,3251.2,3260.0
2022-03-04 12:23:00,113.3,113.3,113.3,113.3,0,29.132729,1500,3251.95,3260.0
2022-03-04 12:24:00,113.3,113.3,113.3,113.3,0,29.132729,1500,3250.65,3260.0
2022-03-04 12:25:00,113.3,113.3,113.3,113.3,0,29.132729,1500,3250.3,3260.0
2022-03-04 12:26:00,113.3,113.3,113.3,113.3,0,29.132729,1500,3252.0,3260.0
2022-03-04 12:27:00,113.3,113.3,113.3,113.3,0,29.132729,1500,3250.2,3260.0
2022-03-04 12:28:00,113.3,113.3,113.3,113.3,0,29.132729,1500,3250.95,3260.0
2022-03-04 12:29:00,113.3,113.3,113.3,113.3,0,29.132729,1500,3250.2,3260.0
2022-03-04 12:30:00,113.3,113.3,113.3,113.3,0,29.132729,1500,3251.15,3260.0
2022-03-04 12:31:00,113.3,113.3,113.3,113.3,0,29.132729,1500,3250.6,3260.0
2022-03-04 12:32:00,113.3,113.3,113.3,113.3,0,29.132729,1500,3254.4,3260.0
2022-03-04 12:33:00,113.3,113.3,113.3,113.3,0,29.132729,1500,3257.0,3260.0
2022-03-04 12:34:00,113.3,113.3,113.3,113.3,0,29.132729,1500,3256.5,3260.0
2022-03-04 12:35:00,113.3,113.3,113.3,113.3,0,29.132729,1500,3259.4,3260.0
2022-03-04 12:36:00,113.3,113.3,113.3,113.3,0,29.132729,1500,3256.85,3260.0
2022-03-04 12:37:00,113.3,116.9,113.3,116.9,1000,29.248345,1750,3262.0,3260.0
2022-03-04 12:38:00,116.9,116.9,116.9,116.9,0,29.248345,1750,3263.15,3260.0
2022-03-04 12:39:00,116.9,116.9,116.9,116.9,0,29.248345,1750,3265.0,3260.0
2022-03-04 12:40:00,108.55,111.6,108.55,111.6,1250,28.694382,3500,3274.65,3280.0
2022-03-04 12:41:00,111.6,111.6,111.6,111.6,0,28.694382,3500,3267.4,3260.0
2022-03-04 12:42:00,111.6,111.6,111.6,111.6,0,28.694382,3500,3263.1,3260.0
2022-03-04 12:43:00,111.6,111.6,111.6,111.6,0,28.694382,3500,3266.0,3260.0
2022-03-04 12:44:00,111.6,111.6,111.6,111.6,0,28.694382,3500,3267.75,3260.0
2022-03-04 12:45:00,111.6,111.6,111.6,111.6,0,28.694382,3500,3270.75,3280.0
2022-03-04 12:46:00,111.6,111.6,111.6,111.6,0,28.694382,3500,3270.8,3280.0
2022-03-04 12:47:00,111.6,111.6,111.6,111.6,0,28.694382,3500,3273.15,3280.0
2022-03-04 12:48:00,111.6,111.6,111.6,111.6,0,28.694382,3500,3267.7,3260.0
2022-03-04 12:49:00,111.6,111.6,111.6,111.6,0,28.694382,3500,3264.0,3260.0
2022-03-04 12:50:00,111.6,111.6,111.6,111.6,0,28.694382,3500,3255.55,3260.0
2022-03-04 12:51:00,111.6,111.6,111.6,111.6,0,28.694382,3500,3259.05,3260.0
2022-03-04 12:52:00,111.6,111.6,111.6,111.6,0,28.694382,3500,3259.75,3260.0
2022-03-04 12:53:00,111.6,111.6,111.6,111.6,0,28.694382,3500,3261.75,3260.0
2022-03-04 12:54:00,111.6,111.6,111.6,111.6,0,28.694382,3500,3258.9,3260.0
2022-03-04 12:55:00,111.6,111.6,111.6,111.6,0,28.694382,3500,3260.5,3260.0
2022-03-04 12:56:00,111.6,111.6,111.6,111.6,0,28.694382,3500,3258.55,3260.0
2022-03-04 12:57:00,111.6,111.6,111.6,111.6,0,28.694382,3500,3259.6,3260.0
2022-03-04 12:58:00,111.6,111.6,111.6,111.6,0,28.694382,3500,3265.75,3260.0
2022-03-04 12:59:00,111.6,111.6,111.6,111.6,0,28.694382,3500,3264.8,3260.0
2022-03-04 13:00:00,120.95,120.95,117.85,117.85,250,28.699612,2250,3267.2,3260.0
2022-03-04 13:01:00,117.85,117.85,117.85,117.85,0,28.699612,2250,3270.55,3280.0
2022-03-04 13:02:00,107.5,109.9,107.5,109.9,250,28.889914,4250,3270.3,3280.0
2022-03-04 13:03:00,109.9,109.9,109.9,109.9,0,28.889914,4250,3264.5,3260.0
2022-03-04 13:04:00,109.9,109.9,109.9,109.9,0,28.889914,4250,3263.8,3260.0
2022-03-04 13:05:00,109.9,109.9,109.9,109.9,0,28.889914,4250,3263.2,3260.0
2022-03-04 13:06:00,109.9,109.9,109.9,109.9,0,28.889914,4250,3263.25,3260.0
2022-03-04 13:07:00,109.9,109.9,109.9,109.9,0,28.889914,4250,3260.0,3260.0
2022-03-04 13:08:00,109.9,109.9,109.9,109.9,0,28.889914,4250,3260.3,3260.0
2022-03-04 13:09:00,109.9,109.9,109.9,109.9,0,28.889914,4250,3258.35,3260.0
2022-03-04 13:10:00,109.9,109.9,109.9,109.9,0,28.889914,4250,3255.6,3260.0
2022-03-04 13:11:00,109.9,109.9,109.9,109.9,0,28.889914,4250,3262.25,3260.0
2022-03-04 13:12:00,109.9,109.9,109.9,109.9,0,28.889914,4250,3265.15,3260.0
2022-03-04 13:13:00,109.9,109.9,109.9,109.9,0,28.889914,4250,3265.95,3260.0
2022-03-04 13:14:00,109.9,109.9,109.9,109.9,0,28.889914,4250,3267.5,3260.0
2022-03-04 13:15:00,109.9,109.9,109.9,109.9,0,28.889914,4250,3265.3,3260.0
2022-03-04 13:16:00,109.9,109.9,109.9,109.9,0,28.889914,4250,3269.8,3260.0
2022-03-04 13:17:00,109.9,109.9,109.9,109.9,0,28.889914,4250,3265.8,3260.0
2022-03-04 13:18:00,109.9,109.9,109.9,109.9,0,28.889914,4250,3267.5,3260.0
2022-03-04 13:19:00,109.9,109.9,109.9,109.9,0,28.889914,4250,3266.95,3260.0
2022-03-04 13:20:00,109.9,109.9,109.9,109.9,0,28.889914,4250,3270.55,3280.0
2022-03-04 13:21:00,109.9,109.9,109.9,109.9,0,28.889914,4250,3273.0,3280.0
2022-03-04 13:22:00,109.9,109.9,109.9,109.9,0,28.889914,4250,3273.0,3280.0
2022-03-04 13:23:00,109.9,109.9,109.9,109.9,0,28.889914,4250,3272.15,3280.0
2022-03-04 13:24:00,109.9,109.9,109.9,109.9,0,28.889914,4250,3282.55,3280.0
2022-03-04 13:25:00,109.9,109.9,109.9,109.9,0,28.889914,4250,3282.4,3280.0
2022-03-04 13:26:00,109.9,109.9,109.9,109.9,0,28.889914,4250,3282.0,3280.0
2022-03-04 13:27:00,109.9,109.9,109.9,109.9,0,28.889914,4250,3277.45,3280.0
2022-03-04 13:28:00,109.9,109.9,109.9,109.9,0,28.889914,4250,3275.55,3280.0
2022-03-04 13:29:00,106.65,114.15,106.65,114.15,250,28.606978,4500,3280.0,3280.0
2022-03-04 13:30:00,114.15,114.15,114.15,114.15,0,28.606978,4500,3283.1,3280.0
2022-03-04 13:31:00,114.15,114.15,114.15,114.15,0,28.606978,4500,3284.55,3280.0
2022-03-04 13:32:00,114.15,114.15,114.15,114.15,0,28.606978,4500,3282.7,3280.0
2022-03-04 13:33:00,114.15,114.15,112.5,112.5,250,29.37991,4750,3272.0,3280.0
2022-03-04 13:34:00,112.5,112.5,112.5,112.5,0,29.37991,4750,3271.65,3280.0
2022-03-04 13:35:00,112.5,112.5,112.5,112.5,0,29.37991,4750,3273.0,3280.0
2022-03-04 13:36:00,112.5,112.5,112.5,112.5,0,29.37991,4750,3275.8,3280.0
2022-03-04 13:37:00,112.5,112.5,112.5,112.5,0,29.37991,4750,3278.9,3280.0
2022-03-04 13:38:00,112.5,112.5,112.5,112.5,0,29.37991,4750,3276.25,3280.0
2022-03-04 13:39:00,112.5,112.5,112.5,112.5,0,29.37991,4750,3280.3,3280.0
2022-03-04 13:40:00,112.5,112.5,112.5,112.5,0,29.37991,4750,3283.8,3280.0
2022-03-04 13:41:00,112.5,112.5,112.5,112.5,250,28.317452,4750,3278.9,3280.0
2022-03-04 13:42:00,112.5,112.5,112.5,112.5,0,28.317452,4750,3279.35,3280.0
2022-03-04 13:43:00,112.5,112.5,112.5,112.5,0,28.317452,4750,3280.2,3280.0
2022-03-04 13:44:00,112.5,112.5,112.5,112.5,0,28.317452,4750,3278.5,3280.0
2022-03-04 13:45:00,112.5,112.5,112.5,112.5,0,28.317452,4750,3274.05,3280.0
2022-03-04 13:46:00,112.5,112.5,112.5,112.5,0,28.317452,4750,3269.0,3260.0
2022-03-04 13:47:00,112.5,112.5,112.5,112.5,0,28.317452,4750,3269.0,3260.0
2022-03-04 13:48:00,112.5,112.5,112.5,112.5,0,28.317452,4750,3268.25,3260.0
2022-03-04 13:49:00,122.55,122.55,117.4,117.4,250,28.140303,3250,3270.0,3260.0
2022-03-04 13:50:00,117.4,117.4,117.4,117.4,0,28.140303,3250,3275.0,3280.0
2022-03-04 13:51:00,117.4,117.4,117.4,117.4,0,28.140303,3250,3274.25,3280.0
2022-03-04 13:52:00,117.4,117.4,117.4,117.4,0,28.140303,3250,3270.8,3280.0
2022-03-04 13:53:00,117.4,117.4,117.4,117.4,0,28.140303,3250,3267.0,3260.0
2022-03-04 13:54:00,117.4,117.4,117.4,117.4,0,28.140303,3250,3270.3,3280.0
2022-03-04 13:55:00,117.4,117.4,117.4,117.4,0,28.140303,3250,3268.75,3260.0
2022-03-04 13:56:00,117.4,117.4,117.4,117.4,0,28.140303,3250,3271.0,3280.0
2022-03-04 13:57:00,117.4,117.4,117.4,117.4,0,28.140303,3250,3271.8,3280.0
2022-03-04 13:58:00,117.4,117.4,117.4,117.4,0,28.140303,3250,3271.75,3280.0
2022-03-04 13:59:00,117.4,117.4,117.4,117.4,0,28.140303,3250,3271.4,3280.0
2022-03-04 14:00:00,117.4,117.4,117.4,117.4,0,28.140303,3250,3264.8,3260.0
2022-03-04 14:01:00,117.4,117.4,117.4,117.4,0,28.140303,3250,3261.7,3260.0
2022-03-04 14:02:00,117.4,117.4,117.4,117.4,0,28.140303,3250,3263.2,3260.0
2022-03-04 14:03:00,117.4,117.4,117.4,117.4,0,28.140303,3250,3261.0,3260.0
2022-03-04 14:04:00,117.4,117.4,117.4,117.4,0,28.140303,3250,3259.2,3260.0
2022-03-04 14:05:00,117.4,117.4,117.4,117.4,0,28.140303,3250,3257.9,3260.0
2022-03-04 14:06:00,117.4,117.4,117.4,117.4,0,28.140303,3250,3257.6,3260.0
2022-03-04 14:07:00,117.4,117.4,117.4,117.4,0,28.140303,3250,3256.95,3260.0
2022-03-04 14:08:00,117.4,117.4,117.4,117.4,0,28.140303,3250,3253.6,3260.0
2022-03-04 14:09:00,117.4,117.4,117.4,117.4,0,28.140303,3250,3249.95,3240.0
2022-03-04 14:10:00,117.4,117.4,117.4,117.4,0,28.140303,3250,3250.15,3260.0
2022-03-04 14:11:00,117.4,117.4,117.4,117.4,0,28.140303,3250,3250.75,3260.0
2022-03-04 14:12:00,117.4,117.4,117.4,117.4,0,28.140303,3250,3253.25,3260.0
2022-03-04 14:13:00,117.4,117.4,117.4,117.4,0,28.140303,3250,3251.45,3260.0
2022-03-04 14:14:00,117.4,117.4,117.4,117.4,0,28.140303,3250,3251.85,3260.0
2022-03-04 14:15:00,117.4,117.4,117.4,117.4,0,28.140303,3250,3255.05,3260.0
2022-03-04 14:16:00,117.4,117.4,117.4,117.4,0,28.140303,3250,3256.85,3260.0
2022-03-04 14:17:00,117.4,117.4,117.4,117.4,0,28.140303,3250,3252.2,3260.0
2022-03-04 14:18:00,117.4,117.4,117.4,117.4,0,28.140303,3250,3258.35,3260.0
2022-03-04 14:19:00,117.4,117.4,117.4,117.4,0,28.140303,3250,3256.75,3260.0
2022-03-04 14:20:00,117.4,117.4,117.4,117.4,0,28.140303,3250,3261.25,3260.0
2022-03-04 14:21:00,117.4,117.4,117.4,117.4,0,28.140303,3250,3260.15,3260.0
2022-03-04 14:22:00,117.4,117.4,117.4,117.4,0,28.140303,3250,3261.4,3260.0
2022-03-04 14:23:00,117.4,117.4,117.4,117.4,0,28.140303,3250,3256.15,3260.0
2022-03-04 14:24:00,117.4,117.4,117.4,117.4,0,28.140303,3250,3259.85,3260.0
2022-03-04 14:25:00,117.4,117.4,117.4,117.4,0,28.140303,3250,3259.05,3260.0
2022-03-04 14:26:00,117.4,117.4,117.4,117.4,0,28.140303,3250,3258.0,3260.0
2022-03-04 14:27:00,117.4,117.4,117.4,117.4,0,28.140303,3250,3258.45,3260.0
2022-03-04 14:28:00,117.4,117.4,117.4,117.4,0,28.140303,3250,3258.2,3260.0
2022-03-04 14:29:00,117.4,117.4,117.4,117.4,0,28.140303,3250,3257.95,3260.0
2022-03-04 14:30:00,117.4,117.4,117.4,117.4,0,28.140303,3250,3257.3,3260.0
2022-03-04 14:31:00,117.4,117.4,117.4,117.4,0,28.140303,3250,3261.9,3260.0
2022-03-04 14:32:00,117.4,117.4,117.4,117.4,0,28.140303,3250,3264.95,3260.0
2022-03-04 14:33:00,117.4,117.4,117.4,117.4,0,28.140303,3250,3261.0,3260.0
2022-03-04 14:34:00,117.4,117.4,117.4,117.4,0,28.140303,3250,3256.95,3260.0
2022-03-04 14:35:00,117.4,117.4,117.4,117.4,0,28.140303,3250,3257.35,3260.0
2022-03-04 14:36:00,117.4,117.4,117.4,117.4,0,28.140303,3250,3255.3,3260.0
2022-03-04 14:37:00,117.4,117.4,117.4,117.4,0,28.140303,3250,3254.9,3260.0
2022-03-04 14:38:00,117.4,117.4,117.4,117.4,0,28.140303,3250,3255.75,3260.0
2022-03-04 14:39:00,117.4,117.4,117.4,117.4,0,28.140303,3250,3251.75,3260.0
2022-03-04 14:40:00,117.4,117.4,117.4,117.4,0,28.140303,3250,3257.5,3260.0
2022-03-04 14:41:00,117.4,117.4,117.4,117.4,0,28.140303,3250,3254.0,3260.0
2022-03-04 14:42:00,117.4,117.4,117.4,117.4,0,28.140303,3250,3249.55,3240.0
2022-03-04 14:43:00,117.4,117.4,117.4,117.4,0,28.140303,3250,3249.1,3240.0
2022-03-04 14:44:00,117.4,117.4,117.4,117.4,0,28.140303,3250,3243.75,3240.0
2022-03-04 14:45:00,117.4,117.4,117.4,117.4,0,28.140303,3250,3250.0,3260.0
2022-03-04 14:46:00,117.4,117.4,117.4,117.4,0,28.140303,3250,3244.75,3240.0
2022-03-04 14:47:00,117.4,117.4,117.4,117.4,0,28.140303,3250,3240.0,3240.0
2022-03-04 14:48:00,117.4,117.4,117.4,117.4,0,28.140303,3250,3243.3,3240.0
2022-03-04 14:49:00,117.4,117.4,117.4,117.4,0,28.140303,3250,3243.1,3240.0
2022-03-04 14:50:00,117.4,117.4,117.4,117.4,0,28.140303,3250,3241.85,3240.0
2022-03-04 14:51:00,117.4,117.4,117.4,117.4,0,28.140303,3250,3242.8,3240.0
2022-03-04 14:52:00,117.4,117.4,117.4,117.4,0,28.140303,3250,3242.45,3240.0
2022-03-04 14:53:00,117.4,117.4,117.4,117.4,0,28.140303,3250,3242.85,3240.0
2022-03-04 14:54:00,117.4,117.4,117.4,117.4,0,28.140303,3250,3237.85,3240.0
2022-03-04 14:55:00,117.4,117.4,117.4,117.4,0,28.140303,3250,3240.6,3240.0
2022-03-04 14:56:00,117.4,117.4,117.4,117.4,0,28.140303,3250,3238.0,3240.0
2022-03-04 14:57:00,117.4,117.4,117.4,117.4,0,28.140303,3250,3246.45,3240.0
2022-03-04 14:58:00,117.4,117.4,117.4,117.4,0,28.140303,3250,3243.25,3240.0
2022-03-04 14:59:00,117.4,117.4,117.4,117.4,0,28.140303,3250,3244.35,3240.0
2022-03-04 15:00:00,117.4,117.4,117.4,117.4,0,28.140303,3250,3246.6,3240.0
2022-03-04 15:01:00,117.4,117.4,117.4,117.4,0,28.140303,3250,3245.55,3240.0
2022-03-04 15:02:00,117.4,117.4,117.4,117.4,0,28.140303,3250,3240.85,3240.0
2022-03-04 15:03:00,117.4,117.4,117.4,117.4,0,28.140303,3250,3235.75,3240.0
2022-03-04 15:04:00,117.4,117.4,117.4,117.4,0,28.140303,3250,3236.3,3240.0
2022-03-04 15:05:00,117.4,117.4,117.4,117.4,0,28.140303,3250,3240.65,3240.0
2022-03-04 15:06:00,117.4,117.4,117.4,117.4,0,28.140303,3250,3241.7,3240.0
2022-03-04 15:07:00,117.4,117.4,117.4,117.4,0,28.140303,3250,3242.8,3240.0
2022-03-04 15:08:00,117.4,117.4,117.4,117.4,0,28.140303,3250,3237.35,3240.0
2022-03-04 15:09:00,117.4,117.4,117.4,117.4,0,28.140303,3250,3240.4,3240.0
2022-03-04 15:10:00,117.4,117.4,117.4,117.4,0,28.140303,3250,3237.2,3240.0
2022-03-04 15:11:00,117.4,117.4,117.4,117.4,0,28.140303,3250,3240.0,3240.0
2022-03-04 15:12:00,117.4,117.4,117.4,117.4,0,28.140303,3250,3240.9,3240.0
2022-03-04 15:13:00,117.4,117.4,117.4,117.4,0,28.140303,3250,3240.85,3240.0
2022-03-04 15:14:00,117.4,117.4,117.4,117.4,0,28.140303,3250,3241.55,3240.0
2022-03-04 15:15:00,117.4,117.4,117.4,117.4,0,28.140303,3250,3239.55,3240.0
2022-03-04 15:16:00,117.4,117.4,117.4,117.4,0,28.140303,3250,3242.55,3240.0
2022-03-04 15:17:00,117.4,117.4,117.4,117.4,0,28.140303,3250,3246.0,3240.0
2022-03-04 15:18:00,134.4,134.4,115.45,115.45,250,29.03945,1750,3242.45,3240.0
2022-03-04 15:19:00,115.45,115.45,115.45,115.45,0,29.03945,1750,3240.3,3240.0
2022-03-04 15:20:00,115.45,115.45,115.45,115.45,0,29.03945,1750,3247.55,3240.0
2022-03-04 15:21:00,115.45,115.45,115.45,115.45,0,29.03945,1750,3248.1,3240.0
2022-03-04 15:22:00,118.4,118.4,118.4,118.4,250,28.83138,2000,3249.0,3240.0
2022-03-04 15:23:00,118.4,118.4,118.4,118.4,0,28.83138,2000,3250.0,3260.0
2022-03-04 15:24:00,118.4,118.4,118.4,118.4,0,28.83138,2000,3244.3,3240.0
2022-03-04 15:25:00,118.4,118.4,118.4,118.4,0,28.83138,2000,3244.1,3240.0
2022-03-04 15:26:00,118.4,118.4,118.4,118.4,0,28.83138,2000,3245.5,3240.0
2022-03-04 15:27:00,118.4,118.4,118.4,118.4,0,28.83138,2000,3248.1,3240.0
2022-03-04 15:28:00,118.4,118.4,118.4,118.4,0,28.83138,2000,3253.25,3260.0
2022-03-04 15:29:00,118.4,118.4,118.4,118.4,0,28.83138,2000,3242.1,3240.0
2022-03-07 10:59:00,115.95,119.05,115.95,119.0,1250,34.383069,29250,3191.75,3200.0
2022-03-07 11:00:00,119.0,119.0,117.2,119.0,2250,33.914084,29250,3194.6,3200.0
2022-03-07 11:01:00,119.0,119.0,119.0,119.0,0,33.914084,29250,3194.6,3200.0
2022-03-07 11:02:00,116.05,116.15,115.15,116.15,750,33.683913,32500,3190.7,3200.0
2022-03-07 11:03:00,116.15,116.15,116.15,116.15,0,33.683913,32500,3190.7,3200.0
2022-03-07 11:04:00,116.15,116.15,116.15,116.15,0,33.683913,32500,3190.7,3200.0
2022-03-07 11:05:00,116.0,117.6,116.0,117.6,1250,34.211623,32500,3190.2,3200.0
2022-03-07 11:06:00,117.6,117.6,117.6,117.6,0,34.211623,32500,3190.2,3200.0
2022-03-07 11:07:00,117.6,117.6,117.6,117.6,0,34.211623,32500,3190.2,3200.0
2022-03-07 11:08:00,117.6,117.6,117.6,117.6,0,34.211623,32500,3190.2,3200.0
2022-03-07 11:09:00,117.6,117.6,117.6,117.6,0,34.211623,32500,3190.2,3200.0
2022-03-07 11:10:00,118.0,118.0,117.65,117.65,250,34.13169,33500,3190.8,3200.0
2022-03-07 11:11:00,117.65,117.65,117.65,117.65,0,34.13169,33500,3190.8,3200.0
2022-03-07 11:12:00,117.25,119.0,117.25,119.0,250,34.020223,33750,3194.0,3200.0
2022-03-07 11:13:00,119.0,120.65,119.0,120.65,500,34.195186,33750,3196.0,3200.0
2022-03-07 11:14:00,120.65,121.0,120.2,121.0,2000,33.92831,33750,3198.25,3200.0
2022-03-07 11:15:00,121.0,121.0,121.0,121.0,0,33.92831,33750,3198.25,3200.0
2022-03-07 11:16:00,121.0,121.0,121.0,121.0,0,33.92831,33750,3198.25,3200.0
2022-03-07 11:17:00,121.0,122.9,121.0,122.9,750,34.386994,33000,3199.0,3200.0
2022-03-07 11:18:00,122.9,122.9,122.9,122.9,0,34.386994,33000,3199.0,3200.0
2022-03-07 11:19:00,123.0,123.25,123.0,123.25,500,34.478713,33750,3199.1,3200.0
2022-03-07 11:20:00,123.0,123.0,122.0,122.0,750,34.38845,33750,3197.35,3200.0
2022-03-07 11:21:00,122.0,122.0,122.0,122.0,250,34.779365,34250,3195.0,3200.0
2022-03-07 11:22:00,122.0,122.0,121.55,121.7,500,33.929961,34250,3199.55,3200.0
2022-03-07 11:23:00,121.7,121.7,121.7,121.7,0,33.929961,34250,3199.55,3200.0
2022-03-07 11:24:00,121.7,123.0,121.7,123.0,250,33.689263,33750,3203.35,3200.0
2022-03-07 11:25:00,123.0,123.0,121.05,121.05,1000,32.879315,33750,3204.6,3200.0
2022-03-07 11:26:00,121.05,122.15,121.05,122.15,250,33.717124,33000,3201.65,3200.0
2022-03-07 11:27:00,121.05,121.05,121.05,121.05,250,34.549724,33000,3194.65,3200.0
2022-03-07 11:28:00,121.05,122.0,121.05,122.0,500,33.748137,33000,3201.2,3200.0
2022-03-07 11:29:00,122.0,122.0,121.65,121.65,250,34.0527,33000,3198.75,3200.0
2022-03-07 11:30:00,121.65,121.65,121.65,121.65,0,34.0527,33000,3197.05,3200.0
2022-03-07 11:31:00,121.65,121.65,121.65,121.65,0,34.0527,33000,3195.1,3200.0
2022-03-07 11:32:00,121.65,121.65,121.65,121.65,0,34.0527,33000,3198.75,3200.0
2022-03-07 11:33:00,121.65,121.65,121.65,121.65,0,34.0527,33000,3191.65,3200.0
2022-03-07 11:34:00,121.65,121.65,121.65,121.65,0,34.0527,33000,3194.55,3200.0
2022-03-07 11:35:00,118.9,118.9,118.9,118.9,250,34.258492,32250,3192.45,3200.0
2022-03-07 11:36:00,118.9,118.9,118.9,118.9,0,34.258492,32250,3191.6,3200.0
2022-03-07 11:37:00,118.9,120.0,118.9,120.0,250,34.506241,32250,3193.0,3200.0
2022-03-07 11:38:00,120.0,120.0,120.0,120.0,0,34.506241,32250,3193.0,3200.0
2022-03-07 11:39:00,120.0,120.0,120.0,120.0,0,34.506241,32250,3193.0,3200.0
2022-03-07 11:40:00,120.0,120.0,120.0,120.0,0,34.506241,32250,3196.45,3200.0
2022-03-07 11:41:00,120.0,120.0,120.0,120.0,0,34.506241,32250,3193.0,3200.0
2022-03-07 11:42:00,121.0,121.0,121.0,121.0,250,34.086491,32250,3197.4,3200.0
2022-03-07 11:43:00,121.0,121.0,121.0,121.0,0,34.086491,32250,3197.4,3200.0
2022-03-07 11:44:00,121.0,121.0,121.0,121.0,0,34.086491,32250,3197.4,3200.0
2022-03-07 11:45:00,121.0,121.0,121.0,121.0,0,34.086491,32250,3197.4,3200.0
2022-03-07 11:46:00,121.0,121.0,117.65,117.65,750,34.119908,32250,3191.0,3200.0
2022-03-07 11:47:00,117.65,117.65,117.4,117.4,250,34.101203,32250,3190.65,3200.0
2022-03-07 11:48:00,117.4,117.4,117.4,117.4,0,34.101203,32250,3190.65,3200.0
2022-03-07 11:49:00,117.4,117.4,117.4,117.4,0,34.101203,32250,3190.65,3200.0
2022-03-07 11:50:00,117.4,117.4,117.4,117.4,0,34.101203,32250,3190.65,3200.0
2022-03-07 11:51:00,117.4,117.4,117.4,117.4,0,34.101203,32250,3190.65,3200.0
2022-03-07 11:52:00,117.4,117.4,117.4,117.4,0,34.101203,32250,3190.65,3200.0
2022-03-07 11:53:00,117.4,117.4,117.4,117.4,0,34.101203,32250,3190.75,3200.0
2022-03-07 11:54:00,120.0,121.0,119.75,121.0,1500,34.001724,32500,3197.95,3200.0
2022-03-07 11:55:00,108.0,118.15,108.0,118.15,500,33.553544,5500,3214.0,3220.0
2022-03-07 11:56:00,118.15,118.15,118.15,118.15,0,33.553544,5500,3214.0,3220.0
2022-03-07 11:57:00,118.15,118.15,118.15,118.15,0,33.553544,5500,3214.0,3220.0
2022-03-07 11:58:00,118.15,118.15,118.15,118.15,0,33.553544,5500,3214.0,3220.0
2022-03-07 11:59:00,118.15,118.15,118.15,118.15,0,33.553544,5500,3214.0,3220.0
2022-03-07 12:00:00,118.15,118.15,118.15,118.15,0,33.553544,5500,3214.0,3220.0
2022-03-07 12:01:00,118.15,118.15,118.15,118.15,0,33.553544,5500,3214.0,3220.0
2022-03-07 12:02:00,118.15,118.15,118.15,118.15,0,33.553544,5500,3214.0,3220.0
2022-03-07 12:03:00,118.15,118.15,118.15,118.15,0,33.553544,5500,3214.0,3220.0
2022-03-07 12:04:00,130.45,130.45,130.45,130.45,500,37.125673,5500,3215.1,3220.0
2022-03-07 12:05:00,130.45,130.45,130.45,130.45,0,37.125673,5500,3215.1,3220.0
2022-03-07 12:06:00,130.45,130.45,130.45,130.45,0,37.125673,5500,3215.1,3220.0
2022-03-07 12:07:00,130.45,130.45,130.45,130.45,0,37.125673,5500,3215.1,3220.0
2022-03-07 12:08:00,130.7,130.7,127.8,127.8,500,34.472641,31750,3207.55,3200.0
2022-03-07 12:09:00,127.8,127.8,127.8,127.8,0,34.472641,31750,3207.55,3200.0
2022-03-07 12:10:00,127.8,127.8,127.8,127.8,0,34.472641,31750,3207.55,3200.0
2022-03-07 12:11:00,130.0,130.85,126.45,126.45,500,33.853705,31500,3208.75,3200.0
2022-03-07 12:12:00,127.0,127.0,126.0,126.0,1250,33.733229,31750,3208.65,3200.0
2022-03-07 12:13:00,126.0,126.0,126.0,126.0,0,33.733229,31750,3208.65,3200.0
2022-03-07 12:14:00,126.0,126.0,124.5,124.5,500,34.398595,31750,3202.05,3200.0
2022-03-07 12:15:00,124.5,124.5,124.5,124.5,0,34.398595,31750,3202.05,3200.0
2022-03-07 12:16:00,124.5,124.5,124.5,124.5,0,34.398595,31750,3202.05,3200.0
2022-03-07 12:17:00,124.5,124.5,124.5,124.5,0,34.398595,31750,3202.05,3200.0
2022-03-07 12:18:00,124.5,124.5,124.5,124.5,0,34.398595,31750,3209.9,3200.0
2022-03-07 12:19:00,124.5,124.5,124.5,124.5,0,34.398595,31750,3208.55,3200.0
2022-03-07 12:20:00,124.5,124.5,124.5,124.5,0,34.398595,31750,3202.05,3200.0
2022-03-07 12:21:00,124.5,124.5,124.5,124.5,0,34.398595,31750,3202.05,3200.0
2022-03-07 12:22:00,124.5,124.5,124.5,124.5,0,34.398595,31750,3202.05,3200.0
2022-03-07 12:23:00,124.5,124.5,124.3,124.3,750,34.071724,31250,3203.65,3200.0
2022-03-07 12:24:00,124.0,127.1,124.0,127.1,500,35.008035,31750,3203.2,3200.0
2022-03-07 12:25:00,127.1,127.1,127.1,127.1,0,35.008035,31750,3203.2,3200.0
2022-03-07 12:26:00,127.1,127.1,127.1,127.1,0,35.008035,31750,3203.2,3200.0
2022-03-07 12:27:00,127.1,127.1,127.1,127.1,0,35.008035,31750,3203.2,3200.0
2022-03-07 12:28:00,127.1,127.1,127.1,127.1,0,35.008035,31750,3203.2,3200.0
2022-03-07 12:29:00,127.1,127.1,127.1,127.1,0,35.008035,31750,3203.2,3200.0
2022-03-07 12:30:00,127.1,127.1,123.9,123.9,250,34.426226,32000,3200.85,3200.0
2022-03-07 12:31:00,123.9,123.9,123.9,123.9,0,34.426226,32000,3203.55,3200.0
2022-03-07 12:32:00,123.9,123.9,123.9,123.9,0,34.426226,32000,3200.85,3200.0
2022-03-07 12:33:00,123.9,123.9,123.9,123.9,0,34.426226,32000,3200.85,3200.0
2022-03-07 12:34:00,123.9,123.9,123.9,123.9,0,34.426226,32000,3207.8,3200.0
2022-03-07 12:35:00,123.9,123.9,123.9,123.9,0,34.426226,32000,3200.85,3200.0
2022-03-07 12:36:00,123.9,123.9,123.9,123.9,0,34.426226,32000,3200.85,3200.0
2022-03-07 12:37:00,123.9,123.9,123.9,123.9,0,34.426226,32000,3200.85,3200.0
2022-03-07 12:38:00,123.9,123.9,123.9,123.9,0,34.426226,32000,3200.85,3200.0
2022-03-07 12:39:00,123.9,123.9,123.9,123.9,0,34.426226,32000,3200.85,3200.0
2022-03-07 12:40:00,123.9,123.9,123.9,123.9,0,34.426226,32000,3208.75,3200.0
2022-03-07 12:41:00,123.9,123.9,123.9,123.9,0,34.426226,32000,3200.85,3200.0
2022-03-07 12:42:00,123.9,123.9,123.9,123.9,0,34.426226,32000,3207.6,3200.0
2022-03-07 12:43:00,123.9,123.9,123.9,123.9,0,34.426226,32000,3200.85,3200.0
2022-03-07 12:44:00,123.9,123.9,123.9,123.9,0,34.426226,32000,3200.85,3200.0
2022-03-07 12:45:00,123.9,123.9,123.9,123.9,0,34.426226,32000,3200.85,3200.0
2022-03-07 12:46:00,116.7,116.7,116.7,116.7,250,33.149073,5750,3213.95,3220.0
2022-03-07 12:47:00,116.7,116.7,116.7,116.7,0,33.149073,5750,3213.95,3220.0
2022-03-07 12:48:00,116.7,116.7,116.7,116.7,0,33.149073,5750,3213.95,3220.0
2022-03-07 12:49:00,116.7,116.7,116.7,116.7,0,33.149073,5750,3213.95,3220.0
2022-03-07 12:50:00,116.7,116.7,116.7,116.7,0,33.149073,5750,3213.95,3220.0
2022-03-07 12:51:00,116.7,116.7,116.7,116.7,0,33.149073,5750,3213.95,3220.0
2022-03-07 12:52:00,116.7,116.7,116.7,116.7,0,33.149073,5750,3213.95,3220.0
2022-03-07 12:53:00,116.7,116.7,116.7,116.7,0,33.149073,5750,3213.95,3220.0
2022-03-07 12:54:00,116.7,116.7,116.7,116.7,0,33.149073,5750,3210.0,3200.0
2022-03-07 12:55:00,116.7,116.7,116.7,116.7,0,33.149073,5750,3213.95,3220.0
2022-03-07 12:56:00,116.7,116.7,116.7,116.7,0,33.149073,5750,3213.95,3220.0
2022-03-07 12:57:00,116.7,116.7,116.7,116.7,0,33.149073,5750,3213.95,3220.0
2022-03-07 12:58:00,116.7,116.7,116.7,116.7,0,33.149073,5750,3213.95,3220.0
2022-03-07 12:59:00,116.7,116.7,116.7,116.7,0,33.149073,5750,3213.95,3220.0
2022-03-07 13:00:00,116.7,116.7,116.7,116.7,0,33.149073,5750,3213.95,3220.0
2022-03-07 13:01:00,116.7,116.7,116.7,116.7,0,33.149073,5750,3213.95,3220.0
2022-03-07 13:02:00,126.85,126.85,124.65,124.65,250,35.669151,32000,3194.9,3200.0
2022-03-07 13:03:00,124.65,124.65,124.65,124.65,0,35.669151,32000,3194.9,3200.0
2022-03-07 13:04:00,124.65,124.65,124.65,124.65,0,35.669151,32000,3194.9,3200.0
2022-03-07 13:05:00,124.65,124.65,120.8,120.8,250,35.222835,32250,3190.45,3200.0
2022-03-07 13:06:00,120.8,120.8,120.8,120.8,0,35.222835,32250,3190.45,3200.0
2022-03-07 13:07:00,120.8,120.8,120.8,120.8,0,35.222835,32250,3190.15,3200.0
2022-03-07 13:08:00,120.8,120.8,120.8,120.8,0,35.222835,32250,3190.45,3200.0
2022-03-07 13:09:00,120.8,120.8,120.8,120.8,0,35.222835,32250,3190.45,3200.0
2022-03-07 13:10:00,120.8,120.8,120.8,120.8,0,35.222835,32250,3190.45,3200.0
2022-03-07 13:11:00,121.0,124.1,121.0,124.1,500,35.240098,32250,3196.5,3200.0
2022-03-07 13:12:00,121.15,124.9,121.15,124.9,1000,34.741274,32000,3200.95,3200.0
2022-03-07 13:13:00,123.55,123.55,123.2,123.2,1250,34.806732,32000,3197.45,3200.0
2022-03-07 13:14:00,123.2,123.2,123.2,123.2,0,34.806732,32000,3197.45,3200.0
2022-03-07 13:15:00,123.2,123.2,123.2,123.2,0,34.806732,32000,3197.45,3200.0
2022-03-07 13:16:00,123.2,123.2,123.2,123.2,0,34.806732,32000,3197.45,3200.0
2022-03-07 13:17:00,123.2,123.2,123.2,123.2,0,34.806732,32000,3197.45,3200.0
2022-03-07 13:18:00,123.2,123.2,123.2,123.2,0,34.806732,32000,3197.45,3200.0
2022-03-07 13:19:00,123.2,123.2,123.2,123.2,0,34.806732,32000,3197.45,3200.0
2022-03-07 13:20:00,123.2,123.2,123.2,123.2,0,34.806732,32000,3197.45,3200.0
2022-03-07 13:21:00,123.2,123.2,123.2,123.2,0,34.806732,32000,3197.45,3200.0
2022-03-07 13:22:00,123.2,123.2,123.2,123.2,0,34.806732,32000,3197.45,3200.0
2022-03-07 13:23:00,123.2,123.2,123.2,123.2,0,34.806732,32000,3197.45,3200.0
2022-03-07 13:24:00,123.2,123.2,123.2,123.2,0,34.806732,32000,3197.45,3200.0
2022-03-07 13:25:00,123.2,123.2,123.2,123.2,0,34.806732,32000,3197.45,3200.0
2022-03-07 13:26:00,123.2,123.2,123.2,123.2,0,34.806732,32000,3197.45,3200.0
2022-03-07 13:27:00,123.2,123.2,123.2,123.2,0,34.806732,32000,3197.45,3200.0
2022-03-07 13:28:00,123.2,123.2,123.2,123.2,0,34.806732,32000,3197.45,3200.0
2022-03-07 13:29:00,123.2,123.2,123.2,123.2,0,34.806732,32000,3197.45,3200.0
2022-03-07 13:30:00,123.2,123.2,123.2,123.2,0,34.806732,32000,3197.45,3200.0
2022-03-07 13:31:00,123.2,123.2,123.2,123.2,0,34.806732,32000,3197.45,3200.0
2022-03-07 13:32:00,123.2,123.2,123.2,123.2,0,34.806732,32000,3197.45,3200.0
2022-03-07 13:33:00,123.2,123.2,123.2,123.2,0,34.806732,32000,3197.45,3200.0
2022-03-07 13:34:00,123.2,123.2,123.2,123.2,0,34.806732,32000,3197.45,3200.0
2022-03-07 13:35:00,123.2,123.2,123.2,123.2,0,34.806732,32000,3197.45,3200.0
2022-03-07 13:36:00,123.2,123.2,123.2,123.2,0,34.806732,32000,3197.45,3200.0
2022-03-07 13:37:00,123.2,123.2,123.2,123.2,0,34.806732,32000,3197.45,3200.0
2022-03-07 13:38:00,123.2,123.2,123.2,123.2,0,34.806732,32000,3197.45,3200.0
2022-03-07 13:39:00,123.2,123.2,123.2,123.2,0,34.806732,32000,3197.45,3200.0
2022-03-07 13:40:00,123.2,123.2,123.2,123.2,0,34.806732,32000,3197.45,3200.0
2022-03-07 13:41:00,123.2,123.2,123.2,123.2,0,34.806732,32000,3197.45,3200.0
2022-03-07 13:42:00,123.2,123.2,123.2,123.2,0,34.806732,32000,3197.45,3200.0
2022-03-07 13:43:00,133.0,133.0,133.0,133.0,250,37.790665,750,3179.25,3180.0
2022-03-07 13:44:00,133.0,133.0,133.0,133.0,0,37.790665,750,3179.25,3180.0
2022-03-07 13:45:00,133.0,133.0,133.0,133.0,0,37.790665,750,3179.25,3180.0
2022-03-07 13:46:00,133.0,133.0,133.0,133.0,0,37.790665,750,3179.25,3180.0
2022-03-07 13:47:00,133.0,133.0,133.0,133.0,0,37.790665,750,3179.25,3180.0
2022-03-07 13:48:00,133.0,133.0,133.0,133.0,0,37.790665,750,3179.25,3180.0
2022-03-07 13:49:00,133.0,133.0,133.0,133.0,0,37.790665,750,3179.25,3180.0
2022-03-07 13:50:00,133.0,133.0,133.0,133.0,0,37.790665,750,3179.25,3180.0
2022-03-07 13:51:00,133.0,133.0,133.0,133.0,0,37.790665,750,3175.0,3180.0
2022-03-07 13:52:00,133.0,133.0,133.0,133.0,0,37.790665,750,3179.25,3180.0
2022-03-07 13:53:00,133.0,133.0,133.0,133.0,0,37.790665,750,3179.25,3180.0
2022-03-07 13:54:00,133.0,133.0,133.0,133.0,0,37.790665,750,3179.25,3180.0
2022-03-07 13:55:00,133.0,133.0,133.0,133.0,0,37.790665,750,3179.25,3180.0
2022-03-07 13:56:00,133.0,133.0,133.0,133.0,0,37.790665,750,3179.25,3180.0
2022-03-07 13:57:00,133.0,133.0,133.0,133.0,0,37.790665,750,3179.25,3180.0
2022-03-07 13:58:00,133.0,133.0,133.0,133.0,0,37.790665,750,3179.25,3180.0
2022-03-07 13:59:00,133.0,133.0,133.0,133.0,0,37.790665,750,3179.25,3180.0
2022-03-07 14:00:00,133.0,133.0,133.0,133.0,0,37.790665,750,3179.25,3180.0
2022-03-07 14:01:00,133.0,133.0,133.0,133.0,0,37.790665,750,3179.25,3180.0
2022-03-07 14:02:00,133.0,133.0,133.0,133.0,0,37.790665,750,3179.25,3180.0
2022-03-07 14:03:00,133.0,133.0,133.0,133.0,0,37.790665,750,3179.25,3180.0
2022-03-07 14:04:00,133.0,133.0,133.0,133.0,0,37.790665,750,3179.25,3180.0
2022-03-07 14:05:00,133.0,133.0,133.0,133.0,0,37.790665,750,3179.25,3180.0
2022-03-07 14:06:00,133.0,133.0,133.0,133.0,0,37.790665,750,3179.25,3180.0
2022-03-07 14:07:00,133.0,133.0,133.0,133.0,0,37.790665,750,3179.25,3180.0
2022-03-07 14:08:00,133.0,133.0,133.0,133.0,0,37.790665,750,3179.25,3180.0
2022-03-07 14:09:00,133.0,133.0,133.0,133.0,0,37.790665,750,3179.25,3180.0
2022-03-07 14:10:00,133.0,133.0,133.0,133.0,0,37.790665,750,3179.25,3180.0
2022-03-07 14:11:00,133.0,133.0,133.0,133.0,0,37.790665,750,3179.25,3180.0
2022-03-07 14:12:00,133.0,133.0,133.0,133.0,0,37.790665,750,3179.25,3180.0
2022-03-07 14:13:00,133.0,133.0,133.0,133.0,0,37.790665,750,3179.25,3180.0
2022-03-07 14:14:00,133.0,133.0,133.0,133.0,0,37.790665,750,3179.25,3180.0
2022-03-07 14:15:00,133.0,133.0,133.0,133.0,0,37.790665,750,3179.25,3180.0
2022-03-07 14:16:00,133.0,133.0,133.0,133.0,0,37.790665,750,3179.25,3180.0
2022-03-07 14:17:00,133.0,133.0,133.0,133.0,0,37.790665,750,3179.25,3180.0
2022-03-07 14:18:00,133.0,133.0,133.0,133.0,0,37.790665,750,3179.25,3180.0
2022-03-07 14:19:00,133.0,133.0,133.0,133.0,0,37.790665,750,3179.25,3180.0
2022-03-07 14:20:00,133.0,133.0,133.0,133.0,0,37.790665,750,3179.25,3180.0
2022-03-07 14:21:00,133.0,133.0,133.0,133.0,0,37.790665,750,3179.25,3180.0
2022-03-07 14:22:00,133.0,133.0,133.0,133.0,0,37.790665,750,3179.25,3180.0
2022-03-07 14:23:00,133.0,133.0,133.0,133.0,0,37.790665,750,3179.25,3180.0
2022-03-07 14:24:00,133.0,133.0,133.0,133.0,0,37.790665,750,3179.25,3180.0
2022-03-07 14:25:00,133.0,133.0,133.0,133.0,0,37.790665,750,3179.25,3180.0
2022-03-07 14:26:00,133.0,133.0,133.0,133.0,0,37.790665,750,3179.25,3180.0
2022-03-07 14:27:00,121.0,124.75,121.0,124.75,250,36.15674,32750,3192.45,3200.0
2022-03-07 14:28:00,124.75,127.0,124.75,127.0,750,36.094214,32750,3197.0,3200.0
2022-03-07 14:29:00,127.0,127.0,127.0,127.0,0,36.094214,32750,3197.9,3200.0
2022-03-07 14:30:00,129.0,131.0,129.0,131.0,1500,35.789699,32750,3206.1,3200.0
2022-03-07 14:31:00,131.0,131.0,131.0,131.0,0,35.789699,32750,3205.7,3200.0
2022-03-07 14:32:00,131.0,131.0,130.0,130.0,250,35.670904,32750,3205.0,3200.0
2022-03-07 14:33:00,130.0,130.0,130.0,130.0,0,35.670904,32750,3205.0,3200.0
2022-03-07 14:34:00,130.0,130.0,128.55,128.55,250,35.659001,33750,3202.45,3200.0
2022-03-07 14:35:00,128.55,129.0,128.55,129.0,250,35.373706,33750,3204.95,3200.0
2022-03-07 14:36:00,129.0,130.5,129.0,130.5,1000,35.32288,33750,3207.95,3200.0
2022-03-07 14:37:00,130.0,130.0,129.5,129.5,750,35.358199,33750,3205.95,3200.0
2022-03-07 14:38:00,126.65,126.65,126.65,126.65,1000,34.652703,33750,3204.95,3200.0
2022-03-07 14:39:00,130.9,131.2,130.9,131.2,750,35.788418,33500,3206.5,3200.0
2022-03-07 14:40:00,131.2,131.2,131.2,131.2,0,35.788418,33500,3206.5,3200.0
2022-03-07 14:41:00,131.2,131.2,131.2,131.2,0,35.788418,33500,3203.2,3200.0
2022-03-07 14:42:00,131.2,131.2,131.2,131.2,0,35.788418,33500,3206.5,3200.0
2022-03-07 14:43:00,130.0,130.0,130.0,130.0,250,35.703167,33500,3204.85,3200.0
2022-03-07 14:44:00,130.0,130.0,130.0,130.0,0,35.703167,33500,3204.85,3200.0
2022-03-07 14:45:00,130.0,130.0,130.0,130.0,0,35.703167,33500,3204.85,3200.0
2022-03-07 14:46:00,130.0,130.1,130.0,130.1,500,35.300203,33500,3207.4,3200.0
2022-03-07 14:47:00,130.1,130.1,130.1,130.1,0,35.300203,33500,3204.5,3200.0
2022-03-07 14:48:00,130.1,130.1,125.6,125.6,250,34.802706,33500,3202.2,3200.0
2022-03-07 14:49:00,125.6,126.35,125.6,126.35,500,34.421898,34000,3205.8,3200.0
2022-03-07 14:50:00,126.35,127.4,126.35,127.4,250,34.463052,34000,3207.45,3200.0
2022-03-07 14:51:00,127.4,127.4,127.4,127.4,0,34.463052,34000,3207.45,3200.0
2022-03-07 14:52:00,127.4,127.4,127.4,127.4,0,34.463052,34000,3207.45,3200.0
2022-03-07 14:53:00,105.95,120.05,105.95,120.05,250,33.583113,5500,3217.95,3220.0
2022-03-07 14:54:00,120.05,120.05,120.05,120.05,0,33.583113,5500,3216.15,3220.0
2022-03-07 14:55:00,120.05,120.05,120.05,120.05,0,33.583113,5500,3217.95,3220.0
2022-03-07 14:56:00,129.35,129.35,129.35,129.35,250,36.848411,5250,3215.4,3220.0
2022-03-07 14:57:00,129.0,129.0,127.3,127.3,750,33.997024,32500,3210.0,3200.0
2022-03-07 14:58:00,127.3,127.3,127.3,127.3,0,33.997024,32500,3210.0,3200.0
2022-03-07 14:59:00,127.3,127.3,127.3,127.3,0,33.997024,32500,3210.0,3200.0
2022-03-07 15:00:00,127.3,127.3,127.3,127.3,0,33.997024,32500,3210.0,3200.0
2022-03-07 15:01:00,127.3,127.3,127.3,127.3,0,33.997024,32500,3210.0,3200.0
2022-03-07 15:02:00,127.3,127.3,127.3,127.3,0,33.997024,32500,3210.0,3200.0
2022-03-07 15:03:00,127.3,127.3,127.3,127.3,0,33.997024,32500,3210.0,3200.0
2022-03-07 15:04:00,127.3,127.3,127.3,127.3,0,33.997024,32500,3210.0,3200.0
2022-03-07 15:05:00,127.3,127.3,127.3,127.3,0,33.997024,32500,3210.0,3200.0
2022-03-07 15:06:00,129.35,129.35,128.8,128.8,250,35.250741,5500,3224.0,3220.0
2022-03-07 15:07:00,128.8,128.8,128.8,128.8,0,35.250741,5500,3224.0,3220.0
2022-03-07 15:08:00,128.8,128.8,128.8,128.8,0,35.250741,5500,3224.0,3220.0
2022-03-07 15:09:00,128.8,128.8,128.8,128.8,0,35.250741,5500,3224.0,3220.0
2022-03-07 15:10:00,128.8,128.8,128.8,128.8,0,35.250741,5500,3224.0,3220.0
2022-03-07 15:11:00,128.8,128.8,128.8,128.8,0,35.250741,5500,3224.0,3220.0
2022-03-07 15:12:00,128.8,128.8,128.8,128.8,0,35.250741,5500,3224.0,3220.0
2022-03-07 15:13:00,128.8,128.8,128.8,128.8,0,35.250741,5500,3224.0,3220.0
2022-03-07 15:14:00,128.8,128.8,124.35,124.35,500,32.879261,5750,3229.95,3220.0
2022-03-07 15:15:00,124.35,124.35,124.35,124.35,0,32.879261,5750,3229.95,3220.0
2022-03-07 15:16:00,124.35,124.35,124.35,124.35,0,32.879261,5750,3229.95,3220.0
2022-03-07 15:17:00,124.35,124.35,124.35,124.35,0,32.879261,5750,3229.95,3220.0
2022-03-07 15:18:00,124.35,124.35,124.35,124.35,0,32.879261,5750,3229.95,3220.0
2022-03-07 15:19:00,124.35,124.35,124.35,124.35,0,32.879261,5750,3229.95,3220.0
2022-03-07 15:20:00,124.35,124.35,124.35,124.35,0,32.879261,5750,3229.95,3220.0
2022-03-07 15:21:00,124.35,124.35,124.35,124.35,0,32.879261,5750,3229.95,3220.0
2022-03-07 15:22:00,124.35,124.35,124.35,124.35,0,32.879261,5750,3229.95,3220.0
2022-03-07 15:23:00,106.95,106.95,106.95,106.95,1000,27.157408,5500,3270.0,3260.0
2022-03-07 15:24:00,106.95,107.95,106.95,107.0,500,28.866089,5500,3260.0,3260.0
2022-03-07 15:25:00,106.95,106.95,101.75,101.75,1000,28.130141,6750,3254.85,3260.0
2022-03-07 15:26:00,101.75,101.75,101.75,101.75,0,28.130141,6750,3254.85,3260.0
2022-03-07 15:27:00,115.0,115.0,115.0,115.0,250,31.640805,3250,3239.15,3240.0
2022-03-07 15:28:00,115.0,115.0,115.0,115.0,0,31.640805,3250,3239.15,3240.0
2022-03-07 15:29:00,115.0,115.0,115.0,115.0,750,32.385104,3500,3234.65,3240.0
2022-03-08 09:20:00,113.45,113.45,113.45,113.45,250,33.658127,35000,3190.55,3200.0
2022-03-08 09:21:00,113.45,117.65,98.55,116.95,4250,34.826672,35000,3190.1,3200.0
2022-03-08 09:22:00,116.95,121.0,116.95,121.0,500,35.925683,35000,3191.1,3200.0
2022-03-08 09:23:00,121.0,121.0,119.0,119.0,250,34.225574,35000,3197.5,3200.0
2022-03-08 09:24:00,121.8,121.85,121.8,121.8,500,34.031879,32750,3203.75,3200.0
2022-03-08 09:25:00,121.8,121.8,121.8,121.8,0,34.031879,32750,3226.3,3220.0
2022-03-08 09:26:00,121.8,121.8,121.8,121.8,0,34.031879,32750,3220.5,3220.0
2022-03-08 09:27:00,121.8,121.8,121.8,121.8,0,34.031879,32750,3234.0,3240.0
2022-03-08 09:28:00,121.8,121.8,121.8,121.8,0,34.031879,32750,3234.9,3240.0
2022-03-08 09:29:00,121.8,121.8,121.8,121.8,0,34.031879,32750,3217.65,3220.0
2022-03-08 09:30:00,121.8,121.8,121.8,121.8,0,34.031879,32750,3210.4,3220.0
2022-03-08 09:31:00,121.8,121.8,121.8,121.8,0,34.031879,32750,3216.0,3220.0
2022-03-08 09:32:00,121.8,121.8,121.8,121.8,0,34.031879,32750,3210.75,3220.0
2022-03-08 09:33:00,129.0,129.0,129.0,129.0,250,35.604218,32250,3207.7,3200.0
2022-03-08 09:34:00,129.0,129.0,129.0,129.0,0,35.604218,32250,3210.05,3220.0
2022-03-08 09:35:00,129.0,129.0,129.0,129.0,0,35.604218,32250,3209.85,3200.0
2022-03-08 09:36:00,129.0,129.0,129.0,129.0,0,35.604218,32250,3200.8,3200.0
2022-03-08 09:37:00,129.0,129.0,129.0,129.0,0,35.604218,32250,3210.85,3220.0
2022-03-08 09:38:00,129.0,129.0,129.0,129.0,0,35.604218,32250,3214.65,3220.0
2022-03-08 09:39:00,129.0,129.0,129.0,129.0,0,35.604218,32250,3212.35,3220.0
2022-03-08 09:40:00,129.0,129.0,129.0,129.0,0,35.604218,32250,3206.1,3200.0
2022-03-08 09:41:00,129.0,129.0,127.0,127.0,500,36.574903,32000,3198.45,3200.0
2022-03-08 09:42:00,126.0,126.0,126.0,126.0,250,36.64429,32000,3196.2,3200.0
2022-03-08 09:43:00,126.0,126.0,126.0,126.0,0,36.64429,32000,3204.3,3200.0
2022-03-08 09:44:00,126.0,126.0,126.0,126.0,0,36.64429,32000,3198.2,3200.0
2022-03-08 09:45:00,126.0,126.0,126.0,126.0,500,37.184647,32250,3193.0,3200.0
2022-03-08 09:46:00,126.0,126.0,126.0,126.0,250,36.613064,32250,3196.4,3200.0
2022-03-08 09:47:00,126.0,126.0,126.0,126.0,0,36.613064,32250,3200.0,3200.0
2022-03-08 09:48:00,126.0,126.0,126.0,126.0,500,34.927291,33000,3206.25,3200.0
2022-03-08 09:49:00,126.0,126.0,126.0,126.0,0,34.927291,33000,3208.0,3200.0
2022-03-08 09:50:00,126.0,126.0,126.0,126.0,0,34.927291,33000,3207.7,3200.0
2022-03-08 09:51:00,126.0,126.0,126.0,126.0,0,34.927291,33000,3207.35,3200.0
2022-03-08 09:52:00,126.0,126.0,126.0,126.0,0,34.927291,33000,3210.0,3220.0
2022-03-08 09:53:00,126.0,129.05,126.0,129.05,500,35.580202,32500,3208.0,3200.0
2022-03-08 09:54:00,129.05,129.05,129.05,129.05,0,35.580202,32500,3207.65,3200.0
2022-03-08 09:55:00,129.05,129.05,129.05,129.05,0,35.580202,32500,3206.5,3200.0
2022-03-08 09:56:00,129.05,129.05,129.05,129.05,0,35.580202,32500,3211.0,3220.0
2022-03-08 09:57:00,129.05,129.05,129.05,129.05,0,35.580202,32500,3210.05,3220.0
2022-03-08 09:58:00,129.05,129.05,129.05,129.05,0,35.580202,32500,3205.15,3200.0
2022-03-08 09:59:00,130.0,130.0,130.0,130.0,250,35.750424,33000,3208.75,3200.0
2022-03-08 10:00:00,130.0,130.0,130.0,130.0,0,35.750424,33000,3205.5,3200.0
2022-03-08 10:01:00,130.0,130.0,130.0,130.0,0,35.750424,33000,3210.0,3220.0
2022-03-08 10:02:00,130.0,130.0,130.0,130.0,0,35.750424,33000,3209.95,3200.0
2022-03-08 10:03:00,130.0,130.0,130.0,130.0,0,35.750424,33000,3214.6,3220.0
2022-03-08 10:04:00,130.0,130.0,130.0,130.0,0,35.750424,33000,3217.3,3220.0
2022-03-08 10:05:00,130.0,130.0,130.0,130.0,0,35.750424,33000,3215.85,3220.0
2022-03-08 10:06:00,130.0,130.0,130.0,130.0,0,35.750424,33000,3221.4,3220.0
2022-03-08 10:07:00,130.0,130.0,130.0,130.0,0,35.750424,33000,3220.0,3220.0
2022-03-08 10:08:00,130.0,130.0,130.0,130.0,0,35.750424,33000,3218.5,3220.0
2022-03-08 10:09:00,130.0,130.0,130.0,130.0,0,35.750424,33000,3214.05,3220.0
2022-03-08 10:10:00,130.0,130.0,130.0,130.0,0,35.750424,33000,3213.25,3220.0
2022-03-08 10:11:00,130.0,130.0,130.0,130.0,0,35.750424,33000,3218.0,3220.0
2022-03-08 10:12:00,118.05,126.05,118.05,126.05,250,35.278041,5500,3223.0,3220.0
2022-03-08 10:13:00,126.05,126.05,126.05,126.05,0,35.278041,5500,3223.25,3220.0
2022-03-08 10:14:00,126.05,126.05,126.05,126.05,0,35.278041,5500,3223.6,3220.0
2022-03-08 10:15:00,126.05,126.05,126.05,126.05,0,35.278041,5500,3219.5,3220.0
2022-03-08 10:16:00,126.05,126.05,126.05,126.05,0,35.278041,5500,3216.5,3220.0
2022-03-08 10:17:00,126.05,126.05,126.05,126.05,0,35.278041,5500,3214.0,3220.0
2022-03-08 10:18:00,126.05,126.05,126.05,126.05,0,35.278041,5500,3219.1,3220.0
2022-03-08 10:19:00,126.05,126.05,126.05,126.05,0,35.278041,5500,3215.0,3220.0
2022-03-08 10:20:00,126.05,126.05,126.05,126.05,0,35.278041,5500,3216.6,3220.0
2022-03-08 10:21:00,126.05,126.05,126.05,126.05,0,35.278041,5500,3216.8,3220.0
2022-03-08 10:22:00,126.05,126.05,122.7,122.7,250,34.311272,5750,3222.6,3220.0
2022-03-08 10:23:00,122.7,122.7,122.7,122.7,0,34.311272,5750,3225.0,3220.0
2022-03-08 10:24:00,122.7,122.7,122.7,122.7,0,34.311272,5750,3228.35,3220.0
2022-03-08 10:25:00,122.0,122.0,120.0,120.0,250,34.533573,4750,3234.95,3240.0
2022-03-08 10:26:00,120.0,120.0,120.0,120.0,0,34.533573,4750,3238.0,3240.0
2022-03-08 10:27:00,120.0,120.0,120.0,120.0,0,34.533573,4750,3240.55,3240.0
2022-03-08 10:28:00,120.0,124.0,120.0,124.0,250,35.151549,4750,3238.65,3240.0
2022-03-08 10:29:00,124.0,124.0,124.0,124.0,0,35.151549,4750,3240.4,3240.0
2022-03-08 10:30:00,124.0,124.0,124.0,124.0,0,35.151549,4750,3236.45,3240.0
2022-03-08 10:31:00,120.55,122.95,120.55,122.95,500,35.987006,5000,3231.7,3240.0
2022-03-08 10:32:00,122.95,122.95,122.95,122.95,0,35.987006,5000,3231.8,3240.0
2022-03-08 10:33:00,122.95,122.95,122.95,122.95,0,35.987006,5000,3223.5,3220.0
2022-03-08 10:34:00,122.95,122.95,122.95,122.95,0,35.987006,5000,3220.0,3220.0
2022-03-08 10:35:00,122.95,122.95,122.95,122.95,0,35.987006,5000,3224.0,3220.0
2022-03-08 10:36:00,136.5,136.5,129.6,129.6,250,35.967959,5250,3225.5,3220.0
2022-03-08 10:37:00,129.6,129.6,129.6,129.6,0,35.967959,5250,3221.5,3220.0
2022-03-08 10:38:00,129.6,129.6,129.6,129.6,0,35.967959,5250,3221.9,3220.0
2022-03-08 10:39:00,129.6,129.6,129.6,129.6,0,35.967959,5250,3221.8,3220.0
2022-03-08 10:40:00,122.25,122.25,122.25,122.25,250,33.658105,5500,3225.65,3220.0
2022-03-08 10:41:00,122.25,122.25,122.25,122.25,0,33.658105,5500,3221.1,3220.0
2022-03-08 10:42:00,122.25,122.25,122.25,122.25,0,33.658105,5500,3221.1,3220.0
2022-03-08 10:43:00,122.25,122.25,122.25,122.25,0,33.658105,5500,3227.2,3220.0
2022-03-08 10:44:00,122.25,122.25,122.25,122.25,0,33.658105,5500,3228.0,3220.0
2022-03-08 10:45:00,122.25,122.25,122.25,122.25,0,33.658105,5500,3226.2,3220.0
2022-03-08 10:46:00,122.25,126.3,122.25,126.3,250,35.888277,5250,3220.0,3220.0
2022-03-08 10:47:00,126.3,126.3,126.3,126.3,0,35.888277,5250,3224.0,3220.0
2022-03-08 10:48:00,126.3,126.3,126.3,126.3,0,35.888277,5250,3221.0,3220.0
2022-03-08 10:49:00,126.3,126.3,126.3,126.3,0,35.888277,5250,3222.05,3220.0
2022-03-08 10:50:00,126.3,126.3,126.3,126.3,0,35.888277,5250,3220.85,3220.0
2022-03-08 10:51:00,126.3,126.3,126.3,126.3,0,35.888277,5250,3220.0,3220.0
2022-03-08 10:52:00,126.3,126.3,126.3,126.3,0,35.888277,5250,3223.2,3220.0
2022-03-08 10:53:00,126.3,126.3,126.3,126.3,0,35.888277,5250,3224.0,3220.0
2022-03-08 10:54:00,126.3,126.3,126.3,126.3,0,35.888277,5250,3226.95,3220.0
2022-03-08 10:55:00,126.3,126.3,126.3,126.3,0,35.888277,5250,3225.95,3220.0
2022-03-08 10:56:00,126.3,127.2,126.3,127.2,250,34.706185,5500,3228.55,3220.0
2022-03-08 10:57:00,127.2,127.2,127.2,127.2,0,34.706185,5500,3226.55,3220.0
2022-03-08 10:58:00,127.2,127.2,127.2,127.2,0,34.706185,5500,3225.0,3220.0
2022-03-08 10:59:00,127.2,127.2,127.2,127.2,0,34.706185,5500,3222.5,3220.0
2022-03-08 11:00:00,127.2,127.2,127.2,127.2,0,34.706185,5500,3222.0,3220.0
2022-03-08 11:01:00,127.2,127.2,127.2,127.2,0,34.706185,5500,3220.0,3220.0
2022-03-08 11:02:00,127.2,127.2,127.2,127.2,0,34.706185,5500,3226.0,3220.0
2022-03-08 11:03:00,114.95,114.95,114.95,114.95,750,32.486015,5000,3238.0,3240.0
2022-03-08 11:04:00,114.95,119.0,114.95,119.0,250,33.989713,5000,3236.5,3240.0
2022-03-08 11:05:00,119.0,119.0,119.0,119.0,0,33.989713,5000,3239.05,3240.0
2022-03-08 11:06:00,119.0,119.0,119.0,119.0,0,33.989713,5000,3242.8,3240.0
2022-03-08 11:07:00,119.0,128.0,119.0,128.0,250,35.973304,4250,3241.25,3240.0
2022-03-08 11:08:00,128.0,128.0,122.0,122.0,250,35.261066,4250,3234.45,3240.0
2022-03-08 11:09:00,122.0,122.0,119.6,119.6,250,34.328544,4750,3235.6,3240.0
2022-03-08 11:10:00,119.6,119.6,119.6,119.6,0,34.328544,4750,3235.0,3240.0
2022-03-08 11:11:00,119.6,122.1,119.6,122.1,250,34.826264,4750,3237.25,3240.0
2022-03-08 11:12:00,122.1,122.1,122.1,122.1,0,34.826264,4750,3239.35,3240.0
2022-03-08 11:13:00,122.1,122.1,122.1,122.1,0,34.826264,4750,3238.5,3240.0
2022-03-08 11:14:00,122.1,122.1,122.1,122.1,0,34.826264,4750,3237.2,3240.0
2022-03-08 11:15:00,122.1,122.1,122.1,122.1,0,34.826264,4750,3236.4,3240.0
2022-03-08 11:16:00,122.1,122.1,122.1,122.1,0,34.826264,4750,3231.65,3240.0
2022-03-08 11:17:00,122.1,122.1,122.1,122.1,0,34.826264,4750,3232.1,3240.0
2022-03-08 11:18:00,122.1,122.1,122.1,122.1,0,34.826264,4750,3228.3,3220.0
2022-03-08 11:19:00,122.1,122.1,122.1,122.1,0,34.826264,4750,3228.35,3220.0
2022-03-08 11:20:00,122.1,122.1,122.1,122.1,0,34.826264,4750,3227.0,3220.0
2022-03-08 11:21:00,122.1,122.1,122.1,122.1,0,34.826264,4750,3227.9,3220.0
2022-03-08 11:22:00,122.1,122.1,122.1,122.1,0,34.826264,4750,3225.35,3220.0
2022-03-08 11:23:00,122.1,122.1,122.1,122.1,0,34.826264,4750,3227.85,3220.0
2022-03-08 11:24:00,122.1,122.1,122.1,122.1,0,34.826264,4750,3224.85,3220.0
2022-03-08 11:25:00,122.1,122.1,122.1,122.1,0,34.826264,4750,3226.85,3220.0
2022-03-08 11:26:00,122.1,122.1,122.1,122.1,0,34.826264,4750,3224.85,3220.0
2022-03-08 11:27:00,122.1,122.1,122.1,122.1,0,34.826264,4750,3222.15,3220.0
2022-03-08 11:28:00,122.1,122.1,122.1,122.1,0,34.826264,4750,3221.15,3220.0
2022-03-08 11:29:00,125.0,125.0,125.0,125.0,250,35.511176,5000,3220.0,3220.0
2022-03-08 11:30:00,125.0,125.0,125.0,125.0,0,35.511176,5000,3223.0,3220.0
2022-03-08 11:31:00,125.0,125.0,125.0,125.0,0,35.511176,5000,3224.05,3220.0
2022-03-08 11:32:00,125.0,125.0,125.0,125.0,0,35.511176,5000,3223.05,3220.0
2022-03-08 11:33:00,125.0,125.0,125.0,125.0,0,35.511176,5000,3229.0,3220.0
2022-03-08 11:34:00,125.0,125.0,125.0,125.0,0,35.511176,5000,3232.0,3240.0
2022-03-08 11:35:00,125.0,125.0,125.0,125.0,0,35.511176,5000,3230.3,3240.0
2022-03-08 11:36:00,125.0,125.0,125.0,125.0,0,35.511176,5000,3232.9,3240.0
2022-03-08 11:37:00,125.0,125.0,125.0,125.0,0,35.511176,5000,3231.15,3240.0
2022-03-08 11:38:00,125.0,125.0,125.0,125.0,0,35.511176,5000,3230.3,3240.0
2022-03-08 11:39:00,125.0,125.0,125.0,125.0,0,35.511176,5000,3231.95,3240.0
2022-03-08 11:40:00,125.0,125.0,125.0,125.0,0,35.511176,5000,3230.35,3240.0
2022-03-08 11:41:00,125.0,125.0,125.0,125.0,0,35.511176,5000,3228.8,3220.0
2022-03-08 11:42:00,125.0,125.0,125.0,125.0,0,35.511176,5000,3226.6,3220.0
2022-03-08 11:43:00,125.0,125.0,125.0,125.0,0,35.511176,5000,3225.0,3220.0
2022-03-08 11:44:00,125.0,125.0,125.0,125.0,0,35.511176,5000,3227.0,3220.0
2022-03-08 11:45:00,125.0,125.0,125.0,125.0,0,35.511176,5000,3222.0,3220.0
2022-03-08 11:46:00,125.0,125.0,125.0,125.0,0,35.511176,5000,3224.75,3220.0
2022-03-08 11:47:00,125.0,125.0,125.0,125.0,0,35.511176,5000,3222.5,3220.0
2022-03-08 11:48:00,125.0,125.0,125.0,125.0,0,35.511176,5000,3217.6,3220.0
2022-03-08 11:49:00,125.0,125.0,125.0,125.0,0,35.511176,5000,3220.0,3220.0
2022-03-08 11:50:00,125.0,125.0,125.0,125.0,0,35.511176,5000,3220.0,3220.0
2022-03-08 11:51:00,125.0,125.0,125.0,125.0,0,35.511176,5000,3220.3,3220.0
2022-03-08 11:52:00,125.0,125.0,125.0,125.0,0,35.511176,5000,3220.05,3220.0
2022-03-08 11:53:00,125.0,125.0,125.0,125.0,0,35.511176,5000,3220.0,3220.0
2022-03-08 11:54:00,125.0,125.0,125.0,125.0,0,35.511176,5000,3220.05,3220.0
2022-03-08 11:55:00,125.0,125.0,125.0,125.0,0,35.511176,5000,3222.95,3220.0
2022-03-08 11:56:00,125.0,125.0,125.0,125.0,0,35.511176,5000,3221.25,3220.0
2022-03-08 11:57:00,125.0,125.0,125.0,125.0,0,35.511176,5000,3220.0,3220.0
2022-03-08 11:58:00,125.0,125.0,125.0,125.0,0,35.511176,5000,3223.0,3220.0
2022-03-08 11:59:00,125.0,125.0,125.0,125.0,0,35.511176,5000,3221.0,3220.0
2022-03-08 12:00:00,125.0,125.0,125.0,125.0,0,35.511176,5000,3222.0,3220.0
2022-03-08 12:01:00,125.0,125.0,125.0,125.0,0,35.511176,5000,3222.95,3220.0
2022-03-08 12:02:00,125.0,125.0,125.0,125.0,0,35.511176,5000,3222.0,3220.0
2022-03-08 12:03:00,125.0,125.0,125.0,125.0,0,35.511176,5000,3224.8,3220.0
2022-03-08 12:04:00,125.0,125.0,125.0,125.0,0,35.511176,5000,3228.85,3220.0
2022-03-08 12:05:00,125.0,125.0,125.0,125.0,0,35.511176,5000,3226.0,3220.0
2022-03-08 12:06:00,125.0,125.0,125.0,125.0,0,35.511176,5000,3226.0,3220.0
2022-03-08 12:07:00,125.0,125.0,125.0,125.0,0,35.511176,5000,3226.0,3220.0
2022-03-08 12:08:00,125.0,125.0,125.0,125.0,0,35.511176,5000,3224.5,3220.0
2022-03-08 12:09:00,125.0,125.0,125.0,125.0,0,35.511176,5000,3218.75,3220.0
2022-03-08 12:10:00,125.0,125.0,125.0,125.0,0,35.511176,5000,3222.7,3220.0
2022-03-08 12:11:00,125.0,125.0,125.0,125.0,0,35.511176,5000,3222.0,3220.0
2022-03-08 12:12:00,125.0,125.0,125.0,125.0,0,35.511176,5000,3221.4,3220.0
2022-03-08 12:13:00,125.0,125.0,125.0,125.0,0,35.511176,5000,3218.5,3220.0
2022-03-08 12:14:00,125.0,125.0,125.0,125.0,0,35.511176,5000,3219.25,3220.0
2022-03-08 12:15:00,125.0,125.0,125.0,125.0,0,35.511176,5000,3218.75,3220.0
2022-03-08 12:16:00,125.0,125.0,125.0,125.0,0,35.511176,5000,3220.0,3220.0
2022-03-08 12:17:00,125.0,125.0,125.0,125.0,0,35.511176,5000,3215.95,3220.0
2022-03-08 12:18:00,125.0,125.0,125.0,125.0,0,35.511176,5000,3217.55,3220.0
2022-03-08 12:19:00,125.0,125.0,125.0,125.0,0,35.511176,5000,3214.85,3220.0
2022-03-08 12:20:00,125.0,125.0,125.0,125.0,0,35.511176,5000,3219.0,3220.0
2022-03-08 12:21:00,125.0,125.0,125.0,125.0,0,35.511176,5000,3216.6,3220.0
2022-03-08 12:22:00,125.0,125.0,125.0,125.0,0,35.511176,5000,3217.3,3220.0
2022-03-08 12:23:00,125.0,125.0,125.0,125.0,0,35.511176,5000,3218.05,3220.0
2022-03-08 12:24:00,125.0,125.0,125.0,125.0,0,35.511176,5000,3223.35,3220.0
2022-03-08 12:25:00,125.0,125.0,125.0,125.0,0,35.511176,5000,3220.0,3220.0
2022-03-08 12:26:00,125.0,125.0,125.0,125.0,0,35.511176,5000,3219.65,3220.0
2022-03-08 12:27:00,125.0,125.0,125.0,125.0,0,35.511176,5000,3215.95,3220.0
2022-03-08 12:28:00,125.0,125.0,125.0,125.0,0,35.511176,5000,3212.8,3220.0
2022-03-08 12:29:00,125.0,125.0,125.0,125.0,0,35.511176,5000,3211.4,3220.0
2022-03-08 12:30:00,125.0,125.0,125.0,125.0,0,35.511176,5000,3212.25,3220.0
2022-03-08 12:31:00,125.0,125.0,125.0,125.0,0,35.511176,5000,3214.85,3220.0
2022-03-08 12:32:00,125.0,125.0,125.0,125.0,0,35.511176,5000,3212.0,3220.0
2022-03-08 12:33:00,125.0,125.0,125.0,125.0,0,35.511176,5000,3210.0,3220.0
2022-03-08 12:34:00,125.0,125.0,125.0,125.0,0,35.511176,5000,3210.65,3220.0
2022-03-08 12:35:00,125.0,125.0,125.0,125.0,0,35.511176,5000,3210.95,3220.0
2022-03-08 12:36:00,125.0,125.0,125.0,125.0,0,35.511176,5000,3210.25,3220.0
2022-03-08 12:37:00,125.0,125.0,125.0,125.0,0,35.511176,5000,3210.9,3220.0
2022-03-08 12:38:00,125.0,125.0,125.0,125.0,0,35.511176,5000,3210.15,3220.0
2022-03-08 12:39:00,125.0,125.0,125.0,125.0,0,35.511176,5000,3210.3,3220.0
2022-03-08 12:40:00,125.0,125.0,125.0,125.0,0,35.511176,5000,3210.25,3220.0
2022-03-08 12:41:00,125.0,125.0,125.0,125.0,0,35.511176,5000,3211.0,3220.0
2022-03-08 12:42:00,125.0,125.0,125.0,125.0,0,35.511176,5000,3210.05,3220.0
2022-03-08 12:43:00,125.0,125.0,125.0,125.0,0,35.511176,5000,3213.9,3220.0
2022-03-08 12:44:00,125.0,125.0,125.0,125.0,0,35.511176,5000,3213.9,3220.0
2022-03-08 12:45:00,125.0,125.0,125.0,125.0,0,35.511176,5000,3212.65,3220.0
2022-03-08 12:46:00,125.0,125.0,125.0,125.0,0,35.511176,5000,3213.65,3220.0
2022-03-08 12:47:00,125.0,125.0,125.0,125.0,0,35.511176,5000,3213.0,3220.0
2022-03-08 12:48:00,125.0,125.0,125.0,125.0,0,35.511176,5000,3217.0,3220.0
2022-03-08 12:49:00,125.0,125.0,125.0,125.0,0,35.511176,5000,3211.8,3220.0
2022-03-08 12:50:00,125.0,125.0,125.0,125.0,0,35.511176,5000,3212.45,3220.0
2022-03-08 12:51:00,125.0,125.0,125.0,125.0,0,35.511176,5000,3207.65,3200.0
2022-03-08 12:52:00,125.0,125.0,125.0,125.0,0,35.511176,5000,3206.8,3200.0
2022-03-08 12:53:00,125.0,125.0,125.0,125.0,0,35.511176,5000,3207.0,3200.0
2022-03-08 12:54:00,125.0,125.0,125.0,125.0,0,35.511176,5000,3208.9,3200.0
2022-03-08 12:55:00,125.0,125.0,125.0,125.0,0,35.511176,5000,3208.6,3200.0
2022-03-08 12:56:00,125.0,125.0,125.0,125.0,0,35.511176,5000,3209.6,3200.0
2022-03-08 12:57:00,125.0,125.0,125.0,125.0,0,35.511176,5000,3208.05,3200.0
2022-03-08 12:58:00,125.0,125.0,125.0,125.0,0,35.511176,5000,3208.8,3200.0
2022-03-08 12:59:00,125.0,125.0,125.0,125.0,0,35.511176,5000,3208.05,3200.0
2022-03-08 13:00:00,125.0,125.0,125.0,125.0,0,35.511176,5000,3205.3,3200.0
2022-03-08 13:01:00,125.0,125.0,125.0,125.0,0,35.511176,5000,3206.45,3200.0
2022-03-08 13:02:00,125.0,125.0,125.0,125.0,0,35.511176,5000,3206.45,3200.0
2022-03-08 13:03:00,125.0,125.0,125.0,125.0,0,35.511176,5000,3203.0,3200.0
2022-03-08 13:04:00,125.0,125.0,125.0,125.0,0,35.511176,5000,3195.5,3200.0
2022-03-08 13:05:00,125.0,125.0,125.0,125.0,0,35.511176,5000,3201.45,3200.0
2022-03-08 13:06:00,125.0,125.0,125.0,125.0,0,35.511176,5000,3201.75,3200.0
2022-03-08 13:07:00,125.0,125.0,125.0,125.0,0,35.511176,5000,3199.35,3200.0
2022-03-08 13:08:00,125.0,125.0,125.0,125.0,0,35.511176,5000,3210.0,3220.0
2022-03-08 13:09:00,125.0,125.0,125.0,125.0,0,35.511176,5000,3205.95,3200.0
2022-03-08 13:10:00,125.0,125.0,125.0,125.0,0,35.511176,5000,3210.55,3220.0
2022-03-08 13:11:00,125.0,125.0,125.0,125.0,0,35.511176,5000,3210.15,3220.0
2022-03-08 13:12:00,125.0,125.0,125.0,125.0,0,35.511176,5000,3207.55,3200.0
2022-03-08 13:13:00,125.0,125.0,125.0,125.0,0,35.511176,5000,3210.95,3220.0
2022-03-08 13:14:00,125.0,125.0,125.0,125.0,0,35.511176,5000,3212.3,3220.0
2022-03-08 13:15:00,125.0,125.0,125.0,125.0,0,35.511176,5000,3211.7,3220.0
2022-03-08 13:16:00,125.0,125.0,125.0,125.0,0,35.511176,5000,3213.0,3220.0
2022-03-08 13:17:00,125.0,125.0,125.0,125.0,0,35.511176,5000,3212.7,3220.0
2022-03-08 13:18:00,125.0,125.0,125.0,125.0,0,35.511176,5000,3213.0,3220.0
2022-03-08 13:19:00,125.0,125.0,125.0,125.0,0,35.511176,5000,3210.5,3220.0
2022-03-08 13:20:00,125.0,125.0,125.0,125.0,0,35.511176,5000,3208.9,3200.0
2022-03-08 13:21:00,125.0,125.0,125.0,125.0,0,35.511176,5000,3208.75,3200.0
2022-03-08 13:22:00,125.0,125.0,125.0,125.0,0,35.511176,5000,3208.35,3200.0
2022-03-08 13:23:00,125.0,125.0,125.0,125.0,0,35.511176,5000,3210.9,3220.0
2022-03-08 13:24:00,125.0,125.0,125.0,125.0,0,35.511176,5000,3214.0,3220.0
2022-03-08 13:25:00,125.0,125.0,125.0,125.0,0,35.511176,5000,3212.55,3220.0
2022-03-08 13:26:00,125.0,125.0,125.0,125.0,0,35.511176,5000,3210.0,3220.0
2022-03-08 13:27:00,125.0,125.0,125.0,125.0,0,35.511176,5000,3211.0,3220.0
2022-03-08 13:28:00,125.0,125.0,125.0,125.0,0,35.511176,5000,3206.7,3200.0
2022-03-08 13:29:00,125.0,125.0,125.0,125.0,0,35.511176,5000,3207.5,3200.0
2022-03-08 13:30:00,116.4,116.4,116.4,116.4,750,31.9992,30250,3206.55,3200.0
2022-03-08 13:31:00,116.4,116.4,116.4,116.4,0,31.9992,30250,3212.0,3220.0
2022-03-08 13:32:00,116.4,116.4,116.4,116.4,0,31.9992,30250,3211.1,3220.0
2022-03-08 13:33:00,116.4,116.4,116.4,116.4,0,31.9992,30250,3213.0,3220.0
2022-03-08 13:34:00,116.4,116.4,116.4,116.4,0,31.9992,30250,3215.45,3220.0
2022-03-08 13:35:00,116.4,116.4,116.4,116.4,0,31.9992,30250,3217.95,3220.0
2022-03-08 13:36:00,116.4,116.4,116.4,116.4,0,31.9992,30250,3216.4,3220.0
2022-03-08 13:37:00,116.4,116.4,116.4,116.4,0,31.9992,30250,3215.15,3220.0
2022-03-08 13:38:00,116.4,116.4,116.4,116.4,0,31.9992,30250,3215.95,3220.0
2022-03-08 13:39:00,116.4,116.4,116.4,116.4,0,31.9992,30250,3215.3,3220.0
2022-03-08 13:40:00,116.4,116.4,116.4,116.4,0,31.9992,30250,3214.9,3220.0
2022-03-08 13:41:00,116.4,116.4,116.4,116.4,0,31.9992,30250,3217.0,3220.0
2022-03-08 13:42:00,116.4,116.4,116.4,116.4,0,31.9992,30250,3215.8,3220.0
2022-03-08 13:43:00,116.4,116.4,116.4,116.4,0,31.9992,30250,3217.2,3220.0
2022-03-08 13:44:00,116.4,116.4,116.4,116.4,0,31.9992,30250,3219.95,3220.0
2022-03-08 13:45:00,116.4,116.4,116.4,116.4,0,31.9992,30250,3226.0,3220.0
2022-03-08 13:46:00,116.4,116.4,116.4,116.4,0,31.9992,30250,3223.6,3220.0
2022-03-08 13:47:00,116.4,116.4,116.4,116.4,0,31.9992,30250,3222.2,3220.0
2022-03-08 13:48:00,116.4,116.4,116.4,116.4,0,31.9992,30250,3220.95,3220.0
2022-03-08 13:49:00,116.4,116.4,116.4,116.4,0,31.9992,30250,3220.1,3220.0
2022-03-08 13:50:00,116.4,116.4,116.4,116.4,0,31.9992,30250,3220.0,3220.0
2022-03-08 13:51:00,116.4,116.4,116.4,116.4,0,31.9992,30250,3219.8,3220.0
2022-03-08 13:52:00,116.4,116.4,116.4,116.4,0,31.9992,30250,3224.6,3220.0
2022-03-08 13:53:00,116.4,116.4,116.4,116.4,0,31.9992,30250,3221.7,3220.0
2022-03-08 13:54:00,116.4,116.4,116.4,116.4,0,31.9992,30250,3222.75,3220.0
2022-03-08 13:55:00,116.4,116.4,116.4,116.4,0,31.9992,30250,3221.85,3220.0
2022-03-08 13:56:00,116.4,116.4,116.4,116.4,0,31.9992,30250,3223.15,3220.0
2022-03-08 13:57:00,116.4,116.4,116.4,116.4,0,31.9992,30250,3223.9,3220.0
2022-03-08 13:58:00,116.4,116.4,116.4,116.4,0,31.9992,30250,3223.0,3220.0
2022-03-08 13:59:00,116.4,116.4,116.4,116.4,0,31.9992,30250,3223.8,3220.0
2022-03-08 14:00:00,116.4,116.4,116.4,116.4,0,31.9992,30250,3231.0,3240.0
2022-03-08 14:01:00,116.4,116.4,116.4,116.4,0,31.9992,30250,3235.9,3240.0
2022-03-08 14:02:00,116.4,116.4,116.4,116.4,0,31.9992,30250,3235.0,3240.0
2022-03-08 14:03:00,116.4,116.4,116.4,116.4,0,31.9992,30250,3234.5,3240.0
2022-03-08 14:04:00,116.4,116.4,116.4,116.4,0,31.9992,30250,3230.75,3240.0
2022-03-08 14:05:00,116.4,116.4,116.4,116.4,0,31.9992,30250,3234.25,3240.0
2022-03-08 14:06:00,103.2,109.0,103.2,109.0,250,31.253323,5000,3235.0,3240.0
2022-03-08 14:07:00,109.0,109.0,109.0,109.0,0,31.253323,5000,3240.55,3240.0
2022-03-08 14:08:00,109.0,109.0,109.0,109.0,0,31.253323,5000,3243.95,3240.0
2022-03-08 14:09:00,109.0,109.0,109.0,109.0,0,31.253323,5000,3243.9,3240.0
2022-03-08 14:10:00,109.0,109.0,109.0,109.0,0,31.253323,5000,3244.95,3240.0
2022-03-08 14:11:00,109.0,109.0,109.0,109.0,0,31.253323,5000,3243.75,3240.0
2022-03-08 14:12:00,109.0,109.0,109.0,109.0,0,31.253323,5000,3240.95,3240.0
2022-03-08 14:13:00,109.0,109.0,109.0,109.0,0,31.253323,5000,3237.0,3240.0
2022-03-08 14:14:00,109.0,109.0,109.0,109.0,0,31.253323,5000,3233.75,3240.0
2022-03-08 14:15:00,109.0,109.0,109.0,109.0,0,31.253323,5000,3231.95,3240.0
2022-03-08 14:16:00,108.65,108.65,108.65,108.65,250,31.409225,4750,3233.45,3240.0
2022-03-08 14:17:00,108.65,108.65,108.65,108.65,0,31.409225,4750,3232.8,3240.0
2022-03-08 14:18:00,108.65,108.65,108.65,108.65,0,31.409225,4750,3233.35,3240.0
2022-03-08 14:19:00,108.65,108.65,108.65,108.65,0,31.409225,4750,3232.9,3240.0
2022-03-08 14:20:00,108.65,108.65,108.65,108.65,0,31.409225,4750,3231.8,3240.0
2022-03-08 14:21:00,108.65,108.65,108.65,108.65,0,31.409225,4750,3226.0,3220.0
2022-03-08 14:22:00,108.65,108.65,108.65,108.65,0,31.409225,4750,3225.45,3220.0
2022-03-08 14:23:00,108.65,108.65,108.65,108.65,0,31.409225,4750,3223.55,3220.0
2022-03-08 14:24:00,108.65,108.65,108.65,108.65,0,31.409225,4750,3228.35,3220.0
2022-03-08 14:25:00,108.65,108.65,108.65,108.65,0,31.409225,4750,3232.55,3240.0
2022-03-08 14:26:00,108.65,108.65,108.65,108.65,0,31.409225,4750,3232.7,3240.0
2022-03-08 14:27:00,108.65,108.65,108.65,108.65,0,31.409225,4750,3233.05,3240.0
2022-03-08 14:28:00,108.65,108.65,108.65,108.65,0,31.409225,4750,3237.55,3240.0
2022-03-08 14:29:00,108.65,108.65,108.65,108.65,0,31.409225,4750,3239.95,3240.0
2022-03-08 14:30:00,108.65,108.65,108.65,108.65,0,31.409225,4750,3242.95,3240.0
2022-03-08 14:31:00,108.65,108.65,108.65,108.65,0,31.409225,4750,3246.55,3240.0
2022-03-08 14:32:00,108.65,108.65,108.65,108.65,0,31.409225,4750,3249.95,3240.0
2022-03-08 14:33:00,108.65,108.65,108.65,108.65,0,31.409225,4750,3249.15,3240.0
2022-03-08 14:34:00,108.65,108.65,108.65,108.65,0,31.409225,4750,3244.7,3240.0
2022-03-08 14:35:00,108.65,108.65,108.65,108.65,0,31.409225,4750,3246.9,3240.0
2022-03-08 14:36:00,108.65,108.65,108.65,108.65,0,31.409225,4750,3245.5,3240.0
2022-03-08 14:37:00,108.65,108.65,108.65,108.65,0,31.409225,4750,3245.0,3240.0
2022-03-08 14:38:00,108.65,108.65,108.65,108.65,0,31.409225,4750,3248.55,3240.0
2022-03-08 14:39:00,108.65,108.65,108.65,108.65,0,31.409225,4750,3249.4,3240.0
2022-03-08 14:40:00,108.65,108.65,108.65,108.65,0,31.409225,4750,3253.85,3260.0
2022-03-08 14:41:00,108.65,108.65,108.65,108.65,0,31.409225,4750,3257.7,3260.0
2022-03-08 14:42:00,108.65,108.65,108.65,108.65,0,31.409225,4750,3255.25,3260.0
2022-03-08 14:43:00,108.65,108.65,108.65,108.65,0,31.409225,4750,3265.0,3260.0
2022-03-08 14:44:00,108.65,108.65,108.65,108.65,0,31.409225,4750,3264.1,3260.0
2022-03-08 14:45:00,108.65,108.65,108.65,108.65,0,31.409225,4750,3272.25,3280.0
2022-03-08 14:46:00,108.65,108.65,108.65,108.65,0,31.409225,4750,3278.0,3280.0
2022-03-08 14:47:00,108.65,108.65,108.65,108.65,0,31.409225,4750,3278.0,3280.0
2022-03-08 14:48:00,108.65,108.65,108.65,108.65,0,31.409225,4750,3281.35,3280.0
2022-03-08 14:49:00,108.65,108.65,108.65,108.65,0,31.409225,4750,3275.25,3280.0
2022-03-08 14:50:00,108.65,108.65,108.65,108.65,0,31.409225,4750,3282.0,3280.0
2022-03-08 14:51:00,108.65,108.65,108.65,108.65,0,31.409225,4750,3281.0,3280.0
2022-03-08 14:52:00,108.65,108.65,108.65,108.65,0,31.409225,4750,3288.55,3280.0
2022-03-08 14:53:00,98.15,110.25,98.15,110.25,250,30.061726,3750,3282.05,3280.0
2022-03-08 14:54:00,110.25,110.25,110.25,110.25,0,30.061726,3750,3275.35,3280.0
2022-03-08 14:55:00,110.25,110.25,110.25,110.25,0,30.061726,3750,3277.75,3280.0
2022-03-08 14:56:00,110.25,110.25,110.25,110.25,0,30.061726,3750,3285.65,3280.0
2022-03-08 14:57:00,110.25,110.25,110.25,110.25,0,30.061726,3750,3292.0,3300.0
2022-03-08 14:58:00,91.0,97.75,91.0,97.7,750,27.286461,58750,3294.55,3300.0
2022-03-08 14:59:00,97.7,97.7,97.7,97.7,0,27.286461,58750,3297.0,3300.0
2022-03-08 15:00:00,97.7,99.0,97.7,99.0,1500,27.128659,58750,3297.9,3300.0
2022-03-08 15:01:00,99.0,99.0,99.0,99.0,250,26.2967,58750,3302.85,3300.0
2022-03-08 15:02:00,99.0,99.0,99.0,99.0,250,26.778437,58750,3300.0,3300.0
2022-03-08 15:03:00,99.0,99.0,99.0,99.0,0,26.778437,58750,3300.85,3300.0
2022-03-08 15:04:00,99.0,99.0,99.0,99.0,0,26.778437,58750,3311.5,3320.0
2022-03-08 15:05:00,99.0,99.0,99.0,99.0,0,26.778437,58750,3312.6,3320.0
2022-03-08 15:06:00,99.0,99.0,99.0,99.0,0,26.778437,58750,3311.3,3320.0
2022-03-08 15:07:00,99.0,99.0,99.0,99.0,0,26.778437,58750,3313.25,3320.0
2022-03-08 15:08:00,100.0,100.0,100.0,100.0,250,25.644179,58500,3308.45,3300.0
2022-03-08 15:09:00,100.0,100.0,100.0,100.0,0,25.644179,58500,3308.2,3300.0
2022-03-08 15:10:00,100.0,100.0,96.0,96.0,500,25.188911,58500,3304.0,3300.0
2022-03-08 15:11:00,96.0,96.0,96.0,96.0,0,25.188911,58500,3302.8,3300.0
2022-03-08 15:12:00,96.0,96.0,96.0,96.0,0,25.188911,58500,3300.6,3300.0
2022-03-08 15:13:00,96.0,96.0,96.0,96.0,0,25.188911,58500,3318.3,3320.0
2022-03-08 15:14:00,96.0,96.0,96.0,96.0,0,25.188911,58500,3332.7,3340.0
2022-03-08 15:15:00,82.4,82.4,82.4,82.4,250,22.288313,6000,3334.75,3340.0
2022-03-08 15:16:00,82.4,82.4,82.4,82.4,0,22.288313,6000,3331.75,3340.0
2022-03-08 15:17:00,82.4,82.4,81.9,81.9,250,22.684455,6000,3331.4,3340.0
2022-03-08 15:18:00,81.9,81.9,81.9,81.9,0,22.684455,6000,3338.6,3340.0
2022-03-08 15:19:00,81.9,81.9,81.9,81.9,0,22.684455,6000,3340.5,3340.0
2022-03-08 15:20:00,80.0,80.0,80.0,80.0,250,22.275355,6250,3330.4,3340.0
2022-03-08 15:21:00,80.0,80.0,80.0,80.0,0,22.275355,6250,3329.65,3320.0
2022-03-08 15:22:00,80.0,80.0,80.0,80.0,0,22.275355,6250,3331.05,3340.0
2022-03-08 15:23:00,80.0,80.0,80.0,80.0,0,22.275355,6250,3330.0,3340.0
2022-03-08 15:24:00,80.0,80.0,80.0,80.0,0,22.275355,6250,3321.5,3320.0
2022-03-08 15:25:00,80.0,80.0,80.0,80.0,0,22.275355,6250,3312.6,3320.0
2022-03-08 15:26:00,80.0,80.0,80.0,80.0,0,22.275355,6250,3305.0,3300.0
2022-03-08 15:27:00,83.25,83.25,83.25,83.25,250,21.269261,59250,3304.15,3300.0
2022-03-08 15:28:00,83.25,83.25,83.25,83.25,0,21.269261,59250,3307.15,3300.0
2022-03-08 15:29:00,83.25,83.25,83.25,83.25,0,21.269261,59250,3317.1,3320.0
2022-03-09 09:15:00,88.4,88.8,88.4,88.8,750,23.246432,4750,3324.45,3320.0
2022-03-09 09:16:00,83.95,83.95,83.1,83.45,750,21.960473,6500,3341.45,3340.0
2022-03-09 09:17:00,83.45,83.45,83.45,83.45,0,21.960473,6500,3329.35,3320.0
2022-03-09 09:18:00,83.45,83.45,83.45,83.45,0,21.960473,6500,3340.0,3340.0
2022-03-09 09:19:00,83.45,83.45,83.45,83.45,0,21.960473,6500,3346.0,3340.0
2022-03-09 09:20:00,83.45,83.45,83.45,83.45,0,21.960473,6500,3345.95,3340.0
2022-03-09 09:21:00,83.45,83.45,83.45,83.45,0,21.960473,6500,3359.1,3360.0
2022-03-09 09:22:00,75.1,75.1,63.2,72.5,750,20.090328,13000,3351.8,3360.0
2022-03-09 09:23:00,72.5,72.5,72.5,72.5,0,20.090328,13000,3347.0,3340.0
2022-03-09 09:24:00,72.5,72.5,72.5,72.5,0,20.090328,13000,3340.8,3340.0
2022-03-09 09:25:00,72.5,72.5,72.5,72.5,0,20.090328,13000,3345.8,3340.0
2022-03-09 09:26:00,72.5,72.5,72.5,72.5,0,20.090328,13000,3350.0,3360.0
2022-03-09 09:27:00,75.0,81.6,75.0,81.6,250,22.820359,12750,3352.05,3360.0
2022-03-09 09:28:00,83.45,83.45,83.45,83.45,250,21.982989,7000,3341.35,3340.0
2022-03-09 09:29:00,83.45,83.45,83.4,83.4,500,21.856414,7000,3342.0,3340.0
2022-03-09 09:30:00,83.4,83.4,83.4,83.4,0,21.856414,7000,3346.9,3340.0
2022-03-09 09:31:00,83.4,83.4,83.4,83.4,0,21.856414,7000,3339.0,3340.0
2022-03-09 09:32:00,85.35,85.35,83.45,83.45,1000,22.898905,6750,3335.95,3340.0
2022-03-09 09:33:00,83.45,83.45,83.45,83.45,0,22.898905,6750,3332.3,3340.0
2022-03-09 09:34:00,83.45,83.45,83.45,83.45,0,22.898905,6750,3330.9,3340.0
2022-03-09 09:35:00,83.45,83.45,83.45,83.45,0,22.898905,6750,3329.05,3320.0
2022-03-09 09:36:00,83.45,83.45,83.45,83.45,0,22.898905,6750,3332.4,3340.0
2022-03-09 09:37:00,83.45,83.45,83.45,83.45,0,22.898905,6750,3335.0,3340.0
2022-03-09 09:38:00,83.45,83.45,83.45,83.45,0,22.898905,6750,3331.0,3340.0
2022-03-09 09:39:00,83.45,83.45,83.45,83.45,0,22.898905,6750,3328.0,3320.0
2022-03-09 09:40:00,83.45,83.45,83.45,83.45,0,22.898905,6750,3319.95,3320.0
2022-03-09 09:41:00,89.0,89.0,83.6,83.6,250,23.266714,4750,3315.0,3320.0
2022-03-09 09:42:00,94.85,94.85,92.05,92.05,500,23.860427,61000,3307.7,3300.0
2022-03-09 09:43:00,93.1,93.1,93.1,93.1,500,24.294027,61000,3307.1,3300.0
2022-03-09 09:44:00,93.1,93.5,93.1,93.5,250,24.233473,61000,3308.15,3300.0
2022-03-09 09:45:00,93.5,93.5,90.5,90.85,750,23.399059,60750,3308.2,3300.0
2022-03-09 09:46:00,90.85,90.85,90.85,90.85,0,23.399059,60750,3310.0,3320.0
2022-03-09 09:47:00,90.85,90.85,90.85,90.85,0,23.399059,60750,3308.55,3300.0
2022-03-09 09:48:00,93.0,93.0,90.85,90.85,500,24.417777,61000,3302.4,3300.0
2022-03-09 09:49:00,90.85,91.9,90.85,91.9,250,25.447078,61000,3298.3,3300.0
2022-03-09 09:50:00,91.9,91.9,87.6,87.6,750,23.823004,61000,3300.0,3300.0
2022-03-09 09:51:00,87.6,87.6,87.6,87.6,0,23.823004,61000,3302.15,3300.0
2022-03-09 09:52:00,89.2,89.2,89.15,89.15,500,23.262151,60750,3306.0,3300.0
2022-03-09 09:53:00,91.25,91.25,91.25,91.25,500,23.474199,60750,3308.5,3300.0
2022-03-09 09:54:00,93.0,93.0,93.0,93.0,250,24.109079,60750,3308.0,3300.0
2022-03-09 09:55:00,93.0,93.0,93.0,93.0,0,24.109079,60750,3307.9,3300.0
2022-03-09 09:56:00,93.0,93.0,93.0,93.0,0,24.109079,60750,3310.15,3320.0
2022-03-09 09:57:00,93.0,93.0,93.0,93.0,0,24.109079,60750,3318.15,3320.0
2022-03-09 09:58:00,93.0,93.0,93.0,93.0,0,24.109079,60750,3319.95,3320.0
2022-03-09 09:59:00,93.0,93.0,93.0,93.0,0,24.109079,60750,3320.45,3320.0
2022-03-09 10:00:00,93.0,93.0,93.0,93.0,0,24.109079,60750,3319.55,3320.0
2022-03-09 10:01:00,93.0,93.0,93.0,93.0,0,24.109079,60750,3314.15,3320.0
2022-03-09 10:02:00,93.0,93.0,93.0,93.0,0,24.109079,60750,3317.6,3320.0
2022-03-09 10:03:00,93.0,93.0,93.0,93.0,0,24.109079,60750,3316.85,3320.0
2022-03-09 10:04:00,93.0,93.0,93.0,93.0,0,24.109079,60750,3312.75,3320.0
2022-03-09 10:05:00,93.0,93.65,93.0,93.65,750,24.48482,60750,3307.05,3300.0
2022-03-09 10:06:00,93.0,93.0,93.0,93.0,750,24.756233,59750,3304.35,3300.0
2022-03-09 10:07:00,93.0,93.0,93.0,93.0,0,24.756233,59750,3304.0,3300.0
2022-03-09 10:08:00,93.0,93.0,93.0,93.0,0,24.756233,59750,3303.75,3300.0
2022-03-09 10:09:00,93.0,93.0,93.0,93.0,0,24.756233,59750,3304.9,3300.0
2022-03-09 10:10:00,93.0,93.0,93.0,93.0,0,24.756233,59750,3303.85,3300.0
2022-03-09 10:11:00,93.0,93.0,93.0,93.0,0,24.756233,59750,3306.1,3300.0
2022-03-09 10:12:00,90.0,90.0,90.0,90.0,250,24.234446,59750,3302.0,3300.0
2022-03-09 10:13:00,90.0,90.0,90.0,90.0,0,24.234446,59750,3300.7,3300.0
2022-03-09 10:14:00,90.0,90.0,90.0,90.0,0,24.234446,59750,3303.75,3300.0
2022-03-09 10:15:00,90.0,91.45,90.0,91.45,250,23.635926,59750,3308.0,3300.0
2022-03-09 10:16:00,91.45,92.5,91.45,92.0,1000,24.68487,59750,3303.0,3300.0
2022-03-09 10:17:00,92.0,92.0,91.5,91.5,250,24.067445,60000,3305.65,3300.0
2022-03-09 10:18:00,91.5,91.5,91.5,91.5,0,24.067445,60000,3315.75,3320.0
2022-03-09 10:19:00,91.5,91.5,91.5,91.5,0,24.067445,60000,3315.35,3320.0
2022-03-09 10:20:00,91.5,91.5,91.5,91.5,0,24.067445,60000,3312.8,3320.0
2022-03-09 10:21:00,91.5,91.5,91.5,91.5,0,24.067445,60000,3311.6,3320.0
2022-03-09 10:22:00,91.5,91.5,91.5,91.5,0,24.067445,60000,3308.9,3300.0
2022-03-09 10:23:00,93.75,93.75,91.8,91.8,500,23.855259,60000,3307.4,3300.0
2022-03-09 10:24:00,91.8,91.8,91.8,91.8,0,23.855259,60000,3307.85,3300.0
2022-03-09 10:25:00,91.8,91.8,91.8,91.8,0,23.855259,60000,3310.15,3320.0
2022-03-09 10:26:00,91.8,91.8,91.8,91.8,500,23.599096,59750,3308.85,3300.0
2022-03-09 10:27:00,91.8,91.8,91.8,91.8,0,23.599096,59750,3310.8,3320.0
2022-03-09 10:28:00,91.3,91.3,90.0,90.0,1500,23.561538,59500,3305.9,3300.0
2022-03-09 10:29:00,90.0,90.0,90.0,90.0,250,23.982327,59500,3303.5,3300.0
2022-03-09 10:30:00,90.0,90.0,90.0,90.0,0,23.982327,59500,3302.1,3300.0
2022-03-09 10:31:00,88.0,88.0,86.75,86.75,1500,23.758433,59750,3298.95,3300.0
2022-03-09 10:32:00,86.75,86.75,86.75,86.75,0,23.758433,59750,3300.9,3300.0
2022-03-09 10:33:00,86.75,86.75,86.75,86.75,0,23.758433,59750,3301.8,3300.0
2022-03-09 10:34:00,86.75,87.05,86.75,87.05,250,23.397062,60500,3301.6,3300.0
2022-03-09 10:35:00,87.05,88.6,87.05,88.6,500,24.155055,60250,3300.0,3300.0
2022-03-09 10:36:00,88.0,88.0,88.0,88.0,750,23.641471,60250,3301.9,3300.0
2022-03-09 10:37:00,88.0,88.0,88.0,88.0,0,23.641471,60250,3301.35,3300.0
2022-03-09 10:38:00,88.0,88.0,88.0,88.0,0,23.641471,60250,3300.0,3300.0
2022-03-09 10:39:00,88.0,88.0,88.0,88.0,0,23.641471,60250,3298.0,3300.0
2022-03-09 10:40:00,86.0,86.0,86.0,86.0,1500,23.358162,60500,3299.95,3300.0
2022-03-09 10:41:00,86.0,86.0,86.0,86.0,0,23.358162,60500,3298.0,3300.0
2022-03-09 10:42:00,86.0,86.0,86.0,86.0,0,23.358162,60500,3296.95,3300.0
2022-03-09 10:43:00,86.0,86.0,86.0,86.0,0,23.358162,60500,3299.45,3300.0
2022-03-09 10:44:00,86.0,86.0,84.65,84.65,250,23.43639,60750,3297.05,3300.0
2022-03-09 10:45:00,84.65,84.65,84.65,84.65,0,23.43639,60750,3296.0,3300.0
2022-03-09 10:46:00,84.65,84.65,83.8,84.6,750,23.692679,61000,3295.45,3300.0
2022-03-09 10:47:00,84.6,84.6,84.6,84.6,0,23.692679,61000,3297.0,3300.0
2022-03-09 10:48:00,84.6,84.6,84.6,84.6,0,23.692679,61000,3297.25,3300.0
2022-03-09 10:49:00,84.6,84.6,84.6,84.6,0,23.692679,61000,3298.0,3300.0
2022-03-09 10:50:00,84.6,84.6,84.6,84.6,250,23.270445,61250,3297.95,3300.0
2022-03-09 10:51:00,85.0,85.0,85.0,85.0,250,23.112665,61500,3299.6,3300.0
2022-03-09 10:52:00,85.0,85.0,85.0,85.0,0,23.112665,61500,3301.4,3300.0
2022-03-09 10:53:00,85.0,85.0,85.0,85.0,0,23.112665,61500,3300.95,3300.0
2022-03-09 10:54:00,86.1,86.1,86.1,86.1,250,23.533135,61500,3299.15,3300.0
2022-03-09 10:55:00,86.1,86.1,86.1,86.1,0,23.533135,61500,3300.95,3300.0
2022-03-09 10:56:00,86.15,86.15,86.15,86.15,250,23.231262,61500,3301.0,3300.0
2022-03-09 10:57:00,86.15,86.15,86.15,86.15,0,23.231262,61500,3301.5,3300.0
2022-03-09 10:58:00,86.15,86.15,86.15,86.15,250,23.404621,61750,3300.0,3300.0
2022-03-09 10:59:00,86.15,86.15,86.15,86.15,0,23.404621,61750,3303.0,3300.0
2022-03-09 11:00:00,86.15,86.15,86.15,86.15,0,23.404621,61750,3306.7,3300.0
2022-03-09 11:01:00,86.15,86.15,86.15,86.15,0,23.404621,61750,3306.5,3300.0
2022-03-09 11:02:00,86.15,88.4,86.15,88.4,250,22.706043,61500,3308.0,3300.0
2022-03-09 11:03:00,88.4,88.4,88.4,88.4,0,22.706043,61500,3308.4,3300.0
2022-03-09 11:04:00,88.25,88.25,88.25,88.25,500,22.669036,61250,3307.95,3300.0
2022-03-09 11:05:00,88.25,88.25,88.25,88.25,250,23.139229,61250,3305.3,3300.0
2022-03-09 11:06:00,88.25,88.25,88.25,88.25,0,23.139229,61250,3305.1,3300.0
2022-03-09 11:07:00,88.25,88.25,88.0,88.0,500,22.224314,61250,3310.0,3300.0
2022-03-09 11:08:00,88.0,88.0,87.2,87.2,500,22.199512,61250,3308.75,3300.0
2022-03-09 11:09:00,87.2,87.2,87.2,87.2,0,22.199512,61250,3305.3,3300.0
2022-03-09 11:10:00,87.2,87.2,87.0,87.0,1000,23.674516,61750,3300.0,3300.0
2022-03-09 11:11:00,86.15,86.15,86.15,86.15,250,23.573813,61750,3299.05,3300.0
2022-03-09 11:12:00,84.1,88.15,84.1,88.15,750,23.54893,62500,3302.8,3300.0
2022-03-09 11:13:00,88.15,88.15,88.15,88.15,0,23.54893,62500,3301.0,3300.0
2022-03-09 11:14:00,88.15,88.15,88.15,88.15,0,23.54893,62500,3298.4,3300.0
2022-03-09 11:15:00,88.15,88.15,88.15,88.15,0,23.54893,62500,3299.0,3300.0
2022-03-09 11:16:00,88.15,88.15,88.15,88.15,0,23.54893,62500,3296.2,3300.0
2022-03-09 11:17:00,84.0,84.0,84.0,84.0,250,23.028236,62500,3298.35,3300.0
2022-03-09 11:18:00,84.0,84.0,84.0,84.0,0,23.028236,62500,3297.45,3300.0
2022-03-09 11:19:00,84.0,84.0,82.9,82.9,750,22.909147,62500,3297.05,3300.0
2022-03-09 11:20:00,82.9,82.9,82.5,82.5,3250,22.288261,63750,3299.95,3300.0
2022-03-09 11:21:00,82.75,82.75,82.75,82.75,250,22.709965,63750,3297.95,3300.0
2022-03-09 11:22:00,82.75,82.75,82.5,82.5,250,21.644483,63750,3303.65,3300.0
2022-03-09 11:23:00,82.5,82.5,82.5,82.5,0,21.644483,63750,3300.0,3300.0
2022-03-09 11:24:00,82.5,84.0,82.5,84.0,250,22.069195,64250,3303.9,3300.0
2022-03-09 11:25:00,84.0,84.0,84.0,84.0,0,22.069195,64250,3301.7,3300.0
2022-03-09 11:26:00,84.0,84.0,84.0,84.0,0,22.069195,64250,3302.5,3300.0
2022-03-09 11:27:00,84.0,84.0,83.25,83.8,750,22.375492,64000,3301.8,3300.0
2022-03-09 11:28:00,82.6,82.6,82.6,82.6,250,21.862533,64000,3302.6,3300.0
2022-03-09 11:29:00,83.75,84.0,82.45,82.45,1250,21.587985,64000,3303.9,3300.0
2022-03-09 11:30:00,82.45,82.45,82.45,82.45,0,21.587985,64000,3304.75,3300.0
2022-03-09 11:31:00,82.45,82.45,82.45,82.45,0,21.587985,64000,3302.0,3300.0
2022-03-09 11:32:00,82.45,82.45,82.45,82.45,0,21.587985,64000,3302.0,3300.0
2022-03-09 11:33:00,82.45,84.9,82.45,84.9,750,22.036306,64000,3305.7,3300.0
2022-03-09 11:34:00,84.9,84.9,84.9,84.9,0,22.036306,64000,3305.45,3300.0
2022-03-09 11:35:00,84.9,84.9,84.9,84.9,0,22.036306,64000,3306.0,3300.0
2022-03-09 11:36:00,84.9,85.0,84.9,85.0,250,21.917869,64500,3306.55,3300.0
2022-03-09 11:37:00,85.0,86.0,85.0,86.0,250,21.611501,64500,3310.0,3300.0
2022-03-09 11:38:00,86.0,86.0,86.0,86.0,0,21.611501,64500,3314.6,3320.0
2022-03-09 11:39:00,86.0,86.0,86.0,86.0,0,21.611501,64500,3314.8,3320.0
2022-03-09 11:40:00,86.0,86.0,86.0,86.0,0,21.611501,64500,3317.5,3320.0
2022-03-09 11:41:00,86.0,86.0,86.0,86.0,0,21.611501,64500,3317.0,3320.0
2022-03-09 11:42:00,86.0,86.0,86.0,86.0,0,21.611501,64500,3317.0,3320.0
2022-03-09 11:43:00,86.0,86.0,86.0,86.0,0,21.611501,64500,3317.0,3320.0
2022-03-09 11:44:00,86.0,86.0,86.0,86.0,0,21.611501,64500,3314.45,3320.0
2022-03-09 11:45:00,86.0,86.0,86.0,86.0,0,21.611501,64500,3317.0,3320.0
2022-03-09 11:46:00,86.0,86.0,86.0,86.0,0,21.611501,64500,3318.0,3320.0
2022-03-09 11:47:00,86.0,86.0,86.0,86.0,0,21.611501,64500,3322.0,3320.0
2022-03-09 11:48:00,86.0,86.0,86.0,86.0,0,21.611501,64500,3322.45,3320.0
2022-03-09 11:49:00,88.1,88.1,88.1,88.1,250,23.784528,4750,3320.5,3320.0
2022-03-09 11:50:00,88.1,88.1,88.1,88.1,0,23.784528,4750,3322.5,3320.0
2022-03-09 11:51:00,88.1,88.1,88.1,88.1,0,23.784528,4750,3322.45,3320.0
2022-03-09 11:52:00,88.1,88.1,88.1,88.1,0,23.784528,4750,3322.5,3320.0
2022-03-09 11:53:00,88.1,88.1,88.1,88.1,0,23.784528,4750,3321.0,3320.0
2022-03-09 11:54:00,88.1,88.1,85.5,85.5,250,22.332946,5000,3324.25,3320.0
2022-03-09 11:55:00,85.5,85.5,85.5,85.5,0,22.332946,5000,3325.0,3320.0
2022-03-09 11:56:00,84.0,84.0,84.0,84.0,250,22.069535,5000,3323.1,3320.0
2022-03-09 11:57:00,84.0,84.0,84.0,84.0,0,22.069535,5000,3327.1,3320.0
2022-03-09 11:58:00,84.0,84.0,84.0,84.0,0,22.069535,5000,3327.9,3320.0
2022-03-09 11:59:00,84.0,84.0,84.0,84.0,0,22.069535,5000,3326.2,3320.0
2022-03-09 12:00:00,84.0,84.0,84.0,84.0,0,22.069535,5000,3324.7,3320.0
2022-03-09 12:01:00,83.1,83.1,83.1,83.1,250,21.433327,5250,3325.15,3320.0
2022-03-09 12:02:00,83.1,83.1,83.1,83.1,0,21.433327,5250,3327.65,3320.0
2022-03-09 12:03:00,78.0,78.0,78.0,78.0,250,21.786942,6500,3333.0,3340.0
2022-03-09 12:04:00,78.0,78.0,78.0,78.0,0,21.786942,6500,3334.0,3340.0
2022-03-09 12:05:00,78.0,78.0,78.0,78.0,0,21.786942,6500,3331.1,3340.0
2022-03-09 12:06:00,78.0,80.0,78.0,80.0,500,21.051724,6500,3341.0,3340.0
2022-03-09 12:07:00,80.0,82.95,80.0,82.95,500,21.788452,6500,3342.0,3340.0
2022-03-09 12:08:00,82.95,101.15,82.95,101.15,250,26.433979,6500,3347.55,3340.0
2022-03-09 12:09:00,101.15,101.15,101.15,101.15,250,26.208187,6500,3348.85,3340.0
2022-03-09 12:10:00,101.15,101.15,100.9,100.9,250,25.930344,7000,3350.0,3340.0
2022-03-09 12:11:00,69.2,76.7,69.2,76.7,250,21.392577,12500,3352.1,3360.0
2022-03-09 12:12:00,75.0,75.0,75.0,75.0,250,20.890819,12500,3352.0,3360.0
2022-03-09 12:13:00,85.5,85.5,82.8,82.8,250,20.772941,7250,3347.55,3340.0
2022-03-09 12:14:00,82.8,82.8,82.8,82.8,0,20.772941,7250,3351.55,3360.0
2022-03-09 12:15:00,82.8,82.8,82.8,82.8,0,20.772941,7250,3352.95,3360.0
2022-03-09 12:16:00,82.8,82.8,82.8,82.8,0,20.772941,7250,3351.4,3360.0
2022-03-09 12:17:00,82.8,82.8,82.8,82.8,0,20.772941,7250,3352.6,3360.0
2022-03-09 12:18:00,82.8,82.8,82.8,82.8,0,20.772941,7250,3350.35,3360.0
2022-03-09 12:19:00,73.95,73.95,73.55,73.55,500,20.286444,12500,3353.0,3360.0
2022-03-09 12:20:00,73.55,73.55,73.55,73.55,0,20.286444,12500,3352.95,3360.0
2022-03-09 12:21:00,73.55,73.55,73.55,73.55,0,20.286444,12500,3350.1,3360.0
2022-03-09 12:22:00,73.55,73.55,73.55,73.55,0,20.286444,12500,3349.7,3340.0
2022-03-09 12:23:00,73.55,73.55,73.55,73.55,0,20.286444,12500,3345.25,3340.0
2022-03-09 12:24:00,73.55,73.55,73.55,73.55,0,20.286444,12500,3347.0,3340.0
2022-03-09 12:25:00,73.55,73.55,73.55,73.55,0,20.286444,12500,3350.0,3360.0
2022-03-09 12:26:00,73.55,73.55,73.55,73.55,0,20.286444,12500,3347.35,3340.0
2022-03-09 12:27:00,73.55,73.55,73.55,73.55,0,20.286444,12500,3346.05,3340.0
2022-03-09 12:28:00,73.55,73.55,73.55,73.55,0,20.286444,12500,3344.35,3340.0
2022-03-09 12:29:00,84.0,84.0,78.5,78.5,250,19.733135,7250,3345.95,3340.0
2022-03-09 12:30:00,78.5,78.5,78.5,78.5,0,19.733135,7250,3345.65,3340.0
2022-03-09 12:31:00,78.5,78.5,78.5,78.5,0,19.733135,7250,3348.4,3340.0
2022-03-09 12:32:00,78.5,78.5,78.5,78.5,0,19.733135,7250,3344.05,3340.0
2022-03-09 12:33:00,78.5,78.5,78.5,78.5,0,19.733135,7250,3345.8,3340.0
2022-03-09 12:34:00,78.5,78.5,78.5,78.5,0,19.733135,7250,3342.1,3340.0
2022-03-09 12:35:00,78.5,78.5,78.5,78.5,0,19.733135,7250,3343.05,3340.0
2022-03-09 12:36:00,78.5,78.5,75.75,75.75,250,19.502292,7250,3342.45,3340.0
2022-03-09 12:37:00,75.75,75.75,75.75,75.75,0,19.502292,7250,3335.3,3340.0
2022-03-09 12:38:00,75.75,75.75,75.75,75.75,0,19.502292,7250,3335.0,3340.0
2022-03-09 12:39:00,75.75,75.75,75.75,75.75,0,19.502292,7250,3334.45,3340.0
2022-03-09 12:40:00,75.75,75.75,75.0,75.0,250,21.047759,7250,3332.0,3340.0
2022-03-09 12:41:00,75.0,75.0,75.0,75.0,250,20.632321,7250,3334.5,3340.0
2022-03-09 12:42:00,75.0,75.0,75.0,75.0,0,20.632321,7250,3333.05,3340.0
2022-03-09 12:43:00,75.0,75.0,75.0,75.0,0,20.632321,7250,3330.1,3340.0
2022-03-09 12:44:00,75.0,75.0,75.0,75.0,0,20.632321,7250,3325.4,3320.0
2022-03-09 12:45:00,75.0,75.0,75.0,75.0,0,20.632321,7250,3324.45,3320.0
2022-03-09 12:46:00,75.0,75.0,75.0,75.0,0,20.632321,7250,3324.85,3320.0
2022-03-09 12:47:00,75.0,75.0,75.0,75.0,0,20.632321,7250,3321.9,3320.0
2022-03-09 12:48:00,75.0,75.0,75.0,75.0,0,20.632321,7250,3323.7,3320.0
2022-03-09 12:49:00,75.0,75.0,75.0,75.0,0,20.632321,7250,3322.45,3320.0
2022-03-09 12:50:00,75.0,75.0,75.0,75.0,0,20.632321,7250,3328.8,3320.0
2022-03-09 12:51:00,75.0,75.0,75.0,75.0,0,20.632321,7250,3328.0,3320.0
2022-03-09 12:52:00,75.0,75.0,75.0,75.0,0,20.632321,7250,3325.25,3320.0
2022-03-09 12:53:00,75.0,75.0,75.0,75.0,0,20.632321,7250,3326.0,3320.0
2022-03-09 12:54:00,75.0,75.0,75.0,75.0,0,20.632321,7250,3322.0,3320.0
2022-03-09 12:55:00,75.0,75.0,75.0,75.0,0,20.632321,7250,3323.0,3320.0
2022-03-09 12:56:00,75.0,75.0,75.0,75.0,0,20.632321,7250,3317.0,3320.0
2022-03-09 12:57:00,75.0,75.0,75.0,75.0,0,20.632321,7250,3314.55,3320.0
2022-03-09 12:58:00,75.0,75.0,75.0,75.0,0,20.632321,7250,3319.0,3320.0
2022-03-09 12:59:00,86.1,86.1,86.1,86.1,250,22.914192,4750,3322.15,3320.0
2022-03-09 13:00:00,88.05,88.05,88.05,88.05,250,23.888506,4750,3320.0,3320.0
2022-03-09 13:01:00,88.05,88.05,88.05,88.05,0,23.888506,4750,3317.0,3320.0
2022-03-09 13:02:00,76.75,76.75,76.75,76.75,500,21.217356,5000,3315.15,3320.0
2022-03-09 13:03:00,76.75,76.75,76.75,76.75,0,21.217356,5000,3317.4,3320.0
2022-03-09 13:04:00,76.75,76.75,76.75,76.75,0,21.217356,5000,3324.4,3320.0
2022-03-09 13:05:00,80.0,80.0,80.0,80.0,750,19.625064,5500,3330.0,3320.0
2022-03-09 13:06:00,80.0,80.0,80.0,80.0,0,19.625064,5500,3332.0,3340.0
2022-03-09 13:07:00,80.0,80.0,80.0,80.0,0,19.625064,5500,3334.0,3340.0
2022-03-09 13:08:00,80.0,80.0,80.0,80.0,0,19.625064,5500,3332.45,3340.0
2022-03-09 13:09:00,80.0,80.0,80.0,80.0,0,19.625064,5500,3337.9,3340.0
2022-03-09 13:10:00,80.0,80.0,80.0,80.0,0,19.625064,5500,3337.9,3340.0
2022-03-09 13:11:00,80.0,80.0,80.0,80.0,0,19.625064,5500,3337.0,3340.0
2022-03-09 13:12:00,61.25,80.0,61.25,80.0,250,22.098902,7250,3335.0,3340.0
2022-03-09 13:13:00,80.0,80.0,80.0,80.0,0,22.098902,7250,3337.9,3340.0
2022-03-09 13:14:00,80.0,80.0,80.0,80.0,0,22.098902,7250,3337.35,3340.0
2022-03-09 13:15:00,80.0,80.0,80.0,80.0,0,22.098902,7250,3337.35,3340.0
2022-03-09 13:16:00,80.0,80.0,80.0,80.0,0,22.098902,7250,3336.0,3340.0
2022-03-09 13:17:00,80.0,80.0,80.0,80.0,0,22.098902,7250,3333.0,3340.0
2022-03-09 13:18:00,80.0,80.0,80.0,80.0,0,22.098902,7250,3335.65,3340.0
2022-03-09 13:19:00,80.0,80.0,80.0,80.0,0,22.098902,7250,3335.75,3340.0
2022-03-09 13:20:00,80.0,80.0,80.0,80.0,0,22.098902,7250,3339.0,3340.0
2022-03-09 13:21:00,80.0,80.0,80.0,80.0,0,22.098902,7250,3338.9,3340.0
2022-03-09 13:22:00,79.0,79.0,79.0,79.0,250,21.205031,7250,3338.5,3340.0
2022-03-09 13:23:00,79.0,79.0,79.0,79.0,0,21.205031,7250,3338.0,3340.0
2022-03-09 13:24:00,79.0,79.0,79.0,79.0,250,21.307943,7250,3337.9,3340.0
2022-03-09 13:25:00,79.0,79.0,79.0,79.0,0,21.307943,7250,3338.85,3340.0
2022-03-09 13:26:00,79.0,79.0,79.0,79.0,0,21.307943,7250,3340.0,3340.0
2022-03-09 13:27:00,79.0,79.0,79.0,79.0,250,21.663999,7250,3335.8,3340.0
2022-03-09 13:28:00,79.0,79.0,79.0,79.0,0,21.663999,7250,3332.95,3340.0
2022-03-09 13:29:00,79.0,79.0,79.0,79.0,0,21.663999,7250,3332.5,3340.0
2022-03-09 13:30:00,79.0,79.0,79.0,79.0,0,21.663999,7250,3330.95,3340.0
2022-03-09 13:31:00,79.0,79.0,79.0,79.0,0,21.663999,7250,3326.35,3320.0
2022-03-09 13:32:00,79.0,79.0,79.0,79.0,0,21.663999,7250,3326.0,3320.0
2022-03-09 13:33:00,79.0,79.0,79.0,79.0,0,21.663999,7250,3324.45,3320.0
2022-03-09 13:34:00,79.0,79.0,79.0,79.0,0,21.663999,7250,3321.1,3320.0
2022-03-09 13:35:00,79.0,79.0,79.0,79.0,0,21.663999,7250,3323.95,3320.0
2022-03-09 13:36:00,79.0,79.0,79.0,79.0,0,21.663999,7250,3329.95,3320.0
2022-03-09 13:37:00,79.0,79.0,79.0,79.0,0,21.663999,7250,3330.0,3340.0
2022-03-09 13:38:00,79.0,79.0,79.0,79.0,0,21.663999,7250,3329.7,3320.0
2022-03-09 13:39:00,79.0,79.0,79.0,79.0,0,21.663999,7250,3329.65,3320.0
2022-03-09 13:40:00,85.0,85.0,82.6,82.6,500,21.100153,5250,3326.4,3320.0
2022-03-09 13:41:00,82.6,82.6,82.6,82.6,0,21.100153,5250,3326.5,3320.0
2022-03-09 13:42:00,65.95,76.7,65.95,76.7,500,21.431232,7000,3333.0,3340.0
2022-03-09 13:43:00,76.7,76.7,76.7,76.7,0,21.431232,7000,3332.0,3340.0
2022-03-09 13:44:00,76.7,76.7,76.7,76.7,0,21.431232,7000,3336.95,3340.0
2022-03-09 13:45:00,76.7,76.7,76.7,76.7,0,21.431232,7000,3333.0,3340.0
2022-03-09 13:46:00,76.7,76.7,76.7,76.7,0,21.431232,7000,3330.75,3340.0
2022-03-09 13:47:00,76.7,76.7,76.7,76.7,0,21.431232,7000,3330.55,3340.0
2022-03-09 13:48:00,76.7,76.7,76.7,76.7,0,21.431232,7000,3329.85,3320.0
2022-03-09 13:49:00,76.7,76.7,76.7,76.7,0,21.431232,7000,3330.35,3340.0
2022-03-09 13:50:00,76.7,76.7,76.7,76.7,0,21.431232,7000,3329.7,3320.0
2022-03-09 13:51:00,76.7,76.7,76.7,76.7,0,21.431232,7000,3328.2,3320.0
2022-03-09 13:52:00,76.7,76.7,76.7,76.7,0,21.431232,7000,3324.05,3320.0
2022-03-09 13:53:00,76.7,76.7,76.7,76.7,0,21.431232,7000,3324.0,3320.0
2022-03-09 13:54:00,76.7,76.7,76.7,76.7,0,21.431232,7000,3326.7,3320.0
2022-03-09 13:55:00,76.7,76.7,76.7,76.7,0,21.431232,7000,3329.0,3320.0
2022-03-09 13:56:00,76.7,76.7,76.7,76.7,0,21.431232,7000,3329.65,3320.0
2022-03-09 13:57:00,76.7,76.7,76.7,76.7,0,21.431232,7000,3332.95,3340.0
2022-03-09 13:58:00,79.45,79.45,79.45,79.45,250,22.300256,6750,3332.9,3340.0
2022-03-09 13:59:00,79.45,79.45,79.45,79.45,0,22.300256,6750,3335.0,3340.0
2022-03-09 14:00:00,79.45,79.45,79.45,79.45,0,22.300256,6750,3335.2,3340.0
2022-03-09 14:01:00,79.45,79.45,79.45,79.45,0,22.300256,6750,3333.6,3340.0
2022-03-09 14:02:00,79.45,79.45,79.45,79.45,0,22.300256,6750,3335.25,3340.0
2022-03-09 14:03:00,79.45,79.45,79.45,79.45,0,22.300256,6750,3334.9,3340.0
2022-03-09 14:04:00,79.5,79.5,79.5,79.5,250,21.640436,7000,3336.95,3340.0
2022-03-09 14:05:00,79.5,79.5,79.5,79.5,0,21.640436,7000,3338.35,3340.0
2022-03-09 14:06:00,79.5,79.5,79.5,79.5,0,21.640436,7000,3336.6,3340.0
2022-03-09 14:07:00,79.5,79.5,79.5,79.5,0,21.640436,7000,3338.45,3340.0
2022-03-09 14:08:00,79.5,79.5,79.5,79.5,0,21.640436,7000,3337.8,3340.0
2022-03-09 14:09:00,79.5,80.0,79.5,80.0,250,22.107768,7000,3335.1,3340.0
2022-03-09 14:10:00,80.0,80.0,80.0,80.0,250,21.881416,7000,3336.45,3340.0
2022-03-09 14:11:00,80.0,80.0,80.0,80.0,0,21.881416,7000,3334.4,3340.0
2022-03-09 14:12:00,80.0,80.0,80.0,80.0,0,21.881416,7000,3336.0,3340.0
2022-03-09 14:13:00,80.0,80.0,80.0,80.0,0,21.881416,7000,3335.0,3340.0
2022-03-09 14:14:00,80.0,80.0,80.0,80.0,0,21.881416,7000,3333.95,3340.0
2022-03-09 14:15:00,80.0,80.0,80.0,80.0,250,22.302547,7250,3333.95,3340.0
2022-03-09 14:16:00,80.0,80.0,80.0,80.0,0,22.302547,7250,3335.7,3340.0
2022-03-09 14:17:00,80.0,80.0,80.0,80.0,0,22.302547,7250,3337.9,3340.0
2022-03-09 14:18:00,80.0,80.0,80.0,80.0,0,22.302547,7250,3337.75,3340.0
2022-03-09 14:19:00,80.0,80.0,80.0,80.0,250,21.961209,7500,3336.0,3340.0
2022-03-09 14:20:00,80.0,80.0,80.0,80.0,0,21.961209,7500,3337.0,3340.0
2022-03-09 14:21:00,80.0,80.0,80.0,80.0,250,22.12991,7500,3335.0,3340.0
2022-03-09 14:22:00,80.0,80.0,80.0,80.0,0,22.12991,7500,3335.0,3340.0
2022-03-09 14:23:00,80.0,80.0,80.0,80.0,0,22.12991,7500,3335.0,3340.0
2022-03-09 14:24:00,80.0,80.0,80.0,80.0,0,22.12991,7500,3335.0,3340.0
2022-03-09 14:25:00,80.0,80.0,80.0,80.0,0,22.12991,7500,3335.0,3340.0
2022-03-09 14:26:00,80.0,80.0,80.0,80.0,0,22.12991,7500,3335.0,3340.0
2022-03-09 14:27:00,80.0,80.0,80.0,80.0,0,22.12991,7500,3330.0,3340.0
2022-03-09 14:28:00,80.0,80.0,80.0,80.0,0,22.12991,7500,3331.9,3340.0
2022-03-09 14:29:00,85.0,85.0,85.0,85.0,500,24.185964,7750,3331.9,3340.0
2022-03-09 14:30:00,67.75,67.75,67.75,67.75,500,18.881576,7750,3331.9,3340.0
2022-03-09 14:31:00,67.75,67.75,67.75,67.75,0,18.881576,7750,3332.0,3340.0
2022-03-09 14:32:00,67.75,78.0,67.75,78.0,250,21.519316,8000,3335.0,3340.0
2022-03-09 14:33:00,78.0,78.0,78.0,78.0,0,21.519316,8000,3335.9,3340.0
2022-03-09 14:34:00,78.0,78.0,78.0,78.0,0,21.519316,8000,3339.95,3340.0
2022-03-09 14:35:00,78.0,78.0,78.0,78.0,0,21.519316,8000,3337.85,3340.0
2022-03-09 14:36:00,78.0,78.0,78.0,78.0,0,21.519316,8000,3338.9,3340.0
2022-03-09 14:37:00,78.0,78.0,78.0,78.0,0,21.519316,8000,3343.0,3340.0
2022-03-09 14:38:00,78.0,78.0,78.0,78.0,0,21.519316,8000,3341.5,3340.0
2022-03-09 14:39:00,78.0,78.0,78.0,78.0,0,21.519316,8000,3336.05,3340.0
2022-03-09 14:40:00,78.0,78.0,78.0,78.0,0,21.519316,8000,3337.95,3340.0
2022-03-09 14:41:00,78.0,78.0,78.0,78.0,0,21.519316,8000,3337.0,3340.0
2022-03-09 14:42:00,78.0,78.0,78.0,78.0,0,21.519316,8000,3336.7,3340.0
2022-03-09 14:43:00,78.0,78.0,78.0,78.0,0,21.519316,8000,3335.0,3340.0
2022-03-09 14:44:00,80.0,80.0,80.0,80.0,250,21.803756,8000,3337.0,3340.0
2022-03-09 14:45:00,80.0,80.0,80.0,80.0,500,21.634719,8000,3338.0,3340.0
2022-03-09 14:46:00,80.0,80.0,80.0,80.0,0,21.634719,8000,3339.3,3340.0
2022-03-09 14:47:00,80.0,80.0,80.0,80.0,0,21.634719,8000,3341.0,3340.0
2022-03-09 14:48:00,80.0,80.0,80.0,80.0,0,21.634719,8000,3340.0,3340.0
2022-03-09 14:49:00,80.0,80.0,80.0,80.0,0,21.634719,8000,3339.0,3340.0
2022-03-09 14:50:00,80.0,80.0,80.0,80.0,0,21.634719,8000,3342.85,3340.0
2022-03-09 14:51:00,80.0,80.0,80.0,80.0,0,21.634719,8000,3340.6,3340.0
2022-03-09 14:52:00,80.0,80.0,80.0,80.0,0,21.634719,8000,3337.9,3340.0
2022-03-09 14:53:00,80.0,80.0,80.0,80.0,0,21.634719,8000,3335.5,3340.0
2022-03-09 14:54:00,80.0,80.0,80.0,80.0,0,21.634719,8000,3336.9,3340.0
2022-03-09 14:55:00,80.0,80.0,78.4,78.4,500,21.652621,7750,3335.0,3340.0
2022-03-09 14:56:00,78.4,78.4,78.4,78.4,0,21.652621,7750,3335.0,3340.0
2022-03-09 14:57:00,78.4,78.4,78.4,78.4,0,21.652621,7750,3336.85,3340.0
2022-03-09 14:58:00,78.4,78.4,78.4,78.4,0,21.652621,7750,3337.0,3340.0
2022-03-09 14:59:00,78.4,78.4,78.4,78.4,0,21.652621,7750,3337.8,3340.0
2022-03-09 15:00:00,78.4,78.4,78.4,78.4,0,21.652621,7750,3336.1,3340.0
2022-03-09 15:01:00,78.4,78.4,78.4,78.4,0,21.652621,7750,3335.0,3340.0
2022-03-09 15:02:00,78.4,78.4,78.4,78.4,0,21.652621,7750,3335.15,3340.0
2022-03-09 15:03:00,78.4,78.4,78.4,78.4,0,21.652621,7750,3335.0,3340.0
2022-03-09 15:04:00,78.4,78.4,78.4,78.4,0,21.652621,7750,3335.45,3340.0
2022-03-09 15:05:00,78.4,78.4,78.4,78.4,0,21.652621,7750,3335.25,3340.0
2022-03-09 15:06:00,78.4,78.4,78.4,78.4,0,21.652621,7750,3338.55,3340.0
2022-03-09 15:07:00,78.4,78.4,78.4,78.4,0,21.652621,7750,3340.45,3340.0
2022-03-09 15:08:00,78.4,78.4,78.4,78.4,0,21.652621,7750,3340.0,3340.0
2022-03-09 15:09:00,78.4,78.4,78.4,78.4,0,21.652621,7750,3341.95,3340.0
2022-03-09 15:10:00,78.4,78.4,78.4,78.4,0,21.652621,7750,3343.7,3340.0
2022-03-09 15:11:00,83.65,85.9,83.65,85.9,750,22.54846,7750,3343.35,3340.0
2022-03-09 15:12:00,85.9,85.9,85.9,85.9,250,22.077306,7750,3346.05,3340.0
2022-03-09 15:13:00,85.9,85.9,85.9,85.9,0,22.077306,7750,3343.95,3340.0
2022-03-09 15:14:00,85.9,85.9,85.9,85.9,0,22.077306,7750,3342.1,3340.0
2022-03-09 15:15:00,85.9,85.9,85.9,85.9,0,22.077306,7750,3340.05,3340.0
2022-03-09 15:16:00,85.9,85.9,85.9,85.9,0,22.077306,7750,3339.85,3340.0
2022-03-09 15:17:00,85.9,85.9,85.9,85.9,0,22.077306,7750,3340.05,3340.0
2022-03-09 15:18:00,85.0,85.0,83.55,83.55,500,22.403276,7500,3340.0,3340.0
2022-03-09 15:19:00,83.55,83.55,83.55,83.55,0,22.403276,7500,3335.25,3340.0
2022-03-09 15:20:00,83.55,83.55,83.55,83.55,0,22.403276,7500,3340.0,3340.0
2022-03-09 15:21:00,83.55,83.55,83.55,83.55,0,22.403276,7500,3335.05,3340.0
2022-03-09 15:22:00,83.55,83.55,83.55,83.55,0,22.403276,7500,3331.4,3340.0
2022-03-09 15:23:00,83.55,83.55,83.55,83.55,0,22.403276,7500,3340.0,3340.0
2022-03-09 15:24:00,83.55,83.55,83.55,83.55,0,22.403276,7500,3340.2,3340.0
2022-03-09 15:25:00,83.55,83.55,83.55,83.55,0,22.403276,7500,3340.0,3340.0
2022-03-09 15:26:00,83.55,83.55,83.55,83.55,0,22.403276,7500,3340.0,3340.0
2022-03-09 15:27:00,83.55,83.55,83.0,83.0,250,22.177709,7500,3340.35,3340.0
2022-03-09 15:28:00,83.0,83.0,83.0,83.0,0,22.177709,7500,3340.0,3340.0
2022-03-09 15:29:00,83.0,83.0,83.0,83.0,0,22.177709,7500,3339.0,3340.0
2022-03-10 09:16:00,77.85,126.95,77.8,126.95,750,35.002327,2750,3423.4,3420.0
2022-03-10 09:17:00,126.95,126.95,126.95,126.95,0,35.002327,2750,3432.95,3440.0
2022-03-10 09:18:00,71.6,71.6,62.7,62.7,250,16.892927,7000,3433.45,3440.0
2022-03-10 09:19:00,62.7,64.2,62.7,64.2,250,16.939949,7000,3435.9,3440.0
2022-03-10 09:20:00,64.2,64.2,64.2,64.2,0,16.939949,7000,3427.45,3420.0
2022-03-10 09:21:00,64.2,64.2,64.2,64.2,0,16.939949,7000,3423.5,3420.0
2022-03-10 09:22:00,64.2,64.2,64.2,64.2,0,16.939949,7000,3418.45,3420.0
2022-03-10 09:23:00,64.2,64.2,64.2,64.2,0,16.939949,7000,3418.0,3420.0
2022-03-10 09:24:00,76.0,76.0,74.8,74.8,1250,18.118499,87000,3409.2,3400.0
2022-03-10 09:25:00,74.0,74.5,71.4,72.0,2000,17.473764,87000,3407.95,3400.0
2022-03-10 09:26:00,72.0,72.0,72.0,72.0,0,17.473764,87000,3412.05,3420.0
2022-03-10 09:27:00,72.0,72.0,72.0,72.0,0,17.473764,87000,3420.2,3420.0
2022-03-10 09:28:00,72.0,72.0,72.0,72.0,0,17.473764,87000,3413.9,3420.0
2022-03-10 09:29:00,72.0,72.0,72.0,72.0,0,17.473764,87000,3411.85,3420.0
2022-03-10 09:30:00,72.0,72.0,72.0,72.0,0,17.473764,87000,3414.75,3420.0
2022-03-10 09:31:00,72.0,72.0,72.0,72.0,0,17.473764,87000,3422.6,3420.0
2022-03-10 09:32:00,72.0,72.0,72.0,72.0,0,17.473764,87000,3415.65,3420.0
2022-03-10 09:33:00,80.0,80.0,80.0,80.0,1500,19.859115,93750,3408.55,3400.0
2022-03-10 09:34:00,78.0,78.0,75.05,75.05,1250,19.089608,93750,3404.25,3400.0
2022-03-10 09:35:00,75.05,75.05,75.0,75.0,1000,19.136317,93750,3403.9,3400.0
2022-03-10 09:36:00,75.0,75.0,75.0,75.0,0,19.136317,93750,3410.25,3420.0
2022-03-10 09:37:00,80.0,80.2,80.0,80.2,2500,19.87806,94750,3408.8,3400.0
2022-03-10 09:38:00,80.0,80.0,80.0,80.0,1000,20.501546,96000,3404.95,3400.0
2022-03-10 09:39:00,80.0,80.0,80.0,80.0,0,20.501546,96000,3407.0,3400.0
2022-03-10 09:40:00,80.0,80.0,76.8,76.85,500,19.366735,96000,3405.85,3400.0
2022-03-10 09:41:00,76.85,78.75,76.85,78.75,250,20.984942,96000,3399.95,3400.0
2022-03-10 09:42:00,78.75,78.75,77.0,77.0,750,19.617943,96000,3404.7,3400.0
2022-03-10 09:43:00,77.0,77.0,77.0,77.0,0,19.617943,96000,3392.05,3400.0
2022-03-10 09:44:00,77.0,77.0,74.1,74.1,1750,21.155925,95250,3390.4,3400.0
2022-03-10 09:45:00,74.1,74.1,74.1,74.1,500,19.928009,95250,3397.75,3400.0
2022-03-10 09:46:00,74.1,75.25,74.1,75.25,2500,19.923799,95250,3399.85,3400.0
2022-03-10 09:47:00,75.25,75.25,75.25,75.25,0,19.923799,95250,3396.45,3400.0
2022-03-10 09:48:00,75.25,75.25,74.55,74.55,250,20.280243,95000,3396.5,3400.0
2022-03-10 09:49:00,74.55,74.55,74.55,74.55,250,19.708887,95000,3399.85,3400.0
2022-03-10 09:50:00,76.75,76.75,76.75,76.75,250,19.833988,95000,3403.05,3400.0
2022-03-10 09:51:00,77.0,77.0,77.0,77.0,250,18.669825,94500,3410.0,3400.0
2022-03-10 09:52:00,80.0,80.0,80.0,80.0,1000,19.605461,94500,3410.0,3400.0
2022-03-10 09:53:00,80.0,80.0,78.0,78.0,500,20.152205,94500,3403.45,3400.0
2022-03-10 09:54:00,78.0,78.3,78.0,78.3,250,19.617865,94500,3407.0,3400.0
2022-03-10 09:55:00,78.3,78.3,78.3,78.3,0,19.617865,94500,3404.85,3400.0
2022-03-10 09:56:00,78.3,78.45,77.0,78.45,1250,19.504069,94750,3407.9,3400.0
2022-03-10 09:57:00,78.4,78.4,78.05,78.05,500,19.407082,94750,3407.75,3400.0
2022-03-10 09:58:00,78.05,78.05,78.05,78.05,0,19.407082,94750,3406.55,3400.0
2022-03-10 09:59:00,78.05,78.5,78.05,78.5,750,19.141041,94750,3410.0,3400.0
2022-03-10 10:00:00,79.0,80.0,79.0,80.0,500,19.879895,95500,3408.5,3400.0
2022-03-10 10:01:00,80.0,80.0,80.0,80.0,0,19.879895,95500,3413.0,3420.0
2022-03-10 10:02:00,80.0,80.0,80.0,80.0,0,19.879895,95500,3410.05,3420.0
2022-03-10 10:03:00,80.0,80.0,80.0,80.0,0,19.879895,95500,3410.7,3420.0
2022-03-10 10:04:00,80.0,80.0,80.0,80.0,0,19.879895,95500,3412.0,3420.0
2022-03-10 10:05:00,82.0,82.95,81.65,82.95,750,20.843466,97000,3408.25,3400.0
2022-03-10 10:06:00,82.95,82.95,82.0,82.0,250,20.297484,98500,3409.65,3400.0
2022-03-10 10:07:00,82.0,82.0,82.0,82.0,0,20.297484,98500,3412.9,3420.0
2022-03-10 10:08:00,78.45,78.45,78.05,78.05,250,21.499485,5000,3414.85,3420.0
2022-03-10 10:09:00,78.05,78.05,78.05,78.05,250,21.04766,5500,3417.55,3420.0
2022-03-10 10:10:00,78.05,78.05,78.05,78.05,0,21.04766,5500,3415.85,3420.0
2022-03-10 10:11:00,78.05,78.05,78.05,78.05,0,21.04766,5500,3415.0,3420.0
2022-03-10 10:12:00,78.05,78.05,78.05,78.05,0,21.04766,5500,3411.4,3420.0
2022-03-10 10:13:00,78.05,78.05,78.05,78.05,0,21.04766,5500,3412.95,3420.0
2022-03-10 10:14:00,78.05,78.05,77.95,77.95,250,20.8925,5750,3418.3,3420.0
2022-03-10 10:15:00,77.95,77.95,77.95,77.95,250,21.696001,6000,3413.5,3420.0
2022-03-10 10:16:00,77.95,77.95,77.95,77.95,0,21.696001,6000,3414.05,3420.0
2022-03-10 10:17:00,77.95,77.95,77.95,77.95,0,21.696001,6000,3414.0,3420.0
2022-03-10 10:18:00,77.95,77.95,77.95,77.95,0,21.696001,6000,3408.6,3400.0
2022-03-10 10:19:00,77.95,77.95,77.95,77.95,0,21.696001,6000,3405.7,3400.0
2022-03-10 10:20:00,77.95,77.95,77.95,77.95,0,21.696001,6000,3404.7,3400.0
2022-03-10 10:21:00,84.2,84.2,83.0,83.0,750,20.55217,101250,3410.0,3400.0
2022-03-10 10:22:00,83.0,83.0,83.0,83.0,0,20.55217,101250,3407.55,3400.0
2022-03-10 10:23:00,83.0,83.0,83.0,83.0,0,20.55217,101250,3409.0,3400.0
2022-03-10 10:24:00,83.0,83.0,83.0,83.0,0,20.55217,101250,3407.95,3400.0
2022-03-10 10:25:00,83.0,84.55,83.0,84.55,250,22.158182,101750,3403.65,3400.0
2022-03-10 10:26:00,84.55,84.55,83.95,83.95,500,21.553217,101750,3406.05,3400.0
2022-03-10 10:27:00,83.95,83.95,83.95,83.95,0,21.553217,101750,3405.8,3400.0
2022-03-10 10:28:00,82.9,82.9,82.9,82.9,750,21.422167,101250,3404.95,3400.0
2022-03-10 10:29:00,82.9,82.9,80.65,80.7,2500,21.012598,101250,3403.4,3400.0
2022-03-10 10:30:00,80.7,81.85,80.7,81.85,750,21.490531,101250,3402.7,3400.0
2022-03-10 10:31:00,81.85,81.85,81.75,81.75,250,21.434034,101250,3402.85,3400.0
2022-03-10 10:32:00,81.75,81.75,81.75,81.75,0,21.434034,101250,3401.9,3400.0
2022-03-10 10:33:00,81.75,81.75,81.75,81.75,0,21.434034,101250,3403.0,3400.0
2022-03-10 10:34:00,81.75,82.0,81.75,82.0,500,21.417124,101500,3403.4,3400.0
2022-03-10 10:35:00,82.0,82.5,81.75,82.5,750,21.607044,101500,3403.2,3400.0
2022-03-10 10:36:00,82.5,82.5,82.5,82.5,0,21.607044,101500,3402.0,3400.0
2022-03-10 10:37:00,82.5,82.5,82.5,82.5,0,21.607044,101500,3406.0,3400.0
2022-03-10 10:38:00,82.5,82.5,82.5,82.5,0,21.607044,101500,3404.35,3400.0
2022-03-10 10:39:00,82.5,82.5,81.5,81.5,250,21.212399,102250,3403.7,3400.0
2022-03-10 10:40:00,82.0,82.0,81.45,82.0,1000,21.402462,102250,3403.5,3400.0
2022-03-10 10:41:00,82.0,82.0,81.2,81.2,750,20.725222,102250,3405.95,3400.0
2022-03-10 10:42:00,82.0,82.0,82.0,82.0,250,21.141035,103250,3405.0,3400.0
2022-03-10 10:43:00,81.0,81.5,80.8,81.5,2750,20.641966,103250,3406.95,3400.0
2022-03-10 10:44:00,81.8,81.8,81.8,81.8,250,20.886146,103250,3406.1,3400.0
2022-03-10 10:45:00,81.3,81.3,80.2,80.2,2000,19.979783,103750,3408.4,3400.0
2022-03-10 10:46:00,80.2,80.2,80.2,80.2,0,19.979783,103750,3411.1,3420.0
2022-03-10 10:47:00,72.0,76.75,72.0,76.75,250,21.70544,5750,3411.3,3420.0
2022-03-10 10:48:00,76.75,76.75,76.75,76.75,0,21.70544,5750,3413.35,3420.0
2022-03-10 10:49:00,76.75,76.75,76.75,76.75,0,21.70544,5750,3405.55,3400.0
2022-03-10 10:50:00,76.75,76.75,76.75,76.75,0,21.70544,5750,3405.65,3400.0
2022-03-10 10:51:00,76.75,76.75,76.75,76.75,0,21.70544,5750,3411.4,3420.0
2022-03-10 10:52:00,76.75,76.75,76.75,76.75,0,21.70544,5750,3413.8,3420.0
2022-03-10 10:53:00,76.75,76.75,76.75,76.75,0,21.70544,5750,3412.0,3420.0
2022-03-10 10:54:00,76.75,76.75,76.75,76.75,0,21.70544,5750,3411.0,3420.0
2022-03-10 10:55:00,76.75,76.75,76.75,76.75,0,21.70544,5750,3414.1,3420.0
2022-03-10 10:56:00,76.75,76.75,76.75,76.75,0,21.70544,5750,3411.0,3420.0
2022-03-10 10:57:00,76.75,76.75,76.75,76.75,0,21.70544,5750,3410.5,3420.0
2022-03-10 10:58:00,76.75,76.75,76.75,76.75,0,21.70544,5750,3410.7,3420.0
2022-03-10 10:59:00,76.75,76.75,76.75,76.75,0,21.70544,5750,3411.45,3420.0
2022-03-10 11:00:00,76.75,76.75,76.75,76.75,0,21.70544,5750,3414.75,3420.0
2022-03-10 11:01:00,76.75,76.75,76.75,76.75,0,21.70544,5750,3414.25,3420.0
2022-03-10 11:02:00,76.75,76.75,76.75,76.75,0,21.70544,5750,3415.0,3420.0
2022-03-10 11:03:00,76.75,76.75,76.75,76.75,0,21.70544,5750,3415.8,3420.0
2022-03-10 11:04:00,76.75,76.75,76.75,76.75,0,21.70544,5750,3410.65,3420.0
2022-03-10 11:05:00,76.75,76.75,76.75,76.75,0,21.70544,5750,3414.0,3420.0
2022-03-10 11:06:00,76.75,76.75,76.75,76.75,0,21.70544,5750,3410.25,3420.0
2022-03-10 11:07:00,76.75,76.75,71.9,71.9,250,20.319508,6500,3410.75,3420.0
2022-03-10 11:08:00,71.9,71.9,71.9,71.9,0,20.319508,6500,3412.35,3420.0
2022-03-10 11:09:00,71.9,71.9,71.9,71.9,0,20.319508,6500,3409.9,3400.0
2022-03-10 11:10:00,71.9,71.9,71.9,71.9,0,20.319508,6500,3410.5,3420.0
2022-03-10 11:11:00,71.9,71.9,71.9,71.9,0,20.319508,6500,3410.5,3420.0
2022-03-10 11:12:00,72.65,72.65,72.65,72.65,750,20.559569,6250,3410.7,3420.0
2022-03-10 11:13:00,81.3,81.3,81.25,81.25,250,20.030345,104500,3410.0,3400.0
2022-03-10 11:14:00,81.25,81.25,81.25,81.25,0,20.030345,104500,3408.7,3400.0
2022-03-10 11:15:00,81.25,81.25,80.0,80.0,750,19.723149,104750,3409.55,3400.0
2022-03-10 11:16:00,80.0,80.0,80.0,80.0,0,19.723149,104750,3409.55,3400.0
2022-03-10 11:17:00,80.0,80.0,80.0,80.0,0,19.723149,104750,3408.15,3400.0
2022-03-10 11:18:00,80.0,80.0,80.0,80.0,250,20.003881,105250,3408.0,3400.0
2022-03-10 11:19:00,79.8,79.8,79.5,79.5,750,19.785815,105250,3408.35,3400.0
2022-03-10 11:20:00,79.5,79.5,77.0,77.0,2000,19.02554,105250,3408.25,3400.0
2022-03-10 11:21:00,77.0,77.0,77.0,77.0,250,18.962599,105250,3408.6,3400.0
2022-03-10 11:22:00,77.0,79.5,77.0,79.5,500,20.118199,106000,3406.5,3400.0
2022-03-10 11:23:00,78.0,78.7,78.0,78.7,1250,19.762908,106000,3407.1,3400.0
2022-03-10 11:24:00,78.7,78.7,78.7,78.7,0,19.762908,106000,3410.9,3420.0
2022-03-10 11:25:00,78.7,78.7,78.7,78.7,0,19.762908,106000,3410.9,3420.0
2022-03-10 11:26:00,78.7,78.7,78.7,78.7,0,19.762908,106000,3411.05,3420.0
2022-03-10 11:27:00,78.7,78.7,78.7,78.7,0,19.762908,106000,3410.75,3420.0
2022-03-10 11:28:00,78.7,78.7,78.7,78.7,0,19.762908,106000,3410.7,3420.0
2022-03-10 11:29:00,78.7,78.7,78.7,78.7,0,19.762908,106000,3409.4,3400.0
2022-03-10 11:30:00,80.0,80.0,78.7,78.7,500,19.649442,106750,3407.75,3400.0
2022-03-10 11:31:00,78.7,78.7,77.1,77.1,2000,19.187666,106750,3407.55,3400.0
2022-03-10 11:32:00,77.5,77.5,77.5,77.5,250,19.643418,106750,3405.7,3400.0
2022-03-10 11:33:00,77.5,77.5,77.5,77.5,0,19.643418,106750,3408.0,3400.0
2022-03-10 11:34:00,77.5,77.5,77.5,77.5,0,19.643418,106750,3408.4,3400.0
2022-03-10 11:35:00,77.5,77.5,77.5,77.5,0,19.643418,106750,3408.3,3400.0
2022-03-10 11:36:00,77.5,77.5,77.5,77.5,0,19.643418,106750,3407.8,3400.0
2022-03-10 11:37:00,77.5,77.5,77.5,77.5,0,19.643418,106750,3407.8,3400.0
2022-03-10 11:38:00,77.5,77.5,77.5,77.5,0,19.643418,106750,3408.75,3400.0
2022-03-10 11:39:00,77.5,77.5,77.5,77.5,250,19.414406,105500,3407.0,3400.0
2022-03-10 11:40:00,77.5,77.5,77.5,77.5,0,19.414406,105500,3406.9,3400.0
2022-03-10 11:41:00,77.5,77.65,77.5,77.65,750,19.309237,105750,3407.85,3400.0
2022-03-10 11:42:00,77.65,77.65,77.65,77.65,0,19.309237,105750,3407.75,3400.0
2022-03-10 11:43:00,77.65,78.6,77.65,78.6,500,19.353134,105750,3409.25,3400.0
2022-03-10 11:44:00,78.6,78.6,78.6,78.6,0,19.353134,105750,3415.0,3420.0
2022-03-10 11:45:00,78.6,78.6,78.6,78.6,0,19.353134,105750,3415.95,3420.0
2022-03-10 11:46:00,78.6,78.6,78.6,78.6,0,19.353134,105750,3414.0,3420.0
2022-03-10 11:47:00,78.6,78.6,78.6,78.6,0,19.353134,105750,3414.95,3420.0
2022-03-10 11:48:00,78.6,78.6,78.6,78.6,0,19.353134,105750,3412.7,3420.0
2022-03-10 11:49:00,78.6,78.6,78.6,78.6,0,19.353134,105750,3414.0,3420.0
2022-03-10 11:50:00,78.6,78.6,78.6,78.6,0,19.353134,105750,3413.05,3420.0
2022-03-10 11:51:00,78.6,78.6,78.6,78.6,0,19.353134,105750,3414.0,3420.0
2022-03-10 11:52:00,78.6,78.6,78.6,78.6,0,19.353134,105750,3414.3,3420.0
2022-03-10 11:53:00,78.6,78.6,78.6,78.6,0,19.353134,105750,3411.85,3420.0
2022-03-10 11:54:00,78.6,78.6,78.6,78.6,0,19.353134,105750,3413.8,3420.0
2022-03-10 11:55:00,78.6,78.6,78.6,78.6,0,19.353134,105750,3414.0,3420.0
2022-03-10 11:56:00,78.6,78.6,78.6,78.6,0,19.353134,105750,3414.0,3420.0
2022-03-10 11:57:00,78.6,78.6,78.6,78.6,0,19.353134,105750,3416.9,3420.0
2022-03-10 11:58:00,73.85,73.85,73.85,73.85,500,19.9756,5750,3416.55,3420.0
2022-03-10 11:59:00,73.85,73.85,73.85,73.85,0,19.9756,5750,3419.35,3420.0
2022-03-10 12:00:00,73.85,73.85,73.85,73.85,0,19.9756,5750,3419.35,3420.0
2022-03-10 12:01:00,73.85,73.85,73.85,73.85,0,19.9756,5750,3418.55,3420.0
2022-03-10 12:02:00,73.85,73.85,73.85,73.85,0,19.9756,5750,3420.0,3420.0
2022-03-10 12:03:00,73.85,73.85,73.85,73.85,0,19.9756,5750,3420.45,3420.0
2022-03-10 12:04:00,73.85,73.85,73.85,73.85,0,19.9756,5750,3417.5,3420.0
2022-03-10 12:05:00,73.85,73.85,73.85,73.85,0,19.9756,5750,3417.3,3420.0
2022-03-10 12:06:00,73.85,73.85,73.85,73.85,250,20.406332,6250,3414.0,3420.0
2022-03-10 12:07:00,73.85,73.85,73.85,73.85,0,20.406332,6250,3416.55,3420.0
2022-03-10 12:08:00,73.85,73.85,73.85,73.85,0,20.406332,6250,3416.9,3420.0
2022-03-10 12:09:00,73.85,73.85,73.85,73.85,0,20.406332,6250,3418.0,3420.0
2022-03-10 12:10:00,73.85,73.85,73.85,73.85,0,20.406332,6250,3418.4,3420.0
2022-03-10 12:11:00,73.85,73.85,73.85,73.85,0,20.406332,6250,3414.15,3420.0
2022-03-10 12:12:00,73.85,73.85,73.85,73.85,0,20.406332,6250,3414.0,3420.0
2022-03-10 12:13:00,73.85,73.85,73.85,73.85,0,20.406332,6250,3415.5,3420.0
2022-03-10 12:14:00,73.85,73.85,73.85,73.85,0,20.406332,6250,3415.1,3420.0
2022-03-10 12:15:00,73.85,73.85,73.85,73.85,0,20.406332,6250,3415.0,3420.0
2022-03-10 12:16:00,82.35,82.35,80.0,80.0,500,20.252974,103500,3406.75,3400.0
2022-03-10 12:17:00,80.0,80.0,80.0,80.0,0,20.252974,103500,3407.95,3400.0
2022-03-10 12:18:00,80.0,80.0,78.0,78.0,250,19.729826,103750,3406.2,3400.0
2022-03-10 12:19:00,78.0,78.0,76.85,76.85,1000,19.229184,103750,3407.0,3400.0
2022-03-10 12:20:00,76.85,77.05,76.85,77.05,500,19.381505,103750,3406.5,3400.0
2022-03-10 12:21:00,77.05,77.05,77.05,77.05,0,19.381505,103750,3406.05,3400.0
2022-03-10 12:22:00,77.05,77.05,77.05,77.05,0,19.381505,103750,3405.05,3400.0
2022-03-10 12:23:00,77.0,77.25,77.0,77.25,500,19.4808,103000,3406.3,3400.0
2022-03-10 12:24:00,77.25,78.0,77.25,78.0,250,19.445802,103000,3407.8,3400.0
2022-03-10 12:25:00,78.0,78.0,77.95,77.95,500,19.031635,103500,3410.0,3400.0
2022-03-10 12:26:00,77.95,77.95,77.95,77.95,0,19.031635,103500,3409.85,3400.0
2022-03-10 12:27:00,77.95,77.95,77.95,77.95,0,19.031635,103500,3410.0,3420.0
2022-03-10 12:28:00,77.95,77.95,77.95,77.95,0,19.031635,103500,3408.7,3400.0
2022-03-10 12:29:00,73.0,73.0,68.5,68.5,250,19.337198,7000,3410.6,3420.0
2022-03-10 12:30:00,68.5,68.5,68.5,68.5,0,19.337198,7000,3407.2,3400.0
2022-03-10 12:31:00,68.5,68.5,68.5,68.5,0,19.337198,7000,3407.3,3400.0
2022-03-10 12:32:00,78.8,78.8,76.55,76.55,250,19.195128,104500,3406.7,3400.0
2022-03-10 12:33:00,76.55,76.55,76.55,76.55,0,19.195128,104500,3405.9,3400.0
2022-03-10 12:34:00,77.2,77.2,76.6,77.0,1750,19.48804,104500,3405.85,3400.0
2022-03-10 12:35:00,76.5,77.0,76.5,77.0,1000,19.138772,104500,3407.8,3400.0
2022-03-10 12:36:00,77.0,77.0,77.0,77.0,0,19.138772,104500,3406.3,3400.0
2022-03-10 12:37:00,77.0,77.0,76.0,76.0,250,19.034887,105000,3406.65,3400.0
2022-03-10 12:38:00,76.0,76.0,76.0,76.0,0,19.034887,105000,3406.75,3400.0
2022-03-10 12:39:00,76.0,76.0,76.0,76.0,0,19.034887,105000,3406.05,3400.0
2022-03-10 12:40:00,76.0,76.0,76.0,76.0,0,19.034887,105000,3407.0,3400.0
2022-03-10 12:41:00,76.0,76.0,76.0,76.0,0,19.034887,105000,3407.4,3400.0
2022-03-10 12:42:00,76.0,76.0,76.0,76.0,0,19.034887,105000,3405.05,3400.0
2022-03-10 12:43:00,76.0,76.0,76.0,76.0,1250,19.073315,105000,3406.45,3400.0
2022-03-10 12:44:00,76.0,76.0,76.0,76.0,0,19.073315,105000,3407.15,3400.0
2022-03-10 12:45:00,76.0,76.0,76.0,76.0,0,19.073315,105000,3407.0,3400.0
2022-03-10 12:46:00,76.0,76.0,76.0,76.0,0,19.073315,105000,3405.9,3400.0
2022-03-10 12:47:00,76.0,77.9,75.95,75.95,500,19.318232,105250,3405.0,3400.0
2022-03-10 12:48:00,75.95,75.95,75.95,75.95,0,19.318232,105250,3400.0,3400.0
2022-03-10 12:49:00,75.95,76.45,75.0,75.0,3000,20.43082,105500,3396.9,3400.0
2022-03-10 12:50:00,75.0,75.0,74.75,74.75,1750,19.995238,105500,3399.0,3400.0
2022-03-10 12:51:00,75.0,75.0,75.0,75.0,500,19.658048,105500,3401.4,3400.0
2022-03-10 12:52:00,75.0,75.0,75.0,75.0,250,20.18495,109000,3398.35,3400.0
2022-03-10 12:53:00,75.0,75.0,75.0,75.0,1000,20.703166,109000,3395.3,3400.0
2022-03-10 12:54:00,75.0,75.0,75.0,75.0,0,20.703166,109000,3392.5,3400.0
2022-03-10 12:55:00,74.8,74.8,74.0,74.0,750,19.945235,110000,3397.95,3400.0
2022-03-10 12:56:00,77.25,80.0,77.25,80.0,1250,20.002116,110000,3408.25,3400.0
2022-03-10 12:57:00,80.0,81.0,79.7,79.7,1000,19.77372,111000,3409.0,3400.0
2022-03-10 12:58:00,79.7,80.3,79.7,80.3,500,20.123458,111000,3408.1,3400.0
2022-03-10 12:59:00,80.3,80.9,80.0,80.9,500,20.42724,111000,3407.45,3400.0
2022-03-10 13:00:00,80.9,80.9,80.9,80.9,0,20.42724,111000,3413.65,3420.0
2022-03-10 13:01:00,80.9,80.9,80.9,80.9,0,20.42724,111000,3414.95,3420.0
2022-03-10 13:02:00,80.9,80.9,80.9,80.9,0,20.42724,111000,3411.3,3420.0
2022-03-10 13:03:00,80.9,80.9,80.9,80.9,0,20.42724,111000,3410.75,3420.0
2022-03-10 13:04:00,80.9,80.9,80.9,80.9,0,20.42724,111000,3413.2,3420.0
2022-03-10 13:05:00,80.9,80.9,80.9,80.9,0,20.42724,111000,3413.15,3420.0
2022-03-10 13:06:00,80.9,80.9,80.9,80.9,0,20.42724,111000,3413.1,3420.0
2022-03-10 13:07:00,80.9,80.9,80.9,80.9,0,20.42724,111000,3410.55,3420.0
2022-03-10 13:08:00,80.9,80.9,80.9,80.9,0,20.42724,111000,3407.9,3400.0
2022-03-10 13:09:00,80.9,80.9,80.9,80.9,0,20.42724,111000,3407.8,3400.0
2022-03-10 13:10:00,80.9,80.9,80.9,80.9,0,20.42724,111000,3405.85,3400.0
2022-03-10 13:11:00,81.05,81.05,78.7,78.7,250,19.28582,108750,3410.0,3400.0
2022-03-10 13:12:00,78.7,80.5,78.7,80.5,250,20.236854,108750,3407.85,3400.0
2022-03-10 13:13:00,80.5,80.5,80.5,80.5,0,20.236854,108750,3408.85,3400.0
2022-03-10 13:14:00,80.5,80.5,80.5,80.5,0,20.236854,108750,3407.2,3400.0
2022-03-10 13:15:00,80.5,80.5,80.5,80.5,0,20.236854,108750,3410.95,3420.0
2022-03-10 13:16:00,80.5,80.5,80.5,80.5,0,20.236854,108750,3413.0,3420.0
2022-03-10 13:17:00,80.5,80.5,80.5,80.5,0,20.236854,108750,3414.0,3420.0
2022-03-10 13:18:00,80.5,80.5,80.5,80.5,0,20.236854,108750,3411.6,3420.0
2022-03-10 13:19:00,80.5,80.5,80.5,80.5,0,20.236854,108750,3413.5,3420.0
2022-03-10 13:20:00,80.5,80.5,80.5,80.5,0,20.236854,108750,3412.95,3420.0
2022-03-10 13:21:00,72.75,72.75,71.5,71.5,250,19.717346,6750,3414.0,3420.0
2022-03-10 13:22:00,71.5,71.5,71.5,71.5,0,19.717346,6750,3416.0,3420.0
2022-03-10 13:23:00,73.0,73.0,73.0,73.0,250,19.759511,6750,3416.5,3420.0
2022-03-10 13:24:00,73.0,73.0,73.0,73.0,0,19.759511,6750,3416.2,3420.0
2022-03-10 13:25:00,73.0,73.0,73.0,73.0,0,19.759511,6750,3415.85,3420.0
2022-03-10 13:26:00,73.0,73.0,73.0,73.0,0,19.759511,6750,3415.0,3420.0
2022-03-10 13:27:00,73.0,73.0,73.0,73.0,0,19.759511,6750,3412.25,3420.0
2022-03-10 13:28:00,73.0,73.0,73.0,73.0,0,19.759511,6750,3411.2,3420.0
2022-03-10 13:29:00,73.0,73.0,73.0,73.0,0,19.759511,6750,3415.05,3420.0
2022-03-10 13:30:00,73.0,73.0,73.0,73.0,0,19.759511,6750,3415.25,3420.0
2022-03-10 13:31:00,73.0,73.0,73.0,73.0,0,19.759511,6750,3413.65,3420.0
2022-03-10 13:32:00,73.0,73.0,73.0,73.0,0,19.759511,6750,3417.0,3420.0
2022-03-10 13:33:00,73.0,73.0,73.0,73.0,0,19.759511,6750,3412.65,3420.0
2022-03-10 13:34:00,73.0,73.0,73.0,73.0,0,19.759511,6750,3411.2,3420.0
2022-03-10 13:35:00,73.0,73.0,73.0,73.0,0,19.759511,6750,3411.95,3420.0
2022-03-10 13:36:00,73.0,73.0,73.0,73.0,0,19.759511,6750,3411.95,3420.0
2022-03-10 13:37:00,73.0,73.0,73.0,73.0,0,19.759511,6750,3414.85,3420.0
2022-03-10 13:38:00,73.0,73.0,71.5,71.5,250,19.998905,6500,3412.35,3420.0
2022-03-10 13:39:00,71.5,71.5,71.5,71.5,0,19.998905,6500,3411.4,3420.0
2022-03-10 13:40:00,71.5,71.5,71.5,71.5,0,19.998905,6500,3408.3,3400.0
2022-03-10 13:41:00,80.4,80.4,78.25,78.25,500,20.039387,107000,3405.1,3400.0
2022-03-10 13:42:00,78.25,78.25,78.25,78.25,0,20.039387,107000,3407.0,3400.0
2022-03-10 13:43:00,77.25,77.25,76.6,76.6,1250,19.285934,107000,3406.45,3400.0
2022-03-10 13:44:00,76.6,76.6,76.6,76.6,0,19.285934,107000,3407.5,3400.0
2022-03-10 13:45:00,78.65,78.75,77.15,78.75,2250,20.461063,107000,3403.6,3400.0
2022-03-10 13:46:00,78.75,78.75,78.75,78.75,0,20.461063,107000,3405.0,3400.0
2022-03-10 13:47:00,79.0,79.0,79.0,79.0,500,19.685556,105000,3408.4,3400.0
2022-03-10 13:48:00,79.0,79.0,79.0,79.0,0,19.685556,105000,3406.4,3400.0
2022-03-10 13:49:00,79.0,79.0,79.0,79.0,0,19.685556,105000,3405.85,3400.0
2022-03-10 13:50:00,79.0,79.0,78.0,78.0,500,20.457843,104750,3402.3,3400.0
2022-03-10 13:51:00,78.0,78.0,77.2,77.2,250,19.955709,104750,3403.75,3400.0
2022-03-10 13:52:00,76.9,77.55,76.9,77.55,2250,19.621682,104750,3406.25,3400.0
2022-03-10 13:53:00,78.1,78.1,78.1,78.1,250,19.216568,104750,3409.45,3400.0
2022-03-10 13:54:00,78.1,78.1,78.1,78.1,0,19.216568,104750,3408.65,3400.0
2022-03-10 13:55:00,78.1,78.1,78.1,78.1,500,19.498345,103250,3407.9,3400.0
2022-03-10 13:56:00,78.1,78.1,78.1,78.1,0,19.498345,103250,3407.4,3400.0
2022-03-10 13:57:00,68.55,72.3,68.55,72.3,250,20.319032,6500,3411.95,3420.0
2022-03-10 13:58:00,72.3,72.3,72.3,72.3,0,20.319032,6500,3412.05,3420.0
2022-03-10 13:59:00,72.3,72.3,72.3,72.3,0,20.319032,6500,3412.2,3420.0
2022-03-10 14:00:00,81.4,81.4,80.6,80.6,250,20.405772,101250,3407.2,3400.0
2022-03-10 14:01:00,80.6,80.6,80.6,80.6,0,20.405772,101250,3408.35,3400.0
2022-03-10 14:02:00,80.6,80.6,78.0,78.0,250,19.730524,101250,3406.45,3400.0
2022-03-10 14:03:00,78.0,78.0,78.0,78.0,500,20.862301,101250,3400.0,3400.0
2022-03-10 14:04:00,78.0,78.25,77.95,77.95,2750,19.778315,100750,3406.1,3400.0
2022-03-10 14:05:00,77.95,79.95,77.95,79.95,250,19.700134,100750,3410.0,3400.0
2022-03-10 14:06:00,79.95,80.0,79.85,80.0,500,20.131893,100750,3407.7,3400.0
2022-03-10 14:07:00,80.0,80.0,80.0,80.0,750,19.789373,100500,3409.6,3400.0
2022-03-10 14:08:00,80.0,80.0,80.0,80.0,0,19.789373,100500,3407.5,3400.0
2022-03-10 14:09:00,80.0,80.0,78.8,78.8,250,19.821796,100500,3407.35,3400.0
2022-03-10 14:10:00,78.8,78.8,78.8,78.8,0,19.821796,100500,3408.0,3400.0
2022-03-10 14:11:00,78.8,79.15,78.55,78.8,1000,20.07288,100250,3405.95,3400.0
2022-03-10 14:12:00,78.8,78.8,78.8,78.8,0,20.07288,100250,3407.45,3400.0
2022-03-10 14:13:00,78.8,78.8,78.8,78.8,0,20.07288,100250,3407.0,3400.0
2022-03-10 14:14:00,78.8,78.8,78.8,78.8,0,20.07288,100250,3408.95,3400.0
2022-03-10 14:15:00,78.8,78.8,78.8,78.8,0,20.07288,100250,3406.25,3400.0
2022-03-10 14:16:00,78.8,78.8,78.8,78.8,0,20.07288,100250,3405.5,3400.0
2022-03-10 14:17:00,78.8,78.8,78.8,78.8,0,20.07288,100250,3408.9,3400.0
2022-03-10 14:18:00,78.8,78.8,78.8,78.8,0,20.07288,100250,3407.6,3400.0
2022-03-10 14:19:00,78.8,78.8,77.0,77.55,1000,18.955135,99750,3410.0,3400.0
2022-03-10 14:20:00,77.55,77.55,77.55,77.55,0,18.955135,99750,3408.1,3400.0
2022-03-10 14:21:00,77.55,77.55,77.55,77.55,0,18.955135,99750,3408.05,3400.0
2022-03-10 14:22:00,69.0,70.0,69.0,70.0,500,19.51543,7000,3412.6,3420.0
2022-03-10 14:23:00,70.0,70.0,70.0,70.0,0,19.51543,7000,3413.05,3420.0
2022-03-10 14:24:00,70.0,70.0,70.0,70.0,0,19.51543,7000,3416.0,3420.0
2022-03-10 14:25:00,70.0,70.0,70.0,70.0,0,19.51543,7000,3414.3,3420.0
2022-03-10 14:26:00,70.0,70.0,70.0,70.0,0,19.51543,7000,3415.15,3420.0
2022-03-10 14:27:00,71.3,71.3,71.3,71.3,500,19.432544,7000,3415.5,3420.0
2022-03-10 14:28:00,70.15,70.15,70.15,70.15,250,19.305759,7500,3414.15,3420.0
2022-03-10 14:29:00,70.15,70.15,70.15,70.15,0,19.305759,7500,3413.7,3420.0
2022-03-10 14:30:00,70.15,70.15,70.15,70.15,0,19.305759,7500,3417.7,3420.0
2022-03-10 14:31:00,70.15,73.45,70.15,73.45,500,18.339027,7750,3425.65,3420.0
2022-03-10 14:32:00,73.45,73.45,73.45,73.45,0,18.339027,7750,3427.9,3420.0
2022-03-10 14:33:00,73.45,73.45,73.45,73.45,0,18.339027,7750,3431.0,3440.0
2022-03-10 14:34:00,73.45,73.45,73.45,73.45,0,18.339027,7750,3430.5,3440.0
2022-03-10 14:35:00,73.45,73.45,73.45,73.45,0,18.339027,7750,3429.95,3420.0
2022-03-10 14:36:00,73.45,75.1,73.45,75.1,250,18.359016,8000,3428.4,3420.0
2022-03-10 14:37:00,75.1,75.1,74.85,74.85,750,17.989682,8000,3430.0,3420.0
2022-03-10 14:38:00,74.85,74.85,74.85,74.85,0,17.989682,8000,3429.25,3420.0
2022-03-10 14:39:00,74.85,74.85,74.85,74.85,0,17.989682,8000,3430.4,3440.0
2022-03-10 14:40:00,74.85,74.85,74.85,74.85,0,17.989682,8000,3430.2,3440.0
2022-03-10 14:41:00,74.85,74.85,74.85,74.85,0,17.989682,8000,3427.35,3420.0
2022-03-10 14:42:00,74.85,74.85,74.85,74.85,0,17.989682,8000,3427.15,3420.0
2022-03-10 14:43:00,74.85,74.85,74.85,74.85,0,17.989682,8000,3425.85,3420.0
2022-03-10 14:44:00,74.85,74.85,74.85,74.85,0,17.989682,8000,3428.65,3420.0
2022-03-10 14:45:00,74.85,74.85,74.85,74.85,0,17.989682,8000,3426.0,3420.0
2022-03-10 14:46:00,74.85,74.85,74.85,74.85,0,17.989682,8000,3427.1,3420.0
2022-03-10 14:47:00,74.85,74.85,74.85,74.85,0,17.989682,8000,3423.05,3420.0
2022-03-10 14:48:00,74.85,74.85,74.85,74.85,0,17.989682,8000,3422.05,3420.0
2022-03-10 14:49:00,74.85,74.85,74.85,74.85,0,17.989682,8000,3421.65,3420.0
2022-03-10 14:50:00,74.85,74.85,74.85,74.85,0,17.989682,8000,3418.8,3420.0
2022-03-10 14:51:00,74.85,74.85,74.85,74.85,0,17.989682,8000,3419.85,3420.0
2022-03-10 14:52:00,74.85,74.85,74.85,74.85,0,17.989682,8000,3420.3,3420.0
2022-03-10 14:53:00,74.85,74.85,74.85,74.85,0,17.989682,8000,3423.5,3420.0
2022-03-10 14:54:00,74.85,74.85,74.85,74.85,0,17.989682,8000,3422.0,3420.0
2022-03-10 14:55:00,74.85,74.85,74.85,74.85,0,17.989682,8000,3421.8,3420.0
2022-03-10 14:56:00,74.85,74.85,74.85,74.85,0,17.989682,8000,3423.65,3420.0
2022-03-10 14:57:00,74.85,74.85,74.85,74.85,0,17.989682,8000,3423.5,3420.0
2022-03-10 14:58:00,74.85,74.85,74.85,74.85,0,17.989682,8000,3421.7,3420.0
2022-03-10 14:59:00,74.85,74.85,74.85,74.85,0,17.989682,8000,3415.05,3420.0
2022-03-10 15:00:00,74.85,74.85,74.85,74.85,0,17.989682,8000,3415.9,3420.0
2022-03-10 15:01:00,74.85,74.85,74.85,74.85,0,17.989682,8000,3416.15,3420.0
2022-03-10 15:02:00,74.85,74.85,74.85,74.85,0,17.989682,8000,3419.1,3420.0
2022-03-10 15:03:00,74.85,74.85,70.5,70.5,250,18.553532,8000,3419.3,3420.0
2022-03-10 15:04:00,70.5,70.5,70.5,70.5,0,18.553532,8000,3422.3,3420.0
2022-03-10 15:05:00,70.5,70.5,70.5,70.5,0,18.553532,8000,3422.8,3420.0
2022-03-10 15:06:00,70.5,70.5,70.5,70.5,0,18.553532,8000,3422.1,3420.0
2022-03-10 15:07:00,70.5,70.5,70.5,70.5,0,18.553532,8000,3425.05,3420.0
2022-03-10 15:08:00,70.5,70.5,70.5,70.5,0,18.553532,8000,3425.8,3420.0
2022-03-10 15:09:00,70.5,70.5,70.5,70.5,0,18.553532,8000,3423.95,3420.0
2022-03-10 15:10:00,70.5,70.5,70.5,70.5,0,18.553532,8000,3424.05,3420.0
2022-03-10 15:11:00,70.5,70.5,70.5,70.5,0,18.553532,8000,3425.0,3420.0
2022-03-10 15:12:00,70.5,70.5,70.5,70.5,0,18.553532,8000,3426.95,3420.0
2022-03-10 15:13:00,74.05,74.05,74.05,74.05,250,18.480223,7500,3426.0,3420.0
2022-03-10 15:14:00,74.05,74.05,74.05,74.05,0,18.480223,7500,3425.7,3420.0
2022-03-10 15:15:00,74.05,74.05,74.05,74.05,0,18.480223,7500,3425.85,3420.0
2022-03-10 15:16:00,74.05,74.05,74.05,74.05,0,18.480223,7500,3424.8,3420.0
2022-03-10 15:17:00,74.05,74.5,74.05,74.5,250,17.961129,7500,3429.65,3420.0
2022-03-10 15:18:00,74.5,74.5,73.45,73.45,500,18.740038,7500,3423.5,3420.0
2022-03-10 15:19:00,73.45,73.45,73.45,73.45,0,18.740038,7500,3422.3,3420.0
2022-03-10 15:20:00,73.45,73.45,73.45,73.45,0,18.740038,7500,3419.95,3420.0
2022-03-10 15:21:00,73.45,73.45,73.45,73.45,0,18.740038,7500,3424.8,3420.0
2022-03-10 15:22:00,73.45,73.45,73.45,73.45,0,18.740038,7500,3424.75,3420.0
2022-03-10 15:23:00,73.45,73.45,73.45,73.45,0,18.740038,7500,3423.0,3420.0
2022-03-10 15:24:00,73.45,73.45,73.45,73.45,0,18.740038,7500,3415.85,3420.0
2022-03-10 15:25:00,73.45,73.45,73.45,73.45,0,18.740038,7500,3415.35,3420.0
2022-03-10 15:26:00,73.45,73.45,73.45,73.45,0,18.740038,7500,3417.1,3420.0
2022-03-10 15:27:00,73.45,73.45,73.45,73.45,0,18.740038,7500,3420.85,3420.0
2022-03-10 15:28:00,73.45,73.45,73.45,73.45,0,18.740038,7500,3417.5,3420.0
2022-03-10 15:29:00,73.45,73.45,73.45,73.45,0,18.740038,7500,3422.35,3420.0
2022-03-11 09:18:00,70.05,70.05,70.05,70.05,250,18.795705,87750,3400.5,3400.0
2022-03-11 09:19:00,70.05,72.0,70.05,72.0,250,18.41519,87750,3406.05,3400.0
2022-03-11 09:20:00,72.0,72.0,72.0,72.0,0,18.41519,87750,3406.05,3400.0
2022-03-11 09:21:00,72.0,72.0,72.0,72.0,0,18.41519,87750,3406.05,3400.0
2022-03-11 09:22:00,77.0,79.3,77.0,79.3,250,20.262069,87500,3408.65,3400.0
2022-03-11 09:23:00,79.3,79.3,79.3,79.3,0,20.262069,87500,3408.65,3400.0
2022-03-11 09:24:00,79.3,79.3,79.3,79.3,0,20.262069,87500,3408.65,3400.0
2022-03-11 09:25:00,79.3,79.3,79.3,79.3,0,20.262069,87500,3408.65,3400.0
2022-03-11 09:26:00,79.3,79.3,79.3,79.3,0,20.262069,87500,3408.65,3400.0
2022-03-11 09:27:00,79.3,79.3,79.3,79.3,0,20.262069,87500,3408.65,3400.0
2022-03-11 09:28:00,79.3,79.3,79.3,79.3,0,20.262069,87500,3408.65,3400.0
2022-03-11 09:29:00,79.3,79.3,79.3,79.3,0,20.262069,87500,3408.65,3400.0
2022-03-11 09:30:00,79.3,79.3,79.3,79.3,0,20.262069,87500,3408.65,3400.0
2022-03-11 09:31:00,79.3,79.3,79.3,79.3,0,20.262069,87500,3408.65,3400.0
2022-03-11 09:32:00,79.3,79.3,79.3,79.3,0,20.262069,87500,3408.65,3400.0
2022-03-11 09:33:00,79.3,79.3,79.3,79.3,0,20.262069,87500,3408.65,3400.0
2022-03-11 09:34:00,79.3,79.3,79.3,79.3,0,20.262069,87500,3408.65,3400.0
2022-03-11 09:35:00,79.3,79.3,79.3,79.3,0,20.262069,87500,3408.65,3400.0
2022-03-11 09:36:00,79.3,79.3,79.3,79.3,0,20.262069,87500,3408.65,3400.0
2022-03-11 09:37:00,79.3,79.3,79.3,79.3,0,20.262069,87500,3408.65,3400.0
2022-03-11 09:38:00,43.0,94.95,43.0,55.9,750,14.537125,7750,3438.1,3440.0
2022-03-11 09:39:00,55.9,91.65,55.9,91.65,250,25.889106,7750,3437.0,3440.0
2022-03-11 09:40:00,91.65,91.65,91.65,91.65,0,25.889106,7750,3437.0,3440.0
2022-03-11 09:41:00,91.65,91.65,91.65,91.65,0,25.889106,7750,3437.0,3440.0
2022-03-11 09:42:00,91.65,91.65,91.65,91.65,0,25.889106,7750,3437.0,3440.0
2022-03-11 09:43:00,91.65,91.65,91.65,91.65,0,25.889106,7750,3437.0,3440.0
2022-03-11 09:44:00,80.75,80.75,80.0,80.0,500,22.048116,8000,3438.25,3440.0
2022-03-11 09:45:00,80.0,80.0,80.0,80.0,250,22.769035,8000,3434.0,3440.0
2022-03-11 09:46:00,80.0,80.0,80.0,80.0,0,22.769035,8000,3434.0,3440.0
2022-03-11 09:47:00,80.0,80.0,80.0,80.0,0,22.769035,8000,3434.0,3440.0
2022-03-11 09:48:00,80.0,80.0,80.0,80.0,0,22.769035,8000,3434.0,3440.0
2022-03-11 09:49:00,80.0,80.0,80.0,80.0,0,22.769035,8000,3434.0,3440.0
2022-03-11 09:50:00,80.0,80.0,80.0,80.0,0,22.769035,8000,3434.0,3440.0
2022-03-11 09:51:00,80.0,80.0,75.05,75.05,500,21.863731,8500,3430.2,3440.0
2022-03-11 09:52:00,75.05,75.05,75.05,75.05,0,21.863731,8500,3430.2,3440.0
2022-03-11 09:53:00,75.05,75.05,75.05,75.05,0,21.863731,8500,3430.2,3440.0
2022-03-11 09:54:00,75.05,75.05,69.3,69.3,250,19.498171,8500,3433.65,3440.0
2022-03-11 09:55:00,69.3,69.3,69.3,69.3,0,19.498171,8500,3433.65,3440.0
2022-03-11 09:56:00,69.3,69.3,69.3,69.3,0,19.498171,8500,3433.65,3440.0
2022-03-11 09:57:00,69.3,69.3,69.3,69.3,0,19.498171,8500,3433.65,3440.0
2022-03-11 09:58:00,69.3,72.65,69.3,72.65,250,20.987204,8500,3431.0,3440.0
2022-03-11 09:59:00,72.65,72.65,72.65,72.65,0,20.987204,8500,3431.0,3440.0
2022-03-11 10:00:00,70.0,70.0,70.0,70.0,250,19.659962,8500,3434.0,3440.0
2022-03-11 10:01:00,70.0,70.0,70.0,70.0,0,19.659962,8500,3434.0,3440.0
2022-03-11 10:02:00,70.0,70.0,70.0,70.0,0,19.659962,8500,3434.0,3440.0
2022-03-11 10:03:00,70.0,70.0,70.0,70.0,0,19.659962,8500,3434.0,3440.0
2022-03-11 10:04:00,88.85,88.85,88.85,88.85,500,25.199273,8500,3436.0,3440.0
2022-03-11 10:05:00,71.6,71.6,71.6,71.6,500,19.991832,8500,3435.0,3440.0
2022-03-11 10:06:00,71.6,84.0,70.45,70.45,500,19.317795,9000,3436.85,3440.0
2022-03-11 10:07:00,70.45,70.45,70.45,70.45,0,19.317795,9000,3436.85,3440.0
2022-03-11 10:08:00,70.45,70.45,70.45,70.45,0,19.317795,9000,3436.85,3440.0
2022-03-11 10:09:00,70.45,70.45,70.45,70.45,0,19.317795,9000,3436.85,3440.0
2022-03-11 10:10:00,71.0,71.0,71.0,71.0,750,20.094188,9000,3433.3,3440.0
2022-03-11 10:11:00,71.0,71.0,71.0,71.0,0,20.094188,9000,3433.3,3440.0
2022-03-11 10:12:00,71.0,71.0,71.0,71.0,0,20.094188,9000,3433.3,3440.0
2022-03-11 10:13:00,71.0,71.0,71.0,71.0,0,20.094188,9000,3433.3,3440.0
2022-03-11 10:14:00,71.0,71.0,71.0,71.0,0,20.094188,9000,3433.3,3440.0
2022-03-11 10:15:00,71.0,71.0,71.0,71.0,0,20.094188,9000,3433.3,3440.0
2022-03-11 10:16:00,71.0,71.0,71.0,71.0,0,20.094188,9000,3433.3,3440.0
2022-03-11 10:17:00,71.0,71.0,71.0,71.0,0,20.094188,9000,3433.3,3440.0
2022-03-11 10:18:00,71.0,71.0,71.0,71.0,0,20.094188,9000,3433.3,3440.0
2022-03-11 10:19:00,71.0,71.0,71.0,71.0,0,20.094188,9000,3433.3,3440.0
2022-03-11 10:20:00,71.0,71.0,71.0,71.0,0,20.094188,9000,3433.3,3440.0
2022-03-11 10:21:00,71.0,71.0,71.0,71.0,0,20.094188,9000,3433.3,3440.0
2022-03-11 10:22:00,71.0,71.0,71.0,71.0,0,20.094188,9000,3433.3,3440.0
2022-03-11 10:23:00,95.1,95.1,73.7,73.7,250,20.288065,7000,3417.95,3420.0
2022-03-11 10:24:00,73.7,73.7,73.7,73.7,0,20.288065,7000,3417.95,3420.0
2022-03-11 10:25:00,73.7,73.7,73.7,73.7,0,20.288065,7000,3417.95,3420.0
2022-03-11 10:26:00,73.7,73.7,73.7,73.7,0,20.288065,7000,3417.95,3420.0
2022-03-11 10:27:00,73.7,73.7,73.7,73.7,0,20.288065,7000,3417.95,3420.0
2022-03-11 10:28:00,73.7,73.7,73.7,73.7,250,19.41289,7000,3422.95,3420.0
2022-03-11 10:29:00,73.7,73.7,73.7,73.7,0,19.41289,7000,3422.95,3420.0
2022-03-11 10:30:00,73.7,73.7,73.7,73.7,0,19.41289,7000,3422.95,3420.0
2022-03-11 10:31:00,73.7,73.7,73.7,73.7,0,19.41289,7000,3422.95,3420.0
2022-03-11 10:32:00,73.7,73.7,73.7,73.7,0,19.41289,7000,3422.95,3420.0
2022-03-11 10:33:00,73.7,73.7,73.7,73.7,0,19.41289,7000,3422.95,3420.0
2022-03-11 10:34:00,73.7,74.7,70.8,74.7,500,20.373095,6750,3419.3,3420.0
2022-03-11 10:35:00,74.7,74.7,74.7,74.7,0,20.373095,6750,3419.3,3420.0
2022-03-11 10:36:00,74.7,74.7,74.7,74.7,0,20.373095,6750,3419.3,3420.0
2022-03-11 10:37:00,74.7,74.7,74.7,74.7,0,20.373095,6750,3419.3,3420.0
2022-03-11 10:38:00,74.7,74.7,74.7,74.7,0,20.373095,6750,3419.3,3420.0
2022-03-11 10:39:00,74.7,74.7,74.7,74.7,0,20.373095,6750,3419.3,3420.0
2022-03-11 10:40:00,74.7,74.7,74.7,74.7,0,20.373095,6750,3419.3,3420.0
2022-03-11 10:41:00,74.7,74.7,74.7,74.7,0,20.373095,6750,3419.3,3420.0
2022-03-11 10:42:00,74.7,74.7,74.7,74.7,0,20.373095,6750,3419.3,3420.0
2022-03-11 10:43:00,74.7,74.7,74.7,74.7,0,20.373095,6750,3419.3,3420.0
2022-03-11 10:44:00,74.7,74.7,74.7,74.7,0,20.373095,6750,3419.3,3420.0
2022-03-11 10:45:00,74.7,74.7,74.7,74.7,0,20.373095,6750,3419.3,3420.0
2022-03-11 10:46:00,74.7,74.7,74.7,74.7,0,20.373095,6750,3419.3,3420.0
2022-03-11 10:47:00,74.7,74.7,74.7,74.7,0,20.373095,6750,3419.3,3420.0
2022-03-11 10:48:00,74.7,74.7,74.7,74.7,0,20.373095,6750,3419.3,3420.0
2022-03-11 10:49:00,74.7,74.7,74.7,74.7,0,20.373095,6750,3419.3,3420.0
2022-03-11 10:50:00,74.7,74.7,74.7,74.7,0,20.373095,6750,3419.3,3420.0
2022-03-11 10:51:00,74.7,74.7,74.7,74.7,0,20.373095,6750,3419.3,3420.0
2022-03-11 10:52:00,74.7,74.7,74.7,74.7,0,20.373095,6750,3419.3,3420.0
2022-03-11 10:53:00,74.7,74.7,74.7,74.7,0,20.373095,6750,3419.3,3420.0
2022-03-11 10:54:00,74.7,74.7,74.7,74.7,0,20.373095,6750,3419.3,3420.0
2022-03-11 10:55:00,74.7,74.7,74.7,74.7,0,20.373095,6750,3419.3,3420.0
2022-03-11 10:56:00,74.7,74.7,74.7,74.7,250,19.571362,6500,3423.9,3420.0
2022-03-11 10:57:00,74.7,74.7,74.7,74.7,0,19.571362,6500,3423.9,3420.0
2022-03-11 10:58:00,74.7,74.7,74.7,74.7,0,19.571362,6500,3423.9,3420.0
2022-03-11 10:59:00,74.7,74.7,74.7,74.7,0,19.571362,6500,3423.9,3420.0
2022-03-11 11:00:00,74.7,74.7,74.7,74.7,0,19.571362,6500,3423.9,3420.0
2022-03-11 11:01:00,74.7,74.7,74.7,74.7,0,19.571362,6500,3423.9,3420.0
2022-03-11 11:02:00,74.7,74.7,74.7,74.7,0,19.571362,6500,3423.9,3420.0
2022-03-11 11:03:00,74.9,74.9,74.9,74.9,250,20.072644,6500,3421.45,3420.0
2022-03-11 11:04:00,74.9,74.9,74.9,74.9,0,20.072644,6500,3421.45,3420.0
2022-03-11 11:05:00,74.9,74.9,74.9,74.9,0,20.072644,6500,3421.45,3420.0
2022-03-11 11:06:00,74.9,74.9,74.9,74.9,0,20.072644,6500,3421.45,3420.0
2022-03-11 11:07:00,74.9,74.9,74.9,74.9,0,20.072644,6500,3421.45,3420.0
2022-03-11 11:08:00,74.9,74.9,74.9,74.9,0,20.072644,6500,3421.45,3420.0
2022-03-11 11:09:00,74.9,74.9,74.9,74.9,0,20.072644,6500,3421.45,3420.0
2022-03-11 11:10:00,74.9,74.9,74.9,74.9,0,20.072644,6500,3421.45,3420.0
2022-03-11 11:11:00,74.9,74.9,74.9,74.9,0,20.072644,6500,3421.45,3420.0
2022-03-11 11:12:00,74.9,74.9,74.9,74.9,0,20.072644,6500,3421.45,3420.0
2022-03-11 11:13:00,74.9,74.9,74.9,74.9,0,20.072644,6500,3421.45,3420.0
2022-03-11 11:14:00,74.9,74.9,74.9,74.9,0,20.072644,6500,3421.45,3420.0
2022-03-11 11:15:00,74.9,74.9,74.9,74.9,0,20.072644,6500,3421.45,3420.0
2022-03-11 11:16:00,74.9,74.9,74.9,74.9,0,20.072644,6500,3421.45,3420.0
2022-03-11 11:17:00,74.9,74.9,74.9,74.9,0,20.072644,6500,3421.45,3420.0
2022-03-11 11:18:00,74.9,74.9,74.9,74.9,0,20.072644,6500,3421.45,3420.0
2022-03-11 11:19:00,74.9,74.9,74.9,74.9,0,20.072644,6500,3421.45,3420.0
2022-03-11 11:20:00,74.9,74.9,74.9,74.9,500,20.229893,6250,3420.6,3420.0
2022-03-11 11:21:00,74.9,74.9,74.85,74.85,500,19.594152,6250,3424.1,3420.0
2022-03-11 11:22:00,74.85,74.85,74.85,74.85,0,19.594152,6250,3424.1,3420.0
2022-03-11 11:23:00,74.85,74.85,74.85,74.85,0,19.594152,6250,3424.1,3420.0
2022-03-11 11:24:00,74.85,74.85,74.85,74.85,0,19.594152,6250,3424.1,3420.0
2022-03-11 11:25:00,74.85,74.85,74.85,74.85,0,19.594152,6250,3424.1,3420.0
2022-03-11 11:26:00,74.85,74.85,74.85,74.85,0,19.594152,6250,3424.1,3420.0
2022-03-11 11:27:00,74.85,74.85,74.85,74.85,0,19.594152,6250,3424.1,3420.0
2022-03-11 11:28:00,74.85,74.85,74.85,74.85,0,19.594152,6250,3424.1,3420.0
2022-03-11 11:29:00,74.85,74.85,74.85,74.85,0,19.594152,6250,3424.1,3420.0
2022-03-11 11:30:00,74.85,74.85,74.85,74.85,0,19.594152,6250,3424.1,3420.0
2022-03-11 11:31:00,74.85,74.85,74.85,74.85,0,19.594152,6250,3424.1,3420.0
2022-03-11 11:32:00,74.85,74.85,74.85,74.85,0,19.594152,6250,3424.1,3420.0
2022-03-11 11:33:00,74.85,74.85,74.85,74.85,0,19.594152,6250,3424.1,3420.0
2022-03-11 11:34:00,74.85,74.85,74.85,74.85,0,19.594152,6250,3424.1,3420.0
2022-03-11 11:35:00,74.85,74.85,74.85,74.85,0,19.594152,6250,3424.1,3420.0
2022-03-11 11:36:00,74.85,74.85,74.85,74.85,0,19.594152,6250,3424.1,3420.0
2022-03-11 11:37:00,74.85,74.85,74.85,74.85,0,19.594152,6250,3424.1,3420.0
2022-03-11 11:38:00,74.85,74.85,74.85,74.85,0,19.594152,6250,3424.1,3420.0
2022-03-11 11:39:00,74.85,74.85,74.85,74.85,0,19.594152,6250,3424.1,3420.0
2022-03-11 11:40:00,74.85,74.85,74.85,74.85,0,19.594152,6250,3424.1,3420.0
2022-03-11 11:41:00,74.85,74.85,74.85,74.85,0,19.594152,6250,3424.1,3420.0
2022-03-11 11:42:00,74.85,74.85,74.85,74.85,0,19.594152,6250,3424.1,3420.0
2022-03-11 11:43:00,74.85,74.85,74.85,74.85,0,19.594152,6250,3424.1,3420.0
2022-03-11 11:44:00,74.85,74.85,74.85,74.85,0,19.594152,6250,3424.1,3420.0
2022-03-11 11:45:00,74.85,74.85,74.85,74.85,0,19.594152,6250,3424.1,3420.0
2022-03-11 11:46:00,74.85,74.85,74.85,74.85,0,19.594152,6250,3424.1,3420.0
2022-03-11 11:47:00,74.85,74.85,74.85,74.85,0,19.594152,6250,3424.1,3420.0
2022-03-11 11:48:00,74.85,74.85,74.85,74.85,0,19.594152,6250,3424.1,3420.0
2022-03-11 11:49:00,74.85,74.85,74.85,74.85,0,19.594152,6250,3424.1,3420.0
2022-03-11 11:50:00,74.85,74.85,74.85,74.85,0,19.594152,6250,3424.1,3420.0
2022-03-11 11:51:00,74.85,74.85,74.85,74.85,0,19.594152,6250,3424.1,3420.0
2022-03-11 11:52:00,74.85,74.85,74.85,74.85,0,19.594152,6250,3424.1,3420.0
2022-03-11 11:53:00,74.85,74.85,74.85,74.85,0,19.594152,6250,3424.1,3420.0
2022-03-11 11:54:00,74.85,74.85,74.85,74.85,0,19.594152,6250,3424.1,3420.0
2022-03-11 11:55:00,74.85,74.85,74.85,74.85,0,19.594152,6250,3424.1,3420.0
2022-03-11 11:56:00,74.85,74.85,74.85,74.85,0,19.594152,6250,3424.1,3420.0
2022-03-11 11:57:00,74.85,74.85,74.85,74.85,0,19.594152,6250,3424.1,3420.0
2022-03-11 11:58:00,74.85,74.85,74.85,74.85,0,19.594152,6250,3424.1,3420.0
2022-03-11 11:59:00,74.85,74.85,74.85,74.85,0,19.594152,6250,3424.1,3420.0
2022-03-11 12:00:00,78.5,78.5,77.25,77.25,500,19.800975,81250,3408.0,3400.0
2022-03-11 12:01:00,77.25,77.25,77.25,77.25,0,19.800975,81250,3408.0,3400.0
2022-03-11 12:02:00,77.25,77.25,77.25,77.25,0,19.800975,81250,3408.0,3400.0
2022-03-11 12:03:00,77.25,77.25,77.25,77.25,0,19.800975,81250,3408.0,3400.0
2022-03-11 12:04:00,77.25,77.25,77.25,77.25,0,19.800975,81250,3408.0,3400.0
2022-03-11 12:05:00,77.25,77.25,77.25,77.25,0,19.800975,81250,3406.9,3400.0
2022-03-11 12:06:00,77.25,77.25,77.25,77.25,0,19.800975,81250,3408.0,3400.0
2022-03-11 12:07:00,77.25,77.25,77.25,77.25,0,19.800975,81250,3409.15,3400.0
2022-03-11 12:08:00,77.25,77.25,77.25,77.25,0,19.800975,81250,3408.0,3400.0
2022-03-11 12:09:00,77.25,77.25,77.25,77.25,250,19.74988,81500,3408.3,3400.0
2022-03-11 12:10:00,77.25,77.25,77.25,77.25,0,19.74988,81500,3408.3,3400.0
2022-03-11 12:11:00,77.25,77.25,77.25,77.25,0,19.74988,81500,3408.3,3400.0
2022-03-11 12:12:00,77.25,77.25,77.25,77.25,0,19.74988,81500,3408.3,3400.0
2022-03-11 12:13:00,77.25,77.25,77.25,77.25,0,19.74988,81500,3408.3,3400.0
2022-03-11 12:14:00,77.25,77.25,77.25,77.25,0,19.74988,81500,3408.3,3400.0
2022-03-11 12:15:00,77.25,77.25,77.25,77.25,0,19.74988,81500,3408.3,3400.0
2022-03-11 12:16:00,77.25,77.25,77.25,77.25,0,19.74988,81500,3408.3,3400.0
2022-03-11 12:17:00,77.25,77.25,77.25,77.25,0,19.74988,81500,3408.3,3400.0
2022-03-11 12:18:00,77.25,77.25,77.25,77.25,0,19.74988,81500,3408.3,3400.0
2022-03-11 12:19:00,77.25,77.25,77.25,77.25,0,19.74988,81500,3408.3,3400.0
2022-03-11 12:20:00,77.25,77.25,77.25,77.25,0,19.74988,81500,3408.3,3400.0
2022-03-11 12:21:00,77.25,77.25,77.25,77.25,0,19.74988,81500,3408.3,3400.0
2022-03-11 12:22:00,77.25,77.25,77.25,77.25,0,19.74988,81500,3408.3,3400.0
2022-03-11 12:23:00,77.25,77.25,77.25,77.25,0,19.74988,81500,3408.3,3400.0
2022-03-11 12:24:00,77.25,77.25,77.25,77.25,0,19.74988,81500,3408.3,3400.0
2022-03-11 12:25:00,77.25,77.25,77.25,77.25,0,19.74988,81500,3408.3,3400.0
2022-03-11 12:26:00,77.25,77.25,77.25,77.25,0,19.74988,81500,3408.3,3400.0
2022-03-11 12:27:00,77.25,77.25,77.25,77.25,0,19.74988,81500,3408.3,3400.0
2022-03-11 12:28:00,77.25,77.25,77.25,77.25,0,19.74988,81500,3408.3,3400.0
2022-03-11 12:29:00,77.25,77.25,77.25,77.25,0,19.74988,81500,3408.3,3400.0
2022-03-11 12:30:00,77.25,77.25,77.25,77.25,0,19.74988,81500,3408.3,3400.0
2022-03-11 12:31:00,77.25,77.25,77.25,77.25,0,19.74988,81500,3408.3,3400.0
2022-03-11 12:32:00,77.25,77.25,77.25,77.25,0,19.74988,81500,3408.3,3400.0
2022-03-11 12:33:00,77.25,77.25,77.25,77.25,0,19.74988,81500,3408.3,3400.0
2022-03-11 12:34:00,77.25,77.25,77.25,77.25,0,19.74988,81500,3408.3,3400.0
2022-03-11 12:35:00,77.25,77.25,77.25,77.25,0,19.74988,81500,3408.3,3400.0
2022-03-11 12:36:00,77.25,77.25,77.25,77.25,0,19.74988,81500,3408.3,3400.0
2022-03-11 12:37:00,77.25,77.25,77.25,77.25,0,19.74988,81500,3408.3,3400.0
2022-03-11 12:38:00,77.25,77.25,77.25,77.25,0,19.74988,81500,3408.3,3400.0
2022-03-11 12:39:00,77.25,77.25,77.25,77.25,0,19.74988,81500,3408.3,3400.0
2022-03-11 12:40:00,77.25,77.25,77.25,77.25,0,19.74988,81500,3408.3,3400.0
2022-03-11 12:41:00,77.25,77.25,77.25,77.25,0,19.74988,81500,3408.3,3400.0
2022-03-11 12:42:00,77.25,77.25,77.25,77.25,0,19.74988,81500,3408.3,3400.0
2022-03-11 12:43:00,77.25,77.25,77.25,77.25,0,19.74988,81500,3408.3,3400.0
2022-03-11 12:44:00,77.25,77.25,77.25,77.25,0,19.74988,81500,3408.3,3400.0
2022-03-11 12:45:00,77.25,77.25,77.25,77.25,0,19.74988,81500,3408.3,3400.0
2022-03-11 12:46:00,77.25,77.25,77.25,77.25,0,19.74988,81500,3408.3,3400.0
2022-03-11 12:47:00,77.25,77.25,77.25,77.25,0,19.74988,81500,3408.3,3400.0
2022-03-11 12:48:00,77.25,77.25,77.25,77.25,0,19.74988,81500,3408.3,3400.0
2022-03-11 12:49:00,77.25,77.25,77.25,77.25,0,19.74988,81500,3408.3,3400.0
2022-03-11 12:50:00,77.25,77.25,77.25,77.25,0,19.74988,81500,3408.3,3400.0
2022-03-11 12:51:00,77.25,77.25,77.25,77.25,0,19.74988,81500,3408.3,3400.0
2022-03-11 12:52:00,77.25,77.25,77.25,77.25,0,19.74988,81500,3408.3,3400.0
2022-03-11 12:53:00,77.25,77.25,77.25,77.25,0,19.74988,81500,3408.3,3400.0
2022-03-11 12:54:00,77.25,77.25,77.25,77.25,0,19.74988,81500,3408.3,3400.0
2022-03-11 12:55:00,77.25,77.25,77.25,77.25,0,19.74988,81500,3408.3,3400.0
2022-03-11 12:56:00,68.25,73.55,68.25,73.55,250,19.600635,7000,3422.0,3420.0
2022-03-11 12:57:00,73.55,73.55,73.55,73.55,0,19.600635,7000,3422.0,3420.0
2022-03-11 12:58:00,73.55,73.55,73.55,73.55,0,19.600635,7000,3422.0,3420.0
2022-03-11 12:59:00,73.55,73.55,73.55,73.55,0,19.600635,7000,3422.0,3420.0
2022-03-11 13:00:00,73.55,73.55,73.55,73.55,0,19.600635,7000,3422.0,3420.0
2022-03-11 13:01:00,73.55,73.55,73.55,73.55,250,19.245776,7000,3424.0,3420.0
2022-03-11 13:02:00,73.55,73.55,73.55,73.55,0,19.245776,7000,3424.0,3420.0
2022-03-11 13:03:00,73.55,73.55,73.55,73.55,0,19.245776,7000,3424.0,3420.0
2022-03-11 13:04:00,73.55,73.55,73.55,73.55,0,19.245776,7000,3424.0,3420.0
2022-03-11 13:05:00,73.55,73.55,73.55,73.55,0,19.245776,7000,3424.0,3420.0
2022-03-11 13:06:00,73.55,73.55,73.55,73.55,0,19.245776,7000,3424.0,3420.0
2022-03-11 13:07:00,73.55,73.55,73.55,73.55,0,19.245776,7000,3424.0,3420.0
2022-03-11 13:08:00,73.55,73.55,73.55,73.55,0,19.245776,7000,3424.0,3420.0
2022-03-11 13:09:00,73.55,73.55,73.55,73.55,0,19.245776,7000,3424.0,3420.0
2022-03-11 13:10:00,73.55,73.55,73.55,73.55,0,19.245776,7000,3424.0,3420.0
2022-03-11 13:11:00,73.55,73.55,73.55,73.55,0,19.245776,7000,3424.0,3420.0
2022-03-11 13:12:00,73.55,73.55,73.55,73.55,0,19.245776,7000,3424.0,3420.0
2022-03-11 13:13:00,73.55,73.55,73.55,73.55,0,19.245776,7000,3424.0,3420.0
2022-03-11 13:14:00,73.55,73.55,73.55,73.55,0,19.245776,7000,3424.0,3420.0
2022-03-11 13:15:00,73.55,73.55,73.55,73.55,0,19.245776,7000,3424.0,3420.0
2022-03-11 13:16:00,73.55,73.55,73.55,73.55,0,19.245776,7000,3424.0,3420.0
2022-03-11 13:17:00,73.55,73.55,73.55,73.55,0,19.245776,7000,3424.0,3420.0
2022-03-11 13:18:00,73.55,73.55,73.55,73.55,0,19.245776,7000,3424.0,3420.0
2022-03-11 13:19:00,73.55,73.55,73.55,73.55,0,19.245776,7000,3424.0,3420.0
2022-03-11 13:20:00,73.55,73.55,73.55,73.55,0,19.245776,7000,3424.0,3420.0
2022-03-11 13:21:00,73.55,73.55,73.55,73.55,0,19.245776,7000,3424.0,3420.0
2022-03-11 13:22:00,73.55,73.55,73.55,73.55,0,19.245776,7000,3424.0,3420.0
2022-03-11 13:23:00,73.55,73.55,73.55,73.55,0,19.245776,7000,3424.0,3420.0
2022-03-11 13:24:00,73.55,73.55,73.55,73.55,0,19.245776,7000,3424.0,3420.0
2022-03-11 13:25:00,73.55,73.55,73.55,73.55,0,19.245776,7000,3424.0,3420.0
2022-03-11 13:26:00,73.55,73.55,73.55,73.55,0,19.245776,7000,3424.0,3420.0
2022-03-11 13:27:00,73.55,73.55,73.55,73.55,0,19.245776,7000,3424.0,3420.0
2022-03-11 13:28:00,73.55,73.55,73.55,73.55,0,19.245776,7000,3424.0,3420.0
2022-03-11 13:29:00,73.55,73.55,73.55,73.55,0,19.245776,7000,3424.0,3420.0
2022-03-11 13:30:00,75.7,75.7,75.7,75.7,250,20.10888,6750,3423.05,3420.0
2022-03-11 13:31:00,75.7,75.7,75.7,75.7,0,20.10888,6750,3423.05,3420.0
2022-03-11 13:32:00,75.7,75.7,75.7,75.7,0,20.10888,6750,3423.05,3420.0
2022-03-11 13:33:00,75.7,75.7,75.7,75.7,0,20.10888,6750,3423.05,3420.0
2022-03-11 13:34:00,73.7,73.7,73.7,73.7,250,19.478176,6750,3423.05,3420.0
2022-03-11 13:35:00,73.7,73.7,73.7,73.7,0,19.478176,6750,3423.05,3420.0
2022-03-11 13:36:00,73.7,73.7,73.7,73.7,0,19.478176,6750,3423.05,3420.0
2022-03-11 13:37:00,73.7,73.7,71.5,71.5,250,19.192686,6750,3420.75,3420.0
2022-03-11 13:38:00,71.5,71.5,71.5,71.5,0,19.192686,6750,3420.75,3420.0
2022-03-11 13:39:00,71.5,71.5,71.5,71.5,0,19.192686,6750,3420.75,3420.0
2022-03-11 13:40:00,71.5,71.65,71.5,71.65,500,19.197192,7000,3421.0,3420.0
2022-03-11 13:41:00,71.65,71.65,71.65,71.65,0,19.197192,7000,3421.0,3420.0
2022-03-11 13:42:00,71.65,71.65,71.65,71.65,0,19.197192,7000,3421.0,3420.0
2022-03-11 13:43:00,71.65,71.65,71.65,71.65,0,19.197192,7000,3421.0,3420.0
2022-03-11 13:44:00,71.65,71.65,71.65,71.65,0,19.197192,7000,3421.0,3420.0
2022-03-11 13:45:00,71.65,71.65,71.65,71.65,0,19.197192,7000,3421.0,3420.0
2022-03-11 13:46:00,71.65,71.65,70.05,70.05,250,19.978631,7250,3413.6,3420.0
2022-03-11 13:47:00,70.05,70.05,70.05,70.05,0,19.978631,7250,3413.6,3420.0
2022-03-11 13:48:00,70.05,70.05,70.05,70.05,0,19.978631,7250,3413.6,3420.0
2022-03-11 13:49:00,70.05,70.05,70.05,70.05,0,19.978631,7250,3413.6,3420.0
2022-03-11 13:50:00,70.05,70.05,70.05,70.05,0,19.978631,7250,3413.6,3420.0
2022-03-11 13:51:00,70.05,70.05,70.05,70.05,0,19.978631,7250,3413.6,3420.0
2022-03-11 13:52:00,70.05,71.2,70.05,71.2,250,20.138798,7250,3414.8,3420.0
2022-03-11 13:53:00,71.2,71.2,71.2,71.2,0,20.138798,7250,3414.8,3420.0
2022-03-11 13:54:00,71.2,71.2,71.2,71.2,0,20.138798,7250,3414.8,3420.0
2022-03-11 13:55:00,71.2,71.2,71.2,71.2,0,20.138798,7250,3414.8,3420.0
2022-03-11 13:56:00,71.2,71.85,71.2,71.85,250,19.18775,7250,3421.45,3420.0
2022-03-11 13:57:00,71.85,71.85,71.85,71.85,0,19.18775,7250,3421.45,3420.0
2022-03-11 13:58:00,71.85,71.85,71.85,71.85,0,19.18775,7250,3421.45,3420.0
2022-03-11 13:59:00,71.85,71.85,71.85,71.85,0,19.18775,7250,3421.45,3420.0
2022-03-11 14:00:00,71.85,71.85,71.85,71.85,0,19.18775,7250,3421.45,3420.0
2022-03-11 14:01:00,71.85,71.85,71.85,71.85,0,19.18775,7250,3421.45,3420.0
2022-03-11 14:02:00,71.85,71.85,71.85,71.85,0,19.18775,7250,3421.45,3420.0
2022-03-11 14:03:00,71.85,71.85,71.85,71.85,0,19.18775,7250,3421.45,3420.0
2022-03-11 14:04:00,71.85,71.85,71.85,71.85,0,19.18775,7250,3421.45,3420.0
2022-03-11 14:05:00,71.85,71.85,71.85,71.85,0,19.18775,7250,3421.45,3420.0
2022-03-11 14:06:00,71.85,71.85,71.85,71.85,0,19.18775,7250,3421.45,3420.0
2022-03-11 14:07:00,71.85,71.85,71.85,71.85,0,19.18775,7250,3421.45,3420.0
2022-03-11 14:08:00,71.85,71.85,71.85,71.85,0,19.18775,7250,3421.45,3420.0
2022-03-11 14:09:00,71.85,71.85,71.85,71.85,0,19.18775,7250,3421.45,3420.0
2022-03-11 14:10:00,71.85,71.85,71.85,71.85,0,19.18775,7250,3421.45,3420.0
2022-03-11 14:11:00,71.85,71.85,71.85,71.85,0,19.18775,7250,3421.45,3420.0
2022-03-11 14:12:00,71.85,71.85,71.85,71.85,0,19.18775,7250,3421.45,3420.0
2022-03-11 14:13:00,71.85,71.85,71.85,71.85,0,19.18775,7250,3421.45,3420.0
2022-03-11 14:14:00,71.85,71.85,71.85,71.85,0,19.18775,7250,3421.45,3420.0
2022-03-11 14:15:00,71.85,71.85,71.85,71.85,0,19.18775,7250,3421.45,3420.0
2022-03-11 14:16:00,71.85,71.85,71.85,71.85,0,19.18775,7250,3421.45,3420.0
2022-03-11 14:17:00,71.85,71.85,71.85,71.85,0,19.18775,7250,3421.45,3420.0
2022-03-11 14:18:00,71.85,71.85,71.85,71.85,0,19.18775,7250,3421.45,3420.0
2022-03-11 14:19:00,71.85,71.85,71.85,71.85,0,19.18775,7250,3421.45,3420.0
2022-03-11 14:20:00,71.55,71.55,71.55,71.55,250,19.709912,7250,3418.0,3420.0
2022-03-11 14:21:00,71.55,71.55,71.55,71.55,0,19.709912,7250,3418.0,3420.0
2022-03-11 14:22:00,71.55,71.55,71.55,71.55,0,19.709912,7250,3418.0,3420.0
2022-03-11 14:23:00,71.55,71.55,71.55,71.55,0,19.709912,7250,3418.0,3420.0
2022-03-11 14:24:00,71.55,71.55,71.55,71.55,0,19.709912,7250,3418.0,3420.0
2022-03-11 14:25:00,71.55,71.55,71.55,71.55,0,19.709912,7250,3418.0,3420.0
2022-03-11 14:26:00,71.55,71.55,71.55,71.55,0,19.709912,7250,3418.0,3420.0
2022-03-11 14:27:00,71.55,71.55,71.55,71.55,0,19.709912,7250,3418.0,3420.0
2022-03-11 14:28:00,71.55,71.55,71.55,71.55,0,19.709912,7250,3418.0,3420.0
2022-03-11 14:29:00,71.0,71.0,71.0,71.0,250,19.110666,7000,3420.45,3420.0
2022-03-11 14:30:00,71.0,71.0,71.0,71.0,0,19.110666,7000,3420.45,3420.0
2022-03-11 14:31:00,71.0,71.0,71.0,71.0,0,19.110666,7000,3420.45,3420.0
2022-03-11 14:32:00,71.0,71.0,71.0,71.0,0,19.110666,7000,3420.45,3420.0
2022-03-11 14:33:00,71.0,71.0,71.0,71.0,0,19.110666,7000,3420.45,3420.0
2022-03-11 14:34:00,71.0,71.0,71.0,71.0,0,19.110666,7000,3420.45,3420.0
2022-03-11 14:35:00,71.0,71.0,71.0,71.0,0,19.110666,7000,3420.45,3420.0
2022-03-11 14:36:00,71.0,71.0,71.0,71.0,0,19.110666,7000,3420.45,3420.0
2022-03-11 14:37:00,71.0,71.0,71.0,71.0,0,19.110666,7000,3420.45,3420.0
2022-03-11 14:38:00,71.0,71.0,71.0,71.0,0,19.110666,7000,3420.45,3420.0
2022-03-11 14:39:00,71.0,71.0,71.0,71.0,0,19.110666,7000,3420.45,3420.0
2022-03-11 14:40:00,71.0,71.0,71.0,71.0,0,19.110666,7000,3420.45,3420.0
2022-03-11 14:41:00,71.0,71.0,71.0,71.0,0,19.110666,7000,3420.45,3420.0
2022-03-11 14:42:00,71.0,71.0,71.0,71.0,0,19.110666,7000,3420.45,3420.0
2022-03-11 14:43:00,71.0,71.0,71.0,71.0,0,19.110666,7000,3420.45,3420.0
2022-03-11 14:44:00,71.0,71.0,71.0,71.0,250,18.82422,6750,3422.1,3420.0
2022-03-11 14:45:00,71.0,71.0,71.0,71.0,0,18.82422,6750,3422.1,3420.0
2022-03-11 14:46:00,71.0,71.0,71.0,71.0,250,19.135847,6750,3420.35,3420.0
2022-03-11 14:47:00,71.0,71.0,71.0,71.0,0,19.135847,6750,3420.35,3420.0
2022-03-11 14:48:00,71.0,71.0,71.0,71.0,0,19.135847,6750,3420.35,3420.0
2022-03-11 14:49:00,71.0,71.0,71.0,71.0,0,19.135847,6750,3420.35,3420.0
2022-03-11 14:50:00,71.0,71.0,71.0,71.0,0,19.135847,6750,3420.35,3420.0
2022-03-11 14:51:00,71.0,71.0,71.0,71.0,0,19.135847,6750,3420.35,3420.0
2022-03-11 14:52:00,71.0,71.0,71.0,71.0,0,19.135847,6750,3420.35,3420.0
2022-03-11 14:53:00,71.0,71.0,71.0,71.0,0,19.135847,6750,3420.35,3420.0
2022-03-11 14:54:00,71.0,71.0,71.0,71.0,0,19.135847,6750,3420.35,3420.0
2022-03-11 14:55:00,72.5,72.5,72.5,72.5,500,19.268446,6750,3422.3,3420.0
2022-03-11 14:56:00,72.5,72.5,71.65,71.65,500,19.088829,6750,3421.8,3420.0
2022-03-11 14:57:00,71.65,71.65,71.65,71.65,0,19.088829,6750,3421.8,3420.0
2022-03-11 14:58:00,71.65,71.65,71.65,71.65,0,19.088829,6750,3421.8,3420.0
2022-03-11 14:59:00,71.65,71.65,71.65,71.65,0,19.088829,6750,3421.8,3420.0
2022-03-11 15:00:00,71.45,71.45,71.45,71.45,500,19.469156,6500,3419.3,3420.0
2022-03-11 15:01:00,71.45,71.45,71.45,71.45,0,19.469156,6500,3419.3,3420.0
2022-03-11 15:02:00,71.45,71.45,71.45,71.45,0,19.469156,6500,3419.3,3420.0
2022-03-11 15:03:00,71.1,71.1,71.1,71.1,250,18.89992,6750,3421.9,3420.0
2022-03-11 15:04:00,71.1,71.1,71.1,71.1,0,18.89992,6750,3421.9,3420.0
2022-03-11 15:05:00,71.1,71.1,71.1,71.1,0,18.89992,6750,3421.9,3420.0
2022-03-11 15:06:00,71.1,71.1,71.1,71.1,0,18.89992,6750,3421.9,3420.0
2022-03-11 15:07:00,71.1,71.1,71.1,71.1,0,18.89992,6750,3421.9,3420.0
2022-03-11 15:08:00,71.1,71.1,71.1,71.1,0,18.89992,6750,3421.9,3420.0
2022-03-11 15:09:00,71.1,71.1,71.1,71.1,0,18.89992,6750,3421.9,3420.0
2022-03-11 15:10:00,71.1,71.1,71.1,71.1,0,18.89992,6750,3421.9,3420.0
2022-03-11 15:11:00,71.1,71.1,71.1,71.1,0,18.89992,6750,3421.9,3420.0
2022-03-11 15:12:00,71.1,71.65,70.95,70.95,500,18.900921,6250,3421.65,3420.0
2022-03-11 15:13:00,70.95,70.95,70.95,70.95,0,18.900921,6250,3421.65,3420.0
2022-03-11 15:14:00,70.95,70.95,70.95,70.95,0,18.900921,6250,3421.65,3420.0
2022-03-11 15:15:00,70.95,70.95,70.95,70.95,0,18.900921,6250,3421.65,3420.0
2022-03-11 15:16:00,70.95,73.9,70.95,73.9,500,19.236622,5750,3425.0,3420.0
2022-03-11 15:17:00,73.9,73.9,73.9,73.9,0,19.236622,5750,3425.0,3420.0
2022-03-11 15:18:00,73.9,73.9,73.9,73.9,0,19.236622,5750,3425.0,3420.0
2022-03-11 15:19:00,73.9,73.9,73.9,73.9,0,19.236622,5750,3425.0,3420.0
2022-03-11 15:20:00,73.9,73.9,73.9,73.9,0,19.236622,5750,3425.0,3420.0
2022-03-11 15:21:00,73.9,74.05,73.9,74.05,250,19.322656,5500,3424.8,3420.0
2022-03-11 15:22:00,74.05,74.05,74.05,74.05,0,19.322656,5500,3424.8,3420.0
2022-03-11 15:23:00,74.05,74.05,74.05,74.05,0,19.322656,5500,3424.8,3420.0
2022-03-11 15:24:00,74.05,74.05,74.05,74.05,0,19.322656,5500,3424.8,3420.0
2022-03-11 15:25:00,74.05,74.05,74.05,74.05,0,19.322656,5500,3423.35,3420.0
2022-03-11 15:26:00,74.05,74.05,74.05,74.05,0,19.322656,5500,3424.8,3420.0
2022-03-11 15:27:00,74.05,74.05,74.05,74.05,0,19.322656,5500,3424.8,3420.0
2022-03-11 15:28:00,74.05,74.05,74.05,74.05,0,19.322656,5500,3424.8,3420.0
2022-03-11 15:29:00,74.05,74.05,74.05,74.05,0,19.322656,5500,3424.8,3420.0
2022-03-14 09:15:00,70.0,70.0,70.0,70.0,250,21.633784,5500,3415.55,3420.0
2022-03-14 09:16:00,82.15,82.15,82.15,82.15,250,24.848922,77000,3401.35,3400.0
2022-03-14 09:17:00,82.15,82.15,82.15,82.15,0,24.848922,77000,3401.35,3400.0
2022-03-14 09:18:00,82.15,82.15,82.15,82.15,0,24.848922,77000,3401.35,3400.0
2022-03-14 09:19:00,82.15,82.15,82.15,82.15,0,24.848922,77000,3394.8,3400.0
2022-03-14 09:20:00,82.15,82.15,73.8,73.8,250,23.955007,76750,3390.7,3400.0
2022-03-14 09:21:00,73.8,86.0,73.8,86.0,1250,27.399971,76750,3394.65,3400.0
2022-03-14 09:22:00,86.0,86.0,77.0,77.0,250,23.709191,76750,3398.05,3400.0
2022-03-14 09:23:00,77.0,77.0,77.0,77.0,0,23.709191,76750,3398.05,3400.0
2022-03-14 09:24:00,77.0,81.0,77.0,81.0,250,23.502362,78000,3406.4,3400.0
2022-03-14 09:25:00,81.0,81.0,81.0,81.0,0,23.502362,78000,3406.15,3400.0
2022-03-14 09:26:00,81.0,81.0,81.0,81.0,0,23.502362,78000,3406.4,3400.0
2022-03-14 09:27:00,81.0,83.0,81.0,83.0,250,24.035271,78250,3407.2,3400.0
2022-03-14 09:28:00,83.0,83.0,83.0,83.0,250,24.295077,78250,3405.85,3400.0
2022-03-14 09:29:00,83.0,83.0,83.0,83.0,0,24.295077,78250,3405.85,3400.0
2022-03-14 09:30:00,81.0,81.0,77.0,77.0,750,25.078193,78750,3390.55,3400.0
2022-03-14 09:31:00,77.0,77.0,77.0,77.0,0,25.078193,78750,3390.55,3400.0
2022-03-14 09:32:00,77.0,77.0,77.0,77.0,0,25.078193,78750,3390.55,3400.0
2022-03-14 09:33:00,77.0,77.0,77.0,77.0,0,25.078193,78750,3390.55,3400.0
2022-03-14 09:34:00,77.0,77.0,77.0,77.0,0,25.078193,78750,3390.55,3400.0
2022-03-14 09:35:00,77.0,77.0,77.0,77.0,0,25.078193,78750,3390.55,3400.0
2022-03-14 09:36:00,77.0,77.0,77.0,77.0,0,25.078193,78750,3390.55,3400.0
2022-03-14 09:37:00,77.0,77.0,77.0,77.0,0,25.078193,78750,3383.95,3380.0
2022-03-14 09:38:00,77.0,77.0,77.0,77.0,0,25.078193,78750,3390.55,3400.0
2022-03-14 09:39:00,77.0,77.0,77.0,77.0,0,25.078193,78750,3377.05,3380.0
2022-03-14 09:40:00,77.0,77.0,77.0,77.0,0,25.078193,78750,3390.55,3400.0
2022-03-14 09:41:00,77.0,77.0,77.0,77.0,0,25.078193,78750,3390.55,3400.0
2022-03-14 09:42:00,77.0,77.0,77.0,77.0,0,25.078193,78750,3390.55,3400.0
2022-03-14 09:43:00,77.0,77.0,77.0,77.0,0,25.078193,78750,3390.55,3400.0
2022-03-14 09:44:00,77.0,77.0,77.0,77.0,0,25.078193,78750,3390.55,3400.0
2022-03-14 09:45:00,77.0,77.0,77.0,77.0,0,25.078193,78750,3369.9,3360.0
2022-03-14 09:46:00,77.0,77.0,77.0,77.0,0,25.078193,78750,3390.55,3400.0
2022-03-14 09:47:00,77.0,77.0,77.0,77.0,0,25.078193,78750,3375.0,3380.0
2022-03-14 09:48:00,77.0,77.0,77.0,77.0,0,25.078193,78750,3390.55,3400.0
2022-03-14 09:49:00,77.0,77.0,77.0,77.0,0,25.078193,78750,3390.55,3400.0
2022-03-14 09:50:00,77.0,77.0,77.0,77.0,0,25.078193,78750,3390.55,3400.0
2022-03-14 09:51:00,77.0,77.0,77.0,77.0,0,25.078193,78750,3390.55,3400.0
2022-03-14 09:52:00,77.0,77.0,77.0,77.0,0,25.078193,78750,3390.55,3400.0
2022-03-14 09:53:00,77.0,77.0,77.0,77.0,0,25.078193,78750,3377.4,3380.0
2022-03-14 09:54:00,77.0,77.0,77.0,77.0,0,25.078193,78750,3390.55,3400.0
2022-03-14 09:55:00,77.0,77.0,77.0,77.0,0,25.078193,78750,3390.55,3400.0
2022-03-14 09:56:00,77.0,77.0,77.0,77.0,0,25.078193,78750,3383.45,3380.0
2022-03-14 09:57:00,77.0,77.0,77.0,77.0,0,25.078193,78750,3390.55,3400.0
2022-03-14 09:58:00,77.0,77.0,77.0,77.0,0,25.078193,78750,3390.55,3400.0
2022-03-14 09:59:00,77.0,77.0,77.0,77.0,0,25.078193,78750,3390.55,3400.0
2022-03-14 10:00:00,77.0,77.0,77.0,77.0,0,25.078193,78750,3390.55,3400.0
2022-03-14 10:01:00,77.0,77.0,77.0,77.0,0,25.078193,78750,3390.55,3400.0
2022-03-14 10:02:00,77.0,77.0,77.0,77.0,0,25.078193,78750,3390.55,3400.0
2022-03-14 10:03:00,77.0,77.0,77.0,77.0,0,25.078193,78750,3390.55,3400.0
2022-03-14 10:04:00,77.0,77.0,77.0,77.0,0,25.078193,78750,3390.55,3400.0
2022-03-14 10:05:00,77.0,77.0,77.0,77.0,0,25.078193,78750,3385.95,3380.0
2022-03-14 10:06:00,77.0,77.0,77.0,77.0,0,25.078193,78750,3390.55,3400.0
2022-03-14 10:07:00,77.0,77.0,77.0,77.0,0,25.078193,78750,3390.55,3400.0
2022-03-14 10:08:00,77.0,77.0,77.0,77.0,0,25.078193,78750,3390.55,3400.0
2022-03-14 10:09:00,77.0,77.0,77.0,77.0,0,25.078193,78750,3390.55,3400.0
2022-03-14 10:10:00,77.0,77.0,77.0,77.0,0,25.078193,78750,3390.55,3400.0
2022-03-14 10:11:00,77.0,77.0,77.0,77.0,0,25.078193,78750,3390.55,3400.0
2022-03-14 10:12:00,77.0,77.0,77.0,77.0,0,25.078193,78750,3390.55,3400.0
2022-03-14 10:13:00,77.0,77.0,77.0,77.0,0,25.078193,78750,3390.55,3400.0
2022-03-14 10:14:00,77.0,77.0,77.0,77.0,0,25.078193,78750,3390.55,3400.0
2022-03-14 10:15:00,77.0,77.0,77.0,77.0,0,25.078193,78750,3390.55,3400.0
2022-03-14 10:16:00,77.0,77.0,77.0,77.0,0,25.078193,78750,3390.55,3400.0
2022-03-14 10:17:00,77.0,77.0,77.0,77.0,0,25.078193,78750,3390.55,3400.0
2022-03-14 10:18:00,77.0,77.0,77.0,77.0,0,25.078193,78750,3390.55,3400.0
2022-03-14 10:19:00,77.0,77.0,77.0,77.0,0,25.078193,78750,3390.55,3400.0
2022-03-14 10:20:00,77.0,77.0,77.0,77.0,0,25.078193,78750,3390.55,3400.0
2022-03-14 10:21:00,77.0,77.0,77.0,77.0,0,25.078193,78750,3390.55,3400.0
2022-03-14 10:22:00,77.0,77.0,77.0,77.0,0,25.078193,78750,3390.55,3400.0
2022-03-14 10:23:00,77.0,77.0,77.0,77.0,0,25.078193,78750,3390.55,3400.0
2022-03-14 10:24:00,77.0,77.0,77.0,77.0,0,25.078193,78750,3390.55,3400.0
2022-03-14 10:25:00,77.0,77.0,77.0,77.0,0,25.078193,78750,3390.55,3400.0
2022-03-14 10:26:00,77.0,77.0,77.0,77.0,0,25.078193,78750,3390.55,3400.0
2022-03-14 10:27:00,77.0,77.0,77.0,77.0,0,25.078193,78750,3390.55,3400.0
2022-03-14 10:28:00,77.0,77.0,77.0,77.0,0,25.078193,78750,3390.55,3400.0
2022-03-14 10:29:00,77.0,77.0,77.0,77.0,0,25.078193,78750,3390.55,3400.0
2022-03-14 10:30:00,77.0,77.0,77.0,77.0,0,25.078193,78750,3390.55,3400.0
2022-03-14 10:31:00,77.0,77.0,77.0,77.0,0,25.078193,78750,3390.55,3400.0
2022-03-14 10:32:00,74.25,74.8,74.25,74.8,250,24.285133,79000,3391.0,3400.0
2022-03-14 10:33:00,74.2,74.2,73.35,73.35,750,23.916489,79000,3390.3,3400.0
2022-03-14 10:34:00,73.35,73.35,73.35,73.35,0,23.916489,79000,3390.3,3400.0
2022-03-14 10:35:00,73.35,73.35,73.35,73.35,0,23.916489,79000,3390.3,3400.0
2022-03-14 10:36:00,73.35,73.35,73.35,73.35,0,23.916489,79000,3390.3,3400.0
2022-03-14 10:37:00,73.35,73.35,73.35,73.35,0,23.916489,79000,3390.3,3400.0
2022-03-14 10:38:00,73.35,73.35,73.35,73.35,0,23.916489,79000,3390.3,3400.0
2022-03-14 10:39:00,73.35,73.35,73.35,73.35,0,23.916489,79000,3390.3,3400.0
2022-03-14 10:40:00,73.35,73.35,73.35,73.35,0,23.916489,79000,3390.3,3400.0
2022-03-14 10:41:00,72.5,73.8,72.5,73.8,1750,23.733247,78500,3392.2,3400.0
2022-03-14 10:42:00,73.8,73.8,73.8,73.8,0,23.733247,78500,3392.2,3400.0
2022-03-14 10:43:00,73.8,73.8,73.8,73.8,0,23.733247,78500,3390.95,3400.0
2022-03-14 10:44:00,73.8,76.75,73.8,76.75,500,23.309249,79000,3400.0,3400.0
2022-03-14 10:45:00,76.75,76.75,76.75,76.75,0,23.309249,79000,3400.0,3400.0
2022-03-14 10:46:00,76.75,76.75,76.75,76.75,0,23.309249,79000,3400.0,3400.0
2022-03-14 10:47:00,76.75,77.05,76.75,77.05,250,24.154716,79250,3396.0,3400.0
2022-03-14 10:48:00,77.05,77.05,77.05,77.05,0,24.154716,79250,3396.0,3400.0
2022-03-14 10:49:00,77.05,77.1,77.05,77.1,250,23.52533,79500,3399.5,3400.0
2022-03-14 10:50:00,77.1,77.1,77.1,77.1,0,23.52533,79500,3401.0,3400.0
2022-03-14 10:51:00,77.1,78.3,77.1,78.3,250,23.834171,79500,3400.05,3400.0
2022-03-14 10:52:00,78.3,78.3,78.3,78.3,0,23.834171,79500,3400.05,3400.0
2022-03-14 10:53:00,78.3,78.3,78.3,78.3,0,23.834171,79500,3406.0,3400.0
2022-03-14 10:54:00,79.9,81.0,79.9,80.15,1750,23.85703,79500,3403.3,3400.0
2022-03-14 10:55:00,80.15,80.5,80.15,80.5,250,23.634538,79500,3405.1,3400.0
2022-03-14 10:56:00,80.5,80.5,79.15,79.15,250,23.733453,79500,3402.15,3400.0
2022-03-14 10:57:00,79.15,79.15,79.15,79.15,0,23.733453,79500,3402.15,3400.0
2022-03-14 10:58:00,79.15,79.15,79.15,79.15,0,23.733453,79500,3402.15,3400.0
2022-03-14 10:59:00,79.15,79.15,79.15,79.15,0,23.733453,79500,3402.15,3400.0
2022-03-14 11:00:00,79.15,79.15,78.85,78.85,250,23.849703,79500,3401.0,3400.0
2022-03-14 11:01:00,78.85,78.85,78.7,78.7,1500,23.798969,79500,3401.0,3400.0
2022-03-14 11:02:00,78.7,78.7,77.35,77.35,250,23.739641,79500,3398.85,3400.0
2022-03-14 11:03:00,76.7,76.7,76.7,76.7,500,22.926963,80500,3402.0,3400.0
2022-03-14 11:04:00,76.7,78.5,76.7,78.5,250,23.543979,80500,3402.0,3400.0
2022-03-14 11:05:00,78.5,78.5,78.5,78.5,0,23.543979,80500,3402.0,3400.0
2022-03-14 11:06:00,78.5,78.5,76.35,76.35,250,24.027838,81000,3395.45,3400.0
2022-03-14 11:07:00,76.35,76.35,75.15,75.15,250,23.70083,81000,3395.0,3400.0
2022-03-14 11:08:00,75.0,75.0,72.6,73.95,1500,23.619413,81000,3393.2,3400.0
2022-03-14 11:09:00,73.95,73.95,73.95,73.95,0,23.619413,81000,3393.2,3400.0
2022-03-14 11:10:00,73.95,74.9,73.95,74.9,500,23.87243,79500,3393.6,3400.0
2022-03-14 11:11:00,74.9,74.9,74.9,74.9,0,23.87243,79500,3393.6,3400.0
2022-03-14 11:12:00,74.9,74.9,74.9,74.9,0,23.87243,79500,3393.6,3400.0
2022-03-14 11:13:00,74.9,75.15,74.9,75.15,250,23.695237,79500,3395.05,3400.0
2022-03-14 11:14:00,75.8,75.8,75.8,75.8,250,23.743785,79500,3396.0,3400.0
2022-03-14 11:15:00,75.8,75.8,75.8,75.8,250,23.92766,79750,3395.0,3400.0
2022-03-14 11:16:00,75.8,76.4,75.8,76.0,500,23.996593,79750,3395.0,3400.0
2022-03-14 11:17:00,76.0,76.0,76.0,76.0,0,23.996593,79750,3395.0,3400.0
2022-03-14 11:18:00,76.0,76.0,75.6,75.6,1000,23.943321,80000,3394.55,3400.0
2022-03-14 11:19:00,75.6,75.6,75.2,75.2,250,23.660951,80000,3395.35,3400.0
2022-03-14 11:20:00,75.2,75.2,75.2,75.2,0,23.660951,80000,3395.35,3400.0
2022-03-14 11:21:00,75.2,75.2,75.2,75.2,0,23.660951,80000,3395.35,3400.0
2022-03-14 11:22:00,75.2,76.3,75.2,76.3,750,24.002011,80000,3395.55,3400.0
2022-03-14 11:23:00,76.3,77.4,76.3,77.4,250,23.498442,80000,3400.3,3400.0
2022-03-14 11:24:00,77.4,77.4,77.0,77.0,250,23.493126,79500,3399.6,3400.0
2022-03-14 11:25:00,77.0,77.0,77.0,77.0,0,23.493126,79500,3399.6,3400.0
2022-03-14 11:26:00,77.0,77.0,77.0,77.0,0,23.493126,79500,3399.6,3400.0
2022-03-14 11:27:00,77.0,78.5,77.0,77.95,1000,24.173145,79750,3397.7,3400.0
2022-03-14 11:28:00,77.95,78.55,77.95,78.55,250,24.221405,79750,3398.55,3400.0
2022-03-14 11:29:00,78.55,78.55,77.6,77.6,750,24.091651,79750,3397.5,3400.0
2022-03-14 11:30:00,77.6,77.6,77.6,77.6,250,24.313494,79750,3396.3,3400.0
2022-03-14 11:31:00,77.6,77.6,77.0,77.0,250,23.88766,80750,3397.5,3400.0
2022-03-14 11:32:00,77.0,77.0,77.0,77.0,0,23.88766,80750,3397.5,3400.0
2022-03-14 11:33:00,77.0,77.9,77.0,77.9,500,24.011352,80750,3398.5,3400.0
2022-03-14 11:34:00,77.45,77.45,77.45,77.45,250,24.402305,80750,3395.55,3400.0
2022-03-14 11:35:00,77.45,77.45,77.45,77.45,0,24.402305,80750,3395.55,3400.0
2022-03-14 11:36:00,77.45,77.45,76.95,77.45,500,24.081528,80250,3397.3,3400.0
2022-03-14 11:37:00,77.45,77.7,77.15,77.7,500,24.269098,80250,3396.75,3400.0
2022-03-14 11:38:00,78.5,78.95,78.5,78.8,1250,24.34083,80250,3398.4,3400.0
2022-03-14 11:39:00,78.8,78.8,78.8,78.8,0,24.34083,80250,3398.4,3400.0
2022-03-14 11:40:00,78.8,78.8,78.8,78.8,0,24.34083,80250,3398.4,3400.0
2022-03-14 11:41:00,78.8,78.8,78.8,78.8,0,24.34083,80250,3398.4,3400.0
2022-03-14 11:42:00,78.75,78.75,78.75,78.75,500,24.344708,80000,3398.3,3400.0
2022-03-14 11:43:00,78.75,78.75,78.75,78.75,0,24.344708,80000,3398.3,3400.0
2022-03-14 11:44:00,78.75,78.75,77.4,77.4,500,24.846916,80000,3393.05,3400.0
2022-03-14 11:45:00,77.4,77.4,77.4,77.4,0,24.846916,80000,3393.05,3400.0
2022-03-14 11:46:00,77.4,77.4,77.4,77.4,0,24.846916,80000,3393.05,3400.0
2022-03-14 11:47:00,77.4,77.4,77.4,77.4,0,24.846916,80000,3393.05,3400.0
2022-03-14 11:48:00,77.4,77.4,76.4,76.4,500,24.50761,79500,3393.05,3400.0
2022-03-14 11:49:00,76.4,77.7,76.4,77.7,500,24.267146,79500,3396.8,3400.0
2022-03-14 11:50:00,77.7,77.7,76.15,76.15,250,24.18697,79500,3394.35,3400.0
2022-03-14 11:51:00,76.15,76.15,76.15,76.15,0,24.18697,79500,3394.35,3400.0
2022-03-14 11:52:00,76.15,76.35,76.15,76.35,250,23.371176,79750,3399.15,3400.0
2022-03-14 11:53:00,76.35,77.25,76.35,77.25,250,24.262874,79750,3396.0,3400.0
2022-03-14 11:54:00,77.25,77.25,77.25,77.25,0,24.262874,79750,3396.0,3400.0
2022-03-14 11:55:00,77.25,77.25,76.0,76.0,250,24.65527,80250,3391.5,3400.0
2022-03-14 11:56:00,76.0,76.15,76.0,76.15,250,24.535682,80250,3392.45,3400.0
2022-03-14 11:57:00,76.15,76.15,76.15,76.15,0,24.535682,80250,3392.45,3400.0
2022-03-14 11:58:00,76.15,76.15,76.15,76.15,0,24.535682,80250,3393.0,3400.0
2022-03-14 11:59:00,76.15,76.15,76.15,76.15,0,24.535682,80250,3392.45,3400.0
2022-03-14 12:00:00,76.15,76.15,74.5,74.5,250,24.32541,80500,3390.5,3400.0
2022-03-14 12:01:00,74.5,74.5,74.5,74.5,0,24.32541,80500,3390.5,3400.0
2022-03-14 12:02:00,74.35,74.4,74.35,74.4,1000,24.103637,80500,3391.55,3400.0
2022-03-14 12:03:00,74.4,74.4,74.4,74.4,0,24.103637,80500,3391.55,3400.0
2022-03-14 12:04:00,74.4,74.4,74.4,74.4,0,24.103637,80500,3391.55,3400.0
2022-03-14 12:05:00,74.4,74.4,74.4,74.4,0,24.103637,80500,3391.55,3400.0
2022-03-14 12:06:00,74.4,75.8,74.4,75.8,250,24.140735,81500,3394.0,3400.0
2022-03-14 12:07:00,76.15,76.15,76.0,76.0,750,24.327959,81500,3393.35,3400.0
2022-03-14 12:08:00,76.0,76.0,76.0,76.0,0,24.327959,81500,3393.35,3400.0
2022-03-14 12:09:00,76.0,76.0,76.0,76.0,0,24.327959,81500,3393.35,3400.0
2022-03-14 12:10:00,76.0,76.0,76.0,76.0,250,24.483875,81500,3392.5,3400.0
2022-03-14 12:11:00,76.0,76.0,76.0,76.0,0,24.483875,81500,3392.5,3400.0
2022-03-14 12:12:00,76.0,76.0,76.0,76.0,0,24.483875,81500,3392.5,3400.0
2022-03-14 12:13:00,76.0,76.0,76.0,76.0,0,24.483875,81500,3392.5,3400.0
2022-03-14 12:14:00,76.0,76.0,76.0,76.0,0,24.483875,81500,3392.5,3400.0
2022-03-14 12:15:00,76.0,76.0,76.0,76.0,0,24.483875,81500,3392.5,3400.0
2022-03-14 12:16:00,76.0,76.0,76.0,76.0,0,24.483875,81500,3392.5,3400.0
2022-03-14 12:17:00,76.0,76.0,76.0,76.0,0,24.483875,81500,3383.3,3380.0
2022-03-14 12:18:00,76.0,76.0,76.0,76.0,0,24.483875,81500,3392.5,3400.0
2022-03-14 12:19:00,76.0,76.0,76.0,76.0,0,24.483875,81500,3392.5,3400.0
2022-03-14 12:20:00,76.0,76.0,76.0,76.0,0,24.483875,81500,3392.5,3400.0
2022-03-14 12:21:00,76.0,76.0,76.0,76.0,0,24.483875,81500,3392.5,3400.0
2022-03-14 12:22:00,76.0,76.0,76.0,76.0,0,24.483875,81500,3392.5,3400.0
2022-03-14 12:23:00,76.0,76.0,76.0,76.0,0,24.483875,81500,3392.5,3400.0
2022-03-14 12:24:00,76.0,76.0,76.0,76.0,0,24.483875,81500,3392.5,3400.0
2022-03-14 12:25:00,76.0,76.0,76.0,76.0,0,24.483875,81500,3392.5,3400.0
2022-03-14 12:26:00,76.0,76.0,76.0,76.0,0,24.483875,81500,3392.5,3400.0
2022-03-14 12:27:00,76.0,76.0,76.0,76.0,0,24.483875,81500,3392.5,3400.0
2022-03-14 12:28:00,76.0,76.0,76.0,76.0,0,24.483875,81500,3392.5,3400.0
2022-03-14 12:29:00,76.0,76.0,76.0,76.0,0,24.483875,81500,3389.6,3380.0
2022-03-14 12:30:00,76.0,76.0,76.0,76.0,0,24.483875,81500,3392.5,3400.0
2022-03-14 12:31:00,76.0,76.0,76.0,76.0,0,24.483875,81500,3389.45,3380.0
2022-03-14 12:32:00,76.0,76.0,76.0,76.0,0,24.483875,81500,3392.5,3400.0
2022-03-14 12:33:00,77.0,77.0,77.0,77.0,500,25.074536,82250,3391.2,3400.0
2022-03-14 12:34:00,77.0,77.0,77.0,77.0,0,25.074536,82250,3392.6,3400.0
2022-03-14 12:35:00,77.0,78.25,77.0,78.25,1000,25.359093,82000,3392.0,3400.0
2022-03-14 12:36:00,78.25,78.25,77.0,77.0,250,24.932161,82000,3392.0,3400.0
2022-03-14 12:37:00,77.0,77.0,77.0,77.0,0,24.932161,82000,3394.0,3400.0
2022-03-14 12:38:00,77.0,77.4,77.0,77.4,500,24.90737,82000,3392.9,3400.0
2022-03-14 12:39:00,77.4,78.25,77.4,78.25,250,24.752299,81750,3395.35,3400.0
2022-03-14 12:40:00,78.25,79.5,78.25,78.95,750,24.88243,81750,3395.95,3400.0
2022-03-14 12:41:00,78.95,78.95,78.95,78.95,250,25.520974,81750,3392.45,3400.0
2022-03-14 12:42:00,78.95,78.95,78.95,78.95,0,25.520974,81750,3392.0,3400.0
2022-03-14 12:43:00,78.95,78.95,78.95,78.95,0,25.520974,81750,3391.0,3400.0
2022-03-14 12:44:00,78.95,78.95,77.5,77.5,250,24.963415,81250,3392.8,3400.0
2022-03-14 12:45:00,77.5,77.5,77.5,77.5,0,24.963415,81250,3392.8,3400.0
2022-03-14 12:46:00,77.5,77.5,77.5,77.5,250,25.091327,81000,3392.1,3400.0
2022-03-14 12:47:00,77.5,78.0,77.5,78.0,250,24.954732,81000,3393.8,3400.0
2022-03-14 12:48:00,78.0,78.0,78.0,78.0,0,24.954732,81000,3393.8,3400.0
2022-03-14 12:49:00,78.0,78.8,78.0,78.8,250,24.717061,81000,3396.6,3400.0
2022-03-14 12:50:00,78.8,79.8,78.8,79.8,250,24.550439,81000,3399.35,3400.0
2022-03-14 12:51:00,79.8,80.95,79.8,80.95,250,25.482036,81000,3396.45,3400.0
2022-03-14 12:52:00,80.95,80.95,80.85,80.95,500,25.224336,80500,3397.85,3400.0
2022-03-14 12:53:00,80.95,80.95,80.95,80.95,0,25.224336,80500,3397.85,3400.0
2022-03-14 12:54:00,80.95,81.05,80.95,81.05,250,25.31533,80500,3397.55,3400.0
2022-03-14 12:55:00,81.05,81.05,81.05,81.05,500,25.204899,80500,3398.15,3400.0
2022-03-14 12:56:00,81.05,81.05,81.05,81.05,0,25.204899,80500,3396.0,3400.0
2022-03-14 12:57:00,81.05,81.05,80.8,81.0,1000,25.585643,81250,3396.0,3400.0
2022-03-14 12:58:00,81.0,81.45,81.0,81.45,500,25.721981,81250,3396.1,3400.0
2022-03-14 12:59:00,81.0,81.0,81.0,81.0,2250,25.678614,81250,3395.5,3400.0
2022-03-14 13:00:00,81.0,81.0,80.35,80.35,500,26.084344,83250,3392.05,3400.0
2022-03-14 13:01:00,80.35,80.35,79.8,79.85,750,26.094145,83250,3391.05,3400.0
2022-03-14 13:02:00,79.85,80.05,79.65,80.05,500,25.079421,83250,3397.0,3400.0
2022-03-14 13:03:00,80.05,80.45,80.05,80.45,250,25.401113,83250,3396.0,3400.0
2022-03-14 13:04:00,80.45,80.45,80.05,80.05,250,25.089893,83000,3396.95,3400.0
2022-03-14 13:05:00,80.05,80.05,80.05,80.05,0,25.089893,83000,3396.95,3400.0
2022-03-14 13:06:00,80.05,80.05,80.05,80.05,0,25.089893,83000,3396.95,3400.0
2022-03-14 13:07:00,80.05,80.05,80.05,80.05,0,25.089893,83000,3396.95,3400.0
2022-03-14 13:08:00,80.05,80.05,80.05,80.05,0,25.089893,83000,3396.95,3400.0
2022-03-14 13:09:00,80.05,80.05,80.05,80.05,0,25.089893,83000,3396.95,3400.0
2022-03-14 13:10:00,80.05,82.8,80.05,82.8,750,25.488482,83000,3399.9,3400.0
2022-03-14 13:11:00,82.8,82.8,81.2,81.2,250,24.9406,83000,3399.9,3400.0
2022-03-14 13:12:00,83.3,83.3,83.3,83.3,250,25.455351,83000,3401.0,3400.0
2022-03-14 13:13:00,82.5,82.5,82.5,82.5,250,24.795038,83500,3403.05,3400.0
2022-03-14 13:14:00,82.5,84.0,82.5,83.0,1750,24.710736,83500,3404.4,3400.0
2022-03-14 13:15:00,83.0,83.0,82.1,82.1,250,25.270336,83000,3399.8,3400.0
2022-03-14 13:16:00,82.1,82.1,81.9,81.9,250,25.202396,83000,3399.8,3400.0
2022-03-14 13:17:00,81.9,82.7,81.9,82.7,1000,24.97026,83000,3402.5,3400.0
2022-03-14 13:18:00,82.7,84.5,82.7,84.5,4000,25.114045,82750,3405.0,3400.0
2022-03-14 13:19:00,84.5,85.85,81.55,81.55,2250,25.158913,82750,3399.4,3400.0
2022-03-14 13:20:00,81.55,81.55,78.75,79.2,1250,24.762463,82750,3397.2,3400.0
2022-03-14 13:21:00,79.2,79.25,79.2,79.25,1500,24.529941,82750,3398.55,3400.0
2022-03-14 13:22:00,79.25,79.25,79.25,79.25,0,24.529941,82750,3398.55,3400.0
2022-03-14 13:23:00,79.25,79.25,79.25,79.25,0,24.529941,82750,3398.55,3400.0
2022-03-14 13:24:00,79.25,79.25,79.25,79.25,0,24.529941,82750,3398.55,3400.0
2022-03-14 13:25:00,79.25,79.25,79.25,79.25,0,24.529941,82750,3398.55,3400.0
2022-03-14 13:26:00,79.25,79.25,79.25,79.25,0,24.529941,82750,3398.55,3400.0
2022-03-14 13:27:00,79.25,79.25,79.25,79.25,0,24.529941,82750,3393.0,3400.0
2022-03-14 13:28:00,79.25,79.25,79.25,79.25,0,24.529941,82750,3398.55,3400.0
2022-03-14 13:29:00,79.25,79.25,75.75,75.75,1000,24.22836,82750,3393.7,3400.0
2022-03-14 13:30:00,75.75,75.75,75.75,75.75,0,24.22836,82750,3393.7,3400.0
2022-03-14 13:31:00,75.75,75.75,75.75,75.75,0,24.22836,82750,3393.7,3400.0
2022-03-14 13:32:00,75.75,75.75,75.75,75.75,0,24.22836,82750,3393.7,3400.0
2022-03-14 13:33:00,75.75,78.15,75.75,78.15,250,25.334081,81750,3392.15,3400.0
2022-03-14 13:34:00,78.5,78.5,78.5,78.5,750,25.255163,82000,3393.25,3400.0
2022-03-14 13:35:00,78.5,78.5,78.5,78.5,0,25.255163,82000,3393.25,3400.0
2022-03-14 13:36:00,78.5,78.5,78.5,78.5,0,25.255163,82000,3393.25,3400.0
2022-03-14 13:37:00,76.2,76.5,76.2,76.5,500,25.024045,82750,3390.75,3400.0
2022-03-14 13:38:00,76.5,78.05,76.5,78.05,250,24.930531,82750,3394.2,3400.0
2022-03-14 13:39:00,78.05,78.05,78.05,78.05,0,24.930531,82750,3394.2,3400.0
2022-03-14 13:40:00,78.05,78.05,78.05,78.05,0,24.930531,82750,3394.2,3400.0
2022-03-14 13:41:00,78.05,79.9,78.05,79.9,500,25.22738,82500,3396.05,3400.0
2022-03-14 13:42:00,80.95,81.5,80.95,81.5,1000,25.128194,82500,3399.55,3400.0
2022-03-14 13:43:00,81.5,81.5,81.5,81.5,250,25.537383,83750,3397.35,3400.0
2022-03-14 13:44:00,81.5,81.5,81.5,81.5,250,25.602647,83750,3397.0,3400.0
2022-03-14 13:45:00,81.5,81.5,81.5,81.5,0,25.602647,83750,3397.0,3400.0
2022-03-14 13:46:00,81.5,81.5,81.5,81.5,0,25.602647,83750,3397.0,3400.0
2022-03-14 13:47:00,82.5,82.5,82.5,82.5,250,25.390326,84250,3400.0,3400.0
2022-03-14 13:48:00,82.5,83.0,82.5,83.0,250,25.56249,84250,3400.0,3400.0
2022-03-14 13:49:00,83.0,83.55,83.0,83.55,750,25.470659,84250,3401.5,3400.0
2022-03-14 13:50:00,83.55,85.2,83.55,85.2,500,25.384349,84250,3404.95,3400.0
2022-03-14 13:51:00,86.0,86.0,86.0,86.0,250,26.199991,84250,3402.1,3400.0
2022-03-14 13:52:00,86.0,86.0,81.3,81.3,500,25.668155,84750,3396.3,3400.0
2022-03-14 13:53:00,81.3,81.3,81.3,81.3,0,25.668155,84750,3396.3,3400.0
2022-03-14 13:54:00,81.3,81.3,80.8,80.8,250,25.470422,84750,3396.45,3400.0
2022-03-14 13:55:00,80.8,80.8,80.8,80.8,0,25.470422,84750,3396.45,3400.0
2022-03-14 13:56:00,80.8,80.8,80.8,80.8,0,25.470422,84750,3396.45,3400.0
2022-03-14 13:57:00,80.8,80.8,80.0,80.0,750,25.21648,85000,3396.35,3400.0
2022-03-14 13:58:00,80.0,80.0,80.0,80.0,0,25.21648,85000,3396.35,3400.0
2022-03-14 13:59:00,80.0,81.5,80.0,81.5,250,25.970555,85000,3395.05,3400.0
2022-03-14 14:00:00,81.5,81.5,81.5,81.5,0,25.970555,85000,3395.05,3400.0
2022-03-14 14:01:00,81.5,82.95,81.5,82.95,250,25.72147,85750,3399.1,3400.0
2022-03-14 14:02:00,82.95,82.95,82.95,82.95,0,25.72147,85750,3399.1,3400.0
2022-03-14 14:03:00,82.95,82.95,82.95,82.95,0,25.72147,85750,3399.1,3400.0
2022-03-14 14:04:00,82.95,84.05,82.95,84.05,1000,25.998294,86000,3399.65,3400.0
2022-03-14 14:05:00,84.05,84.05,83.5,83.5,250,25.651348,86000,3400.5,3400.0
2022-03-14 14:06:00,83.5,83.5,83.5,83.5,0,25.651348,86000,3400.5,3400.0
2022-03-14 14:07:00,83.5,83.5,83.5,83.5,0,25.651348,86000,3400.5,3400.0
2022-03-14 14:08:00,83.5,83.5,83.5,83.5,0,25.651348,86000,3400.5,3400.0
2022-03-14 14:09:00,83.5,83.5,83.5,83.5,0,25.651348,86000,3400.5,3400.0
2022-03-14 14:10:00,83.5,83.5,83.5,83.5,0,25.651348,86000,3400.5,3400.0
2022-03-14 14:11:00,83.5,86.0,83.5,86.0,1250,25.682303,87250,3404.9,3400.0
2022-03-14 14:12:00,86.0,86.0,86.0,86.0,0,25.682303,87250,3404.9,3400.0
2022-03-14 14:13:00,86.0,86.0,86.0,86.0,0,25.682303,87250,3404.9,3400.0
2022-03-14 14:14:00,86.0,86.0,84.6,84.6,750,25.383855,87500,3403.95,3400.0
2022-03-14 14:15:00,84.6,85.65,84.6,85.65,750,25.478546,87500,3405.35,3400.0
2022-03-14 14:16:00,86.55,86.9,86.55,86.55,750,25.788724,87250,3405.35,3400.0
2022-03-14 14:17:00,86.55,86.55,86.55,86.55,0,25.788724,87250,3405.35,3400.0
2022-03-14 14:18:00,86.55,86.55,86.55,86.55,0,25.788724,87250,3405.35,3400.0
2022-03-14 14:19:00,86.55,86.55,85.2,85.2,500,25.45048,87500,3404.7,3400.0
2022-03-14 14:20:00,85.2,85.2,85.2,85.2,0,25.45048,87500,3404.7,3400.0
2022-03-14 14:21:00,86.55,86.55,85.0,85.0,750,25.876013,87500,3402.1,3400.0
2022-03-14 14:22:00,85.0,86.95,85.0,86.95,1250,25.100145,87500,3409.65,3400.0
2022-03-14 14:23:00,78.0,78.0,78.0,78.0,250,24.138,7500,3417.7,3420.0
2022-03-14 14:24:00,78.0,82.65,78.0,82.65,1000,24.358345,8000,3425.0,3420.0
2022-03-14 14:25:00,82.3,85.35,82.3,85.35,250,24.350021,8000,3429.85,3420.0
2022-03-14 14:26:00,85.35,85.35,85.35,85.35,0,24.350021,8000,3429.85,3420.0
2022-03-14 14:27:00,85.35,85.35,85.35,85.35,0,24.350021,8000,3429.85,3420.0
2022-03-14 14:28:00,85.35,85.35,85.35,85.35,0,24.350021,8000,3429.85,3420.0
2022-03-14 14:29:00,62.45,81.65,62.45,81.65,250,23.327281,9000,3447.8,3440.0
2022-03-14 14:30:00,81.35,81.35,81.35,81.35,250,23.388918,9000,3446.95,3440.0
2022-03-14 14:31:00,81.35,81.35,81.35,81.35,0,23.388918,9000,3446.95,3440.0
2022-03-14 14:32:00,71.05,75.0,71.05,75.0,1750,24.113438,15500,3450.5,3460.0
2022-03-14 14:33:00,74.25,74.25,74.25,74.25,2000,23.057137,15500,3455.0,3460.0
2022-03-14 14:34:00,74.3,74.3,74.25,74.25,750,22.502745,18000,3458.05,3460.0
2022-03-14 14:35:00,74.3,74.3,74.3,74.3,250,22.105244,18000,3460.3,3460.0
2022-03-14 14:36:00,75.0,75.5,75.0,75.5,500,22.250807,18000,3461.7,3460.0
2022-03-14 14:37:00,75.5,75.5,73.25,73.25,500,23.464869,19000,3450.85,3460.0
2022-03-14 14:38:00,78.35,78.35,78.35,78.35,500,23.132603,9750,3442.95,3440.0
2022-03-14 14:39:00,78.35,78.35,78.35,78.35,0,23.132603,9750,3442.95,3440.0
2022-03-14 14:40:00,78.35,78.35,78.35,78.35,0,23.132603,9750,3442.95,3440.0
2022-03-14 14:41:00,78.35,78.35,78.35,78.35,0,23.132603,9750,3442.95,3440.0
2022-03-14 14:42:00,67.0,67.0,67.0,67.0,250,21.335061,19750,3451.0,3460.0
2022-03-14 14:43:00,78.35,78.35,78.35,78.35,250,22.025333,9500,3448.75,3440.0
2022-03-14 14:44:00,78.35,78.35,78.35,78.35,0,22.025333,9500,3448.75,3440.0
2022-03-14 14:45:00,78.35,78.35,78.35,78.35,0,22.025333,9500,3448.75,3440.0
2022-03-14 14:46:00,80.0,80.0,80.0,80.0,250,22.347195,10250,3450.0,3440.0
2022-03-14 14:47:00,80.0,80.0,80.0,80.0,0,22.347195,10250,3450.0,3440.0
2022-03-14 14:48:00,75.1,75.1,75.1,75.1,250,20.671294,10250,3450.0,3440.0
2022-03-14 14:49:00,75.1,75.1,75.1,75.1,0,20.671294,10250,3450.0,3440.0
2022-03-14 14:50:00,69.7,69.7,68.5,68.5,250,21.862776,20000,3450.9,3460.0
2022-03-14 14:51:00,68.5,68.5,67.6,67.6,250,21.48001,20000,3451.35,3460.0
2022-03-14 14:52:00,77.0,77.0,77.0,77.0,250,21.520226,11750,3449.0,3440.0
2022-03-14 14:53:00,77.0,77.0,76.0,76.0,250,20.982348,11750,3450.0,3440.0
2022-03-14 14:54:00,76.0,76.0,73.0,73.0,500,20.348554,12250,3448.0,3440.0
2022-03-14 14:55:00,73.0,73.0,73.0,73.0,0,20.348554,12250,3448.0,3440.0
2022-03-14 14:56:00,73.0,73.0,73.0,73.0,0,20.348554,12250,3448.0,3440.0
2022-03-14 14:57:00,73.0,73.0,73.0,73.0,0,20.348554,12250,3448.0,3440.0
2022-03-14 14:58:00,62.25,62.25,62.25,62.25,250,19.77799,19250,3450.8,3460.0
2022-03-14 14:59:00,62.25,62.25,62.25,62.25,0,19.77799,19250,3450.8,3460.0
2022-03-14 15:00:00,62.25,66.0,62.25,66.0,500,20.488474,19250,3453.9,3460.0
2022-03-14 15:01:00,66.0,66.0,66.0,66.0,0,20.488474,19250,3453.9,3460.0
2022-03-14 15:02:00,66.0,66.0,66.0,66.0,0,20.488474,19250,3453.9,3460.0
2022-03-14 15:03:00,66.0,66.0,64.0,64.0,750,20.335073,19000,3451.0,3460.0
2022-03-14 15:04:00,75.0,75.35,74.0,75.35,1500,20.765713,13000,3450.0,3440.0
2022-03-14 15:05:00,75.35,75.35,75.35,75.35,0,20.765713,13000,3450.0,3440.0
2022-03-14 15:06:00,75.35,75.35,75.35,75.35,0,20.765713,13000,3450.0,3440.0
2022-03-14 15:07:00,75.35,75.35,75.35,75.35,0,20.765713,13000,3450.0,3440.0
2022-03-14 15:08:00,75.35,75.35,75.35,75.35,0,20.765713,13000,3450.0,3440.0
2022-03-14 15:09:00,63.7,65.4,63.7,65.4,500,20.828106,19000,3450.9,3460.0
2022-03-14 15:10:00,65.4,65.45,65.4,65.45,250,20.863267,19000,3450.8,3460.0
2022-03-14 15:11:00,65.45,65.45,65.45,65.45,0,20.863267,19000,3450.8,3460.0
2022-03-14 15:12:00,65.45,65.45,65.45,65.45,0,20.863267,19000,3450.8,3460.0
2022-03-14 15:13:00,65.45,65.45,65.45,65.45,0,20.863267,19000,3450.8,3460.0
2022-03-14 15:14:00,65.45,65.45,65.45,65.45,0,20.863267,19000,3450.8,3460.0
2022-03-14 15:15:00,68.0,68.0,68.0,68.0,1750,21.734752,19250,3450.75,3460.0
2022-03-14 15:16:00,65.45,65.45,65.45,65.45,250,19.948204,20500,3455.9,3460.0
2022-03-14 15:17:00,65.65,65.65,65.65,65.65,500,20.289007,20500,3454.4,3460.0
2022-03-14 15:18:00,65.65,65.65,65.65,65.65,0,20.289007,20500,3454.4,3460.0
2022-03-14 15:19:00,65.65,65.65,65.65,65.65,0,20.289007,20500,3454.4,3460.0
2022-03-14 15:20:00,68.0,68.0,68.0,68.0,250,20.185831,20000,3459.3,3460.0
2022-03-14 15:21:00,68.0,68.0,68.0,68.0,0,20.185831,20000,3460.0,3460.0
2022-03-14 15:22:00,68.0,70.0,68.0,70.0,250,20.169728,20250,3463.0,3460.0
2022-03-14 15:23:00,70.0,70.0,70.0,70.0,0,20.169728,20250,3463.0,3460.0
2022-03-14 15:24:00,70.0,70.0,68.85,68.85,250,20.494055,20250,3459.2,3460.0
2022-03-14 15:25:00,68.85,68.85,68.85,68.85,0,20.494055,20250,3459.2,3460.0
2022-03-14 15:26:00,68.85,68.85,68.85,68.85,0,20.494055,20250,3459.2,3460.0
2022-03-14 15:27:00,68.85,68.85,68.85,68.85,0,20.494055,20250,3459.2,3460.0
2022-03-14 15:28:00,68.85,68.85,65.75,65.9,750,20.370178,20250,3454.45,3460.0
2022-03-14 15:29:00,65.9,68.0,65.9,68.0,500,21.421628,20250,3452.55,3460.0
2022-03-15 09:17:00,76.0,76.0,76.0,76.0,250,22.207846,13250,3447.0,3440.0
2022-03-15 09:18:00,76.0,76.0,76.0,76.0,0,22.207846,13250,3449.0,3440.0
2022-03-15 09:19:00,76.0,76.0,76.0,76.0,0,22.207846,13250,3457.7,3460.0
2022-03-15 09:20:00,76.0,76.0,76.0,76.0,0,22.207846,13250,3463.85,3460.0
2022-03-15 09:21:00,76.0,76.0,76.0,76.0,0,22.207846,13250,3469.9,3460.0
2022-03-15 09:22:00,76.0,76.0,76.0,76.0,0,22.207846,13250,3466.45,3460.0
2022-03-15 09:23:00,76.0,76.0,76.0,76.0,0,22.207846,13250,3458.25,3460.0
2022-03-15 09:24:00,79.95,79.95,79.95,79.95,250,24.851574,19000,3459.6,3460.0
2022-03-15 09:25:00,79.95,79.95,79.95,79.95,0,24.851574,19000,3461.9,3460.0
2022-03-15 09:26:00,79.95,79.95,79.95,79.95,0,24.851574,19000,3455.2,3460.0
2022-03-15 09:27:00,79.95,79.95,79.95,79.95,0,24.851574,19000,3460.9,3460.0
2022-03-15 09:28:00,68.05,68.05,68.05,68.05,250,19.827373,19250,3464.35,3460.0
2022-03-15 09:29:00,68.05,68.05,68.05,68.05,0,19.827373,19250,3469.95,3460.0
2022-03-15 09:30:00,68.05,68.05,68.05,68.05,0,19.827373,19250,3473.0,3480.0
2022-03-15 09:31:00,75.0,78.0,75.0,78.0,1250,22.243213,19000,3469.65,3460.0
2022-03-15 09:32:00,78.0,78.0,78.0,78.0,0,22.243213,19000,3473.9,3480.0
2022-03-15 09:33:00,78.0,78.0,78.0,78.0,0,22.243213,19000,3466.15,3460.0
2022-03-15 09:34:00,78.0,78.0,74.0,74.0,250,22.164702,18750,3462.95,3460.0
2022-03-15 09:35:00,74.0,74.0,70.0,70.0,500,20.517825,18750,3464.3,3460.0
2022-03-15 09:36:00,70.0,70.0,70.0,70.0,0,20.517825,18750,3465.05,3460.0
2022-03-15 09:37:00,70.0,70.0,70.0,70.0,0,20.517825,18750,3463.65,3460.0
2022-03-15 09:38:00,63.45,69.0,63.45,69.0,250,21.284605,18000,3477.75,3480.0
2022-03-15 09:39:00,69.0,69.0,69.0,69.0,0,21.284605,18000,3466.0,3460.0
2022-03-15 09:40:00,69.0,69.0,69.0,69.0,0,21.284605,18000,3463.8,3460.0
2022-03-15 09:41:00,69.0,69.0,69.0,69.0,0,21.284605,18000,3460.05,3460.0
2022-03-15 09:42:00,69.0,69.0,69.0,69.0,0,21.284605,18000,3455.9,3460.0
2022-03-15 09:43:00,78.0,78.0,74.95,74.95,250,22.277797,17750,3464.1,3460.0
2022-03-15 09:44:00,74.95,74.95,74.95,74.95,0,22.277797,17750,3466.05,3460.0
2022-03-15 09:45:00,74.95,74.95,74.95,74.95,0,22.277797,17750,3476.3,3480.0
2022-03-15 09:46:00,74.95,74.95,74.95,74.95,0,22.277797,17750,3472.6,3480.0
2022-03-15 09:47:00,74.95,74.95,74.95,74.95,0,22.277797,17750,3474.95,3480.0
2022-03-15 09:48:00,74.95,74.95,74.95,74.95,0,22.277797,17750,3470.0,3480.0
2022-03-15 09:49:00,74.95,74.95,74.95,74.95,0,22.277797,17750,3467.95,3460.0
2022-03-15 09:50:00,74.95,74.95,74.95,74.95,0,22.277797,17750,3463.55,3460.0
2022-03-15 09:51:00,74.95,74.95,74.95,74.95,0,22.277797,17750,3464.6,3460.0
2022-03-15 09:52:00,74.95,74.95,74.95,74.95,0,22.277797,17750,3466.75,3460.0
2022-03-15 09:53:00,74.95,74.95,74.95,74.95,0,22.277797,17750,3468.2,3460.0
2022-03-15 09:54:00,74.95,74.95,74.95,74.95,0,22.277797,17750,3466.3,3460.0
2022-03-15 09:55:00,78.0,78.0,75.0,75.0,500,21.471473,17250,3468.35,3460.0
2022-03-15 09:56:00,65.0,68.0,65.0,68.0,250,21.644107,17250,3474.0,3480.0
2022-03-15 09:57:00,68.0,68.0,68.0,68.0,0,21.644107,17250,3474.2,3480.0
2022-03-15 09:58:00,68.0,74.9,68.0,74.9,1250,23.184162,17000,3478.5,3480.0
2022-03-15 09:59:00,74.9,74.9,74.9,74.9,0,23.184162,17000,3476.0,3480.0
2022-03-15 10:00:00,74.9,74.9,74.9,74.9,0,23.184162,17000,3481.0,3480.0
2022-03-15 10:01:00,74.9,74.9,74.9,74.9,0,23.184162,17000,3485.45,3480.0
2022-03-15 10:02:00,74.9,76.6,74.9,76.25,1000,22.602075,17750,3484.05,3480.0
2022-03-15 10:03:00,76.25,76.25,76.25,76.25,0,22.602075,17750,3487.0,3480.0
2022-03-15 10:04:00,76.25,76.25,76.25,76.25,0,22.602075,17750,3484.55,3480.0
2022-03-15 10:05:00,76.25,76.45,76.25,76.45,250,21.907156,17750,3488.0,3480.0
2022-03-15 10:06:00,76.45,76.5,76.0,76.5,500,22.110778,18250,3487.05,3480.0
2022-03-15 10:07:00,76.5,76.5,76.5,76.5,0,22.110778,18250,3487.05,3480.0
2022-03-15 10:08:00,76.15,77.0,76.15,77.0,750,23.254764,18250,3482.0,3480.0
2022-03-15 10:09:00,77.0,77.0,77.0,77.0,0,23.254764,18250,3481.0,3480.0
2022-03-15 10:10:00,77.0,77.0,77.0,77.0,0,23.254764,18250,3485.0,3480.0
2022-03-15 10:11:00,77.0,77.0,77.0,77.0,0,23.254764,18250,3484.6,3480.0
2022-03-15 10:12:00,74.35,74.35,74.35,74.35,250,21.17503,17000,3488.05,3480.0
2022-03-15 10:13:00,74.35,74.35,74.35,74.35,500,21.576682,17000,3486.0,3480.0
2022-03-15 10:14:00,74.35,76.3,74.35,76.3,500,22.626583,17000,3484.05,3480.0
2022-03-15 10:15:00,76.3,76.3,76.3,76.3,0,22.626583,17000,3488.8,3480.0
2022-03-15 10:16:00,76.0,76.0,76.0,76.0,1000,21.758056,17000,3488.0,3480.0
2022-03-15 10:17:00,76.0,76.0,76.0,76.0,250,21.758647,17000,3488.0,3480.0
2022-03-15 10:18:00,76.0,76.0,76.0,76.0,0,21.758647,17000,3487.35,3480.0
2022-03-15 10:19:00,76.0,76.0,76.0,76.0,0,21.758647,17000,3485.0,3480.0
2022-03-15 10:20:00,76.0,76.3,76.0,76.3,250,21.952352,16750,3487.55,3480.0
2022-03-15 10:21:00,67.0,67.75,67.0,67.7,500,21.922534,107250,3491.2,3500.0
2022-03-15 10:22:00,67.9,68.45,67.5,68.0,4000,21.682889,107250,3493.1,3500.0
2022-03-15 10:23:00,68.0,69.5,68.0,69.5,1750,22.032329,107250,3494.0,3500.0
2022-03-15 10:24:00,69.0,69.0,69.0,69.0,1250,22.475602,107250,3490.6,3500.0
2022-03-15 10:25:00,68.95,68.95,68.95,68.95,1500,21.84565,107250,3494.0,3500.0
2022-03-15 10:26:00,68.95,68.95,67.55,67.55,1250,21.748363,108750,3491.9,3500.0
2022-03-15 10:27:00,67.55,68.95,67.5,67.5,500,22.054702,108750,3490.1,3500.0
2022-03-15 10:28:00,68.0,69.0,68.0,68.0,6000,22.136595,108750,3490.6,3500.0
2022-03-15 10:29:00,77.85,77.85,77.5,77.5,750,22.25519,16750,3488.15,3480.0
2022-03-15 10:30:00,76.35,76.35,76.0,76.0,750,22.733717,16750,3483.0,3480.0
2022-03-15 10:31:00,76.0,76.0,75.05,75.05,250,22.196175,16750,3484.1,3480.0
2022-03-15 10:32:00,75.0,75.0,75.0,75.0,250,22.561731,16750,3482.1,3480.0
2022-03-15 10:33:00,75.0,75.0,75.0,75.0,0,22.561731,16750,3482.1,3480.0
2022-03-15 10:34:00,75.0,75.0,75.0,75.0,0,22.561731,16750,3483.25,3480.0
2022-03-15 10:35:00,75.0,75.0,75.0,75.0,250,21.843307,16750,3485.85,3480.0
2022-03-15 10:36:00,75.0,75.0,75.0,75.0,0,21.843307,16750,3483.0,3480.0
2022-03-15 10:37:00,75.0,75.0,75.0,75.0,250,22.961675,16750,3480.0,3480.0
2022-03-15 10:38:00,75.0,75.0,74.0,74.0,250,21.664416,16750,3485.0,3480.0
2022-03-15 10:39:00,74.0,74.0,74.0,74.0,0,21.664416,16750,3487.0,3480.0
2022-03-15 10:40:00,74.0,74.0,74.0,74.0,0,21.664416,16750,3486.05,3480.0
2022-03-15 10:41:00,74.0,74.15,74.0,74.15,250,21.968483,16750,3483.7,3480.0
2022-03-15 10:42:00,74.15,74.15,74.15,74.15,0,21.968483,16750,3481.1,3480.0
2022-03-15 10:43:00,72.5,72.5,72.5,72.5,250,21.944159,16500,3480.85,3480.0
2022-03-15 10:44:00,72.5,72.5,72.5,72.5,0,21.944159,16500,3484.0,3480.0
2022-03-15 10:45:00,72.5,72.5,72.5,72.5,0,21.944159,16500,3480.6,3480.0
2022-03-15 10:46:00,72.5,72.5,72.5,72.5,0,21.944159,16500,3480.1,3480.0
2022-03-15 10:47:00,72.5,72.5,72.5,72.5,0,21.944159,16500,3480.9,3480.0
2022-03-15 10:48:00,72.5,72.5,72.5,72.5,250,22.032198,16500,3480.4,3480.0
2022-03-15 10:49:00,72.5,72.5,72.5,72.5,0,22.032198,16500,3479.0,3480.0
2022-03-15 10:50:00,72.5,72.5,69.35,69.35,500,21.212326,16500,3479.0,3480.0
2022-03-15 10:51:00,69.35,69.35,69.35,69.35,0,21.212326,16500,3478.8,3480.0
2022-03-15 10:52:00,69.35,69.35,69.35,69.35,0,21.212326,16500,3476.2,3480.0
2022-03-15 10:53:00,69.35,69.35,69.35,69.35,0,21.212326,16500,3471.25,3480.0
2022-03-15 10:54:00,69.35,69.35,69.35,69.35,0,21.212326,16500,3474.05,3480.0
2022-03-15 10:55:00,69.35,69.35,69.35,69.35,0,21.212326,16500,3475.85,3480.0
2022-03-15 10:56:00,69.35,69.35,69.35,69.35,0,21.212326,16500,3478.85,3480.0
2022-03-15 10:57:00,69.35,72.75,69.35,72.75,250,22.199102,15750,3480.0,3480.0
2022-03-15 10:58:00,71.25,71.25,71.25,71.25,250,21.983601,15750,3478.4,3480.0
2022-03-15 10:59:00,71.25,71.25,71.25,71.25,0,21.983601,15750,3479.0,3480.0
2022-03-15 11:00:00,71.25,71.25,71.25,71.25,0,21.983601,15750,3482.4,3480.0
2022-03-15 11:01:00,71.25,71.25,71.25,71.25,0,21.983601,15750,3481.1,3480.0
2022-03-15 11:02:00,71.25,73.0,71.25,73.0,250,21.332991,15750,3485.0,3480.0
2022-03-15 11:03:00,73.0,73.0,73.0,73.0,0,21.332991,15750,3485.45,3480.0
2022-03-15 11:04:00,64.9,64.9,64.9,64.9,500,21.16133,105250,3490.25,3500.0
2022-03-15 11:05:00,64.9,64.9,64.9,64.9,0,21.16133,105250,3490.0,3500.0
2022-03-15 11:06:00,64.9,64.9,64.9,64.9,0,21.16133,105250,3489.35,3480.0
2022-03-15 11:07:00,64.9,64.9,64.9,64.9,0,21.16133,105250,3485.95,3480.0
2022-03-15 11:08:00,74.55,75.0,74.55,75.0,250,22.30666,16000,3483.55,3480.0
2022-03-15 11:09:00,75.0,75.0,75.0,75.0,0,22.30666,16000,3482.35,3480.0
2022-03-15 11:10:00,75.0,75.0,75.0,75.0,0,22.30666,16000,3478.3,3480.0
2022-03-15 11:11:00,75.0,75.0,75.0,75.0,0,22.30666,16000,3484.8,3480.0
2022-03-15 11:12:00,75.0,77.15,75.0,77.15,250,22.287257,16000,3487.5,3480.0
2022-03-15 11:13:00,77.15,77.15,77.15,77.15,0,22.287257,16000,3486.95,3480.0
2022-03-15 11:14:00,77.15,77.15,77.15,77.15,0,22.287257,16000,3484.5,3480.0
2022-03-15 11:15:00,77.15,77.15,77.15,77.15,0,22.287257,16000,3481.3,3480.0
2022-03-15 11:16:00,77.15,77.15,77.15,77.15,0,22.287257,16000,3481.85,3480.0
2022-03-15 11:17:00,77.15,77.15,75.75,75.75,250,22.819056,16250,3482.25,3480.0
2022-03-15 11:18:00,75.75,75.75,75.75,75.75,0,22.819056,16250,3484.6,3480.0
2022-03-15 11:19:00,75.75,75.75,75.75,75.75,0,22.819056,16250,3479.5,3480.0
2022-03-15 11:20:00,75.75,75.75,75.75,75.75,0,22.819056,16250,3478.85,3480.0
2022-03-15 11:21:00,75.75,75.75,73.0,73.0,250,21.949166,16000,3481.85,3480.0
2022-03-15 11:22:00,73.0,73.0,73.0,73.0,0,21.949166,16000,3484.3,3480.0
2022-03-15 11:23:00,73.0,73.0,73.0,73.0,0,21.949166,16000,3481.95,3480.0
2022-03-15 11:24:00,73.0,73.0,73.0,73.0,0,21.949166,16000,3480.65,3480.0
2022-03-15 11:25:00,73.0,73.0,73.0,73.0,0,21.949166,16000,3482.15,3480.0
2022-03-15 11:26:00,73.0,73.0,73.0,73.0,0,21.949166,16000,3481.05,3480.0
2022-03-15 11:27:00,73.0,73.0,73.0,73.0,0,21.949166,16000,3480.1,3480.0
2022-03-15 11:28:00,73.0,73.0,73.0,73.0,0,21.949166,16000,3483.45,3480.0
2022-03-15 11:29:00,73.0,73.0,73.0,73.0,0,21.949166,16000,3481.4,3480.0
2022-03-15 11:30:00,73.0,73.0,73.0,73.0,0,21.949166,16000,3480.8,3480.0
2022-03-15 11:31:00,74.65,74.65,74.65,74.65,250,22.874156,15750,3480.0,3480.0
2022-03-15 11:32:00,74.65,74.65,74.65,74.65,0,22.874156,15750,3481.1,3480.0
2022-03-15 11:33:00,74.65,74.65,74.65,74.65,0,22.874156,15750,3482.05,3480.0
2022-03-15 11:34:00,74.65,74.65,73.75,73.75,500,22.791165,15500,3478.8,3480.0
2022-03-15 11:35:00,73.75,73.75,73.75,73.75,0,22.791165,15500,3476.0,3480.0
2022-03-15 11:36:00,73.75,73.75,73.75,73.75,0,22.791165,15500,3473.0,3480.0
2022-03-15 11:37:00,73.75,73.75,70.0,70.5,1250,22.818296,15750,3472.6,3480.0
2022-03-15 11:38:00,70.5,70.5,70.5,70.5,0,22.818296,15750,3473.0,3480.0
2022-03-15 11:39:00,70.5,70.5,70.5,70.5,0,22.818296,15750,3472.0,3480.0
2022-03-15 11:40:00,70.5,70.5,70.5,70.5,0,22.818296,15750,3474.8,3480.0
2022-03-15 11:41:00,70.5,70.5,70.5,70.5,0,22.818296,15750,3474.95,3480.0
2022-03-15 11:42:00,70.5,70.5,70.5,70.5,0,22.818296,15750,3473.6,3480.0
2022-03-15 11:43:00,70.5,70.85,70.5,70.85,250,23.394198,16500,3470.1,3480.0
2022-03-15 11:44:00,70.85,70.85,70.85,70.85,0,23.394198,16500,3467.8,3460.0
2022-03-15 11:45:00,70.85,70.85,70.85,70.85,0,23.394198,16500,3469.65,3460.0
2022-03-15 11:46:00,70.85,70.85,70.85,70.85,0,23.394198,16500,3473.0,3480.0
2022-03-15 11:47:00,70.85,70.85,70.85,70.85,0,23.394198,16500,3469.85,3460.0
2022-03-15 11:48:00,70.85,70.85,70.85,70.85,0,23.394198,16500,3469.8,3460.0
2022-03-15 11:49:00,70.85,70.85,70.85,70.85,0,23.394198,16500,3469.05,3460.0
2022-03-15 11:50:00,70.85,70.85,70.85,70.85,0,23.394198,16500,3475.0,3480.0
2022-03-15 11:51:00,71.2,72.0,71.2,72.0,250,23.542258,16500,3471.5,3480.0
2022-03-15 11:52:00,72.0,72.0,72.0,72.0,0,23.542258,16500,3474.95,3480.0
2022-03-15 11:53:00,72.0,72.15,72.0,72.15,750,22.864807,16500,3475.5,3480.0
2022-03-15 11:54:00,72.15,72.95,72.15,72.95,250,23.16843,16500,3475.35,3480.0
2022-03-15 11:55:00,72.95,72.95,72.95,72.95,0,23.16843,16500,3476.55,3480.0
2022-03-15 11:56:00,72.95,72.95,72.95,72.95,500,23.123597,16500,3475.6,3480.0
2022-03-15 11:57:00,72.95,72.95,72.95,72.95,250,22.818753,16000,3477.25,3480.0
2022-03-15 11:58:00,72.95,72.95,72.95,72.95,0,22.818753,16000,3482.35,3480.0
2022-03-15 11:59:00,75.2,75.2,75.2,75.2,500,22.320006,16000,3484.0,3480.0
2022-03-15 12:00:00,75.2,75.5,75.2,75.5,500,22.625536,16250,3482.95,3480.0
2022-03-15 12:01:00,75.5,75.5,75.5,75.5,0,22.625536,16250,3483.1,3480.0
2022-03-15 12:02:00,75.5,75.5,75.45,75.45,500,22.914002,16250,3481.35,3480.0
2022-03-15 12:03:00,75.45,75.45,75.45,75.45,0,22.914002,16250,3480.55,3480.0
2022-03-15 12:04:00,75.45,75.45,75.45,75.45,0,22.914002,16250,3480.75,3480.0
2022-03-15 12:05:00,75.45,75.45,75.45,75.45,0,22.914002,16250,3477.25,3480.0
2022-03-15 12:06:00,75.45,75.45,75.45,75.45,0,22.914002,16250,3478.0,3480.0
2022-03-15 12:07:00,75.45,75.45,75.45,75.45,0,22.914002,16250,3477.95,3480.0
2022-03-15 12:08:00,75.45,75.45,75.45,75.45,0,22.914002,16250,3478.0,3480.0
2022-03-15 12:09:00,75.45,75.45,75.45,75.45,0,22.914002,16250,3475.0,3480.0
2022-03-15 12:10:00,75.45,75.45,75.45,75.45,0,22.914002,16250,3475.1,3480.0
2022-03-15 12:11:00,75.45,75.45,75.45,75.45,0,22.914002,16250,3471.45,3480.0
2022-03-15 12:12:00,75.45,75.45,75.45,75.45,0,22.914002,16250,3473.3,3480.0
2022-03-15 12:13:00,75.45,75.45,72.6,72.65,500,22.95688,16000,3476.0,3480.0
2022-03-15 12:14:00,72.65,72.65,72.65,72.65,0,22.95688,16000,3475.9,3480.0
2022-03-15 12:15:00,72.65,72.65,72.65,72.65,0,22.95688,16000,3473.8,3480.0
2022-03-15 12:16:00,72.65,72.65,72.65,72.65,0,22.95688,16000,3472.25,3480.0
2022-03-15 12:17:00,72.65,72.65,69.35,69.35,250,22.582963,16000,3471.85,3480.0
2022-03-15 12:18:00,69.35,69.35,69.35,69.35,0,22.582963,16000,3468.75,3460.0
2022-03-15 12:19:00,69.35,69.35,69.35,69.35,0,22.582963,16000,3469.6,3460.0
2022-03-15 12:20:00,69.35,69.35,69.35,69.35,0,22.582963,16000,3469.25,3460.0
2022-03-15 12:21:00,69.35,69.35,69.35,69.35,0,22.582963,16000,3466.0,3460.0
2022-03-15 12:22:00,69.35,69.35,69.35,69.35,0,22.582963,16000,3471.05,3480.0
2022-03-15 12:23:00,69.35,69.35,69.35,69.35,0,22.582963,16000,3471.45,3480.0
2022-03-15 12:24:00,69.35,69.35,69.35,69.35,0,22.582963,16000,3471.0,3480.0
2022-03-15 12:25:00,69.35,69.35,69.35,69.35,0,22.582963,16000,3471.45,3480.0
2022-03-15 12:26:00,69.35,69.35,69.35,69.35,0,22.582963,16000,3470.8,3480.0
2022-03-15 12:27:00,69.35,69.35,69.35,69.35,0,22.582963,16000,3470.5,3480.0
2022-03-15 12:28:00,69.35,69.35,69.35,69.35,0,22.582963,16000,3470.9,3480.0
2022-03-15 12:29:00,69.35,69.35,69.35,69.35,0,22.582963,16000,3470.15,3480.0
2022-03-15 12:30:00,69.35,69.35,69.35,69.35,0,22.582963,16000,3467.5,3460.0
2022-03-15 12:31:00,78.85,78.85,77.0,77.0,250,22.888311,12250,3465.15,3460.0
2022-03-15 12:32:00,77.0,77.0,77.0,77.0,0,22.888311,12250,3465.9,3460.0
2022-03-15 12:33:00,77.0,77.0,77.0,77.0,0,22.888311,12250,3468.15,3460.0
2022-03-15 12:34:00,77.0,77.0,77.0,77.0,0,22.888311,12250,3465.4,3460.0
2022-03-15 12:35:00,76.7,76.7,73.65,73.65,500,23.045481,12250,3458.25,3460.0
2022-03-15 12:36:00,73.65,73.65,73.65,73.65,0,23.045481,12250,3458.0,3460.0
2022-03-15 12:37:00,73.65,73.65,73.65,73.65,0,23.045481,12250,3455.85,3460.0
2022-03-15 12:38:00,73.65,73.65,73.65,73.65,0,23.045481,12250,3457.55,3460.0
2022-03-15 12:39:00,73.65,73.65,73.65,73.65,0,23.045481,12250,3455.55,3460.0
2022-03-15 12:40:00,73.65,73.65,73.65,73.65,0,23.045481,12250,3452.15,3460.0
2022-03-15 12:41:00,73.65,73.65,73.65,73.65,0,23.045481,12250,3451.35,3460.0
2022-03-15 12:42:00,73.65,73.65,68.7,68.7,250,22.601477,12500,3451.4,3460.0
2022-03-15 12:43:00,68.7,68.7,68.7,68.7,0,22.601477,12500,3451.85,3460.0
2022-03-15 12:44:00,68.7,68.7,68.7,68.7,0,22.601477,12500,3452.15,3460.0
2022-03-15 12:45:00,68.7,68.7,68.7,68.7,0,22.601477,12500,3447.7,3440.0
2022-03-15 12:46:00,68.7,68.7,68.7,68.7,0,22.601477,12500,3446.3,3440.0
2022-03-15 12:47:00,68.7,68.7,68.7,68.7,0,22.601477,12500,3445.0,3440.0
2022-03-15 12:48:00,68.7,68.7,68.7,68.7,0,22.601477,12500,3452.4,3460.0
2022-03-15 12:49:00,68.7,68.7,68.7,68.7,0,22.601477,12500,3449.15,3440.0
2022-03-15 12:50:00,68.7,68.7,68.7,68.7,0,22.601477,12500,3449.4,3440.0
2022-03-15 12:51:00,66.25,66.25,66.25,66.25,250,21.198124,12750,3454.45,3460.0
2022-03-15 12:52:00,66.25,66.25,66.25,66.25,0,21.198124,12750,3457.1,3460.0
2022-03-15 12:53:00,66.25,66.25,66.25,66.25,0,21.198124,12750,3455.0,3460.0
2022-03-15 12:54:00,66.25,66.25,66.25,66.25,0,21.198124,12750,3454.0,3460.0
2022-03-15 12:55:00,66.25,66.25,66.25,66.25,0,21.198124,12750,3450.0,3460.0
2022-03-15 12:56:00,66.25,66.25,66.25,66.25,0,21.198124,12750,3450.7,3460.0
2022-03-15 12:57:00,66.25,66.25,66.25,66.25,0,21.198124,12750,3454.15,3460.0
2022-03-15 12:58:00,66.25,66.25,66.25,66.25,0,21.198124,12750,3454.35,3460.0
2022-03-15 12:59:00,66.25,69.0,66.25,69.0,250,22.624497,13250,3451.9,3460.0
2022-03-15 13:00:00,69.0,69.0,69.0,69.0,0,22.624497,13250,3446.15,3440.0
2022-03-15 13:01:00,69.0,69.0,69.0,69.0,0,22.624497,13250,3444.95,3440.0
2022-03-15 13:02:00,69.0,69.0,69.0,69.0,0,22.624497,13250,3447.75,3440.0
2022-03-15 13:03:00,69.0,69.0,69.0,69.0,0,22.624497,13250,3447.0,3440.0
2022-03-15 13:04:00,69.0,69.0,69.0,69.0,0,22.624497,13250,3446.85,3440.0
2022-03-15 13:05:00,69.0,69.0,69.0,69.0,0,22.624497,13250,3449.1,3440.0
2022-03-15 13:06:00,69.0,69.0,69.0,69.0,0,22.624497,13250,3448.85,3440.0
2022-03-15 13:07:00,69.0,69.0,69.0,69.0,0,22.624497,13250,3446.7,3440.0
2022-03-15 13:08:00,69.0,69.0,69.0,69.0,0,22.624497,13250,3446.95,3440.0
2022-03-15 13:09:00,69.0,69.0,69.0,69.0,0,22.624497,13250,3448.8,3440.0
2022-03-15 13:10:00,69.0,69.0,69.0,69.0,0,22.624497,13250,3449.0,3440.0
2022-03-15 13:11:00,69.0,69.0,69.0,69.0,0,22.624497,13250,3450.6,3460.0
2022-03-15 13:12:00,69.0,69.0,69.0,69.0,0,22.624497,13250,3452.15,3460.0
2022-03-15 13:13:00,69.55,70.95,69.55,70.95,1250,22.923605,13000,3454.0,3460.0
2022-03-15 13:14:00,70.95,70.95,70.95,70.95,0,22.923605,13000,3448.65,3440.0
2022-03-15 13:15:00,70.95,70.95,70.95,70.95,0,22.923605,13000,3442.4,3440.0
2022-03-15 13:16:00,70.95,70.95,70.95,70.95,0,22.923605,13000,3435.5,3440.0
2022-03-15 13:17:00,72.0,72.0,72.0,72.0,250,23.069256,8750,3436.0,3440.0
2022-03-15 13:18:00,72.0,72.0,72.0,72.0,0,23.069256,8750,3437.3,3440.0
2022-03-15 13:19:00,72.0,72.0,72.0,72.0,0,23.069256,8750,3443.5,3440.0
2022-03-15 13:20:00,72.0,72.0,72.0,72.0,0,23.069256,8750,3441.0,3440.0
2022-03-15 13:21:00,73.9,73.9,73.9,73.9,500,22.537903,8750,3442.3,3440.0
2022-03-15 13:22:00,73.9,73.9,73.9,73.9,0,22.537903,8750,3446.0,3440.0
2022-03-15 13:23:00,73.9,73.9,73.9,73.9,0,22.537903,8750,3448.85,3440.0
2022-03-15 13:24:00,73.9,73.9,73.9,73.9,0,22.537903,8750,3446.0,3440.0
2022-03-15 13:25:00,73.9,73.9,73.9,73.9,0,22.537903,8750,3445.15,3440.0
2022-03-15 13:26:00,73.9,73.9,73.9,73.9,0,22.537903,8750,3445.05,3440.0
2022-03-15 13:27:00,73.9,73.9,73.9,73.9,0,22.537903,8750,3444.25,3440.0
2022-03-15 13:28:00,73.9,73.9,73.9,73.9,0,22.537903,8750,3443.45,3440.0
2022-03-15 13:29:00,73.9,73.9,73.9,73.9,0,22.537903,8750,3451.85,3460.0
2022-03-15 13:30:00,73.9,73.9,73.9,73.9,0,22.537903,8750,3449.0,3440.0
2022-03-15 13:31:00,73.9,80.0,73.9,80.0,250,23.714733,8750,3447.25,3440.0
2022-03-15 13:32:00,80.0,80.0,80.0,80.0,0,23.714733,8750,3444.65,3440.0
2022-03-15 13:33:00,80.0,80.0,80.0,80.0,0,23.714733,8750,3448.25,3440.0
2022-03-15 13:34:00,80.0,80.0,80.0,80.0,0,23.714733,8750,3444.85,3440.0
2022-03-15 13:35:00,80.0,80.0,80.0,80.0,0,23.714733,8750,3445.55,3440.0
2022-03-15 13:36:00,80.0,80.0,80.0,80.0,0,23.714733,8750,3446.45,3440.0
2022-03-15 13:37:00,80.0,80.0,80.0,80.0,0,23.714733,8750,3454.0,3460.0
2022-03-15 13:38:00,70.35,72.75,70.35,72.75,250,24.075954,13750,3451.2,3460.0
2022-03-15 13:39:00,72.75,72.75,72.2,72.2,500,23.657786,14000,3452.45,3460.0
2022-03-15 13:40:00,72.2,72.2,71.0,71.0,500,23.651994,14000,3450.2,3460.0
2022-03-15 13:41:00,71.0,71.0,71.0,71.0,0,23.651994,14000,3449.4,3440.0
2022-03-15 13:42:00,71.0,71.0,71.0,71.0,0,23.651994,14000,3445.85,3440.0
2022-03-15 13:43:00,71.0,71.0,71.0,71.0,0,23.651994,14000,3448.05,3440.0
2022-03-15 13:44:00,71.0,71.0,71.0,71.0,0,23.651994,14000,3447.4,3440.0
2022-03-15 13:45:00,71.0,71.0,71.0,71.0,0,23.651994,14000,3446.8,3440.0
2022-03-15 13:46:00,71.0,71.0,71.0,71.0,0,23.651994,14000,3439.9,3440.0
2022-03-15 13:47:00,71.0,71.0,71.0,71.0,0,23.651994,14000,3443.1,3440.0
2022-03-15 13:48:00,71.0,71.0,71.0,71.0,0,23.651994,14000,3442.0,3440.0
2022-03-15 13:49:00,71.0,71.0,71.0,71.0,0,23.651994,14000,3446.85,3440.0
2022-03-15 13:50:00,71.0,71.0,71.0,71.0,0,23.651994,14000,3446.85,3440.0
2022-03-15 13:51:00,71.0,71.0,71.0,71.0,0,23.651994,14000,3445.1,3440.0
2022-03-15 13:52:00,71.0,71.0,71.0,71.0,0,23.651994,14000,3441.2,3440.0
2022-03-15 13:53:00,71.0,71.0,71.0,71.0,0,23.651994,14000,3441.85,3440.0
2022-03-15 13:54:00,71.0,71.0,71.0,71.0,0,23.651994,14000,3441.0,3440.0
2022-03-15 13:55:00,71.0,71.0,71.0,71.0,0,23.651994,14000,3441.6,3440.0
2022-03-15 13:56:00,71.0,71.0,71.0,71.0,0,23.651994,14000,3441.5,3440.0
2022-03-15 13:57:00,71.0,71.0,71.0,71.0,0,23.651994,14000,3440.55,3440.0
2022-03-15 13:58:00,71.0,71.0,71.0,71.0,0,23.651994,14000,3434.15,3440.0
2022-03-15 13:59:00,81.5,81.5,75.1,75.1,250,24.808284,8750,3432.6,3440.0
2022-03-15 14:00:00,75.1,75.1,75.1,75.1,0,24.808284,8750,3430.0,3440.0
2022-03-15 14:01:00,75.1,75.1,75.1,75.1,0,24.808284,8750,3430.7,3440.0
2022-03-15 14:02:00,75.1,75.1,75.1,75.1,0,24.808284,8750,3434.05,3440.0
2022-03-15 14:03:00,75.1,75.1,75.1,75.1,0,24.808284,8750,3433.4,3440.0
2022-03-15 14:04:00,73.3,75.2,73.3,75.2,250,24.402203,8750,3435.0,3440.0
2022-03-15 14:05:00,75.2,75.2,75.2,75.2,0,24.402203,8750,3432.5,3440.0
2022-03-15 14:06:00,75.2,75.2,75.2,75.2,0,24.402203,8750,3437.5,3440.0
2022-03-15 14:07:00,75.2,75.2,75.2,75.2,0,24.402203,8750,3436.3,3440.0
2022-03-15 14:08:00,75.2,75.2,75.2,75.2,0,24.402203,8750,3440.1,3440.0
2022-03-15 14:09:00,75.2,75.2,75.2,75.2,0,24.402203,8750,3440.85,3440.0
2022-03-15 14:10:00,75.2,75.2,75.2,75.2,0,24.402203,8750,3440.65,3440.0
2022-03-15 14:11:00,75.2,75.2,75.2,75.2,0,24.402203,8750,3438.05,3440.0
2022-03-15 14:12:00,75.2,75.2,75.2,75.2,0,24.402203,8750,3437.0,3440.0
2022-03-15 14:13:00,75.2,75.2,75.2,75.2,0,24.402203,8750,3438.2,3440.0
2022-03-15 14:14:00,75.2,75.2,75.2,75.2,0,24.402203,8750,3436.4,3440.0
2022-03-15 14:15:00,75.2,75.2,75.2,75.2,0,24.402203,8750,3433.0,3440.0
2022-03-15 14:16:00,75.2,75.2,72.0,72.0,250,23.801706,9000,3432.25,3440.0
2022-03-15 14:17:00,72.0,72.0,72.0,72.0,0,23.801706,9000,3431.6,3440.0
2022-03-15 14:18:00,72.0,72.0,72.0,72.0,0,23.801706,9000,3430.0,3440.0
2022-03-15 14:19:00,72.0,72.0,70.65,70.65,500,23.304712,9000,3432.4,3440.0
2022-03-15 14:20:00,70.65,70.65,70.65,70.65,0,23.304712,9000,3431.0,3440.0
2022-03-15 14:21:00,70.65,70.65,70.65,70.65,0,23.304712,9000,3430.0,3440.0
2022-03-15 14:22:00,70.65,70.65,70.65,70.65,0,23.304712,9000,3431.7,3440.0
2022-03-15 14:23:00,70.65,70.65,70.65,70.65,0,23.304712,9000,3430.2,3440.0
2022-03-15 14:24:00,70.65,70.65,68.75,68.75,250,22.468957,8500,3433.35,3440.0
2022-03-15 14:25:00,68.75,70.65,68.75,70.65,250,23.400419,8250,3431.9,3440.0
2022-03-15 14:26:00,70.65,70.65,70.65,70.65,0,23.400419,8250,3430.15,3440.0
2022-03-15 14:27:00,70.65,70.65,70.65,70.65,0,23.400419,8250,3431.6,3440.0
2022-03-15 14:28:00,70.65,70.65,70.65,70.65,0,23.400419,8250,3433.7,3440.0
2022-03-15 14:29:00,70.65,70.65,70.65,70.65,0,23.400419,8250,3431.95,3440.0
2022-03-15 14:30:00,70.65,70.65,70.65,70.65,0,23.400419,8250,3435.8,3440.0
2022-03-15 14:31:00,70.65,72.0,70.65,72.0,250,23.096148,8000,3436.1,3440.0
2022-03-15 14:32:00,72.0,72.0,72.0,72.0,0,23.096148,8000,3435.1,3440.0
2022-03-15 14:33:00,72.0,72.0,72.0,72.0,0,23.096148,8000,3435.6,3440.0
2022-03-15 14:34:00,72.0,72.0,72.0,72.0,0,23.096148,8000,3436.25,3440.0
2022-03-15 14:35:00,72.0,72.0,72.0,72.0,0,23.096148,8000,3434.45,3440.0
2022-03-15 14:36:00,72.0,72.0,72.0,72.0,0,23.096148,8000,3430.5,3440.0
2022-03-15 14:37:00,72.0,72.0,72.0,72.0,0,23.096148,8000,3434.55,3440.0
2022-03-15 14:38:00,72.0,72.0,72.0,72.0,0,23.096148,8000,3435.0,3440.0
2022-03-15 14:39:00,72.0,72.0,72.0,72.0,0,23.096148,8000,3436.35,3440.0
2022-03-15 14:40:00,72.0,72.0,72.0,72.0,0,23.096148,8000,3433.2,3440.0
2022-03-15 14:41:00,72.0,72.0,72.0,72.0,0,23.096148,8000,3433.7,3440.0
2022-03-15 14:42:00,72.0,72.0,72.0,72.0,0,23.096148,8000,3437.6,3440.0
2022-03-15 14:43:00,72.0,72.0,72.0,72.0,0,23.096148,8000,3441.3,3440.0
2022-03-15 14:44:00,72.0,72.0,72.0,72.0,0,23.096148,8000,3437.55,3440.0
2022-03-15 14:45:00,72.0,72.0,72.0,72.0,0,23.096148,8000,3439.1,3440.0
2022-03-15 14:46:00,72.0,72.0,72.0,72.0,0,23.096148,8000,3441.4,3440.0
2022-03-15 14:47:00,72.0,72.0,72.0,72.0,0,23.096148,8000,3443.0,3440.0
2022-03-15 14:48:00,72.0,72.0,72.0,72.0,0,23.096148,8000,3441.0,3440.0
2022-03-15 14:49:00,72.0,72.0,72.0,72.0,0,23.096148,8000,3441.2,3440.0
2022-03-15 14:50:00,72.0,72.0,72.0,72.0,0,23.096148,8000,3441.4,3440.0
2022-03-15 14:51:00,72.0,72.0,72.0,72.0,0,23.096148,8000,3442.0,3440.0
2022-03-15 14:52:00,72.0,72.0,72.0,72.0,0,23.096148,8000,3441.75,3440.0
2022-03-15 14:53:00,72.0,72.0,72.0,72.0,0,23.096148,8000,3445.65,3440.0
2022-03-15 14:54:00,72.0,72.0,72.0,72.0,0,23.096148,8000,3446.0,3440.0
2022-03-15 14:55:00,72.0,75.0,72.0,75.0,250,23.038655,7750,3442.0,3440.0
2022-03-15 14:56:00,75.0,75.0,75.0,75.0,0,23.038655,7750,3445.75,3440.0
2022-03-15 14:57:00,75.0,75.0,75.0,75.0,0,23.038655,7750,3446.05,3440.0
2022-03-15 14:58:00,75.0,75.0,75.0,75.0,0,23.038655,7750,3446.1,3440.0
2022-03-15 14:59:00,75.0,75.0,75.0,75.0,0,23.038655,7750,3448.0,3440.0
2022-03-15 15:00:00,75.0,75.0,75.0,75.0,0,23.038655,7750,3450.6,3460.0
2022-03-15 15:01:00,64.25,68.7,64.25,68.7,250,22.096822,14250,3454.6,3460.0
2022-03-15 15:02:00,68.7,68.7,68.7,68.7,0,22.096822,14250,3449.1,3440.0
2022-03-15 15:03:00,68.7,68.7,68.7,68.7,0,22.096822,14250,3446.55,3440.0
2022-03-15 15:04:00,67.05,67.9,67.05,67.9,250,22.299711,14250,3452.0,3460.0
2022-03-15 15:05:00,67.9,67.9,67.9,67.9,0,22.299711,14250,3451.0,3460.0
2022-03-15 15:06:00,67.9,67.9,67.45,67.45,250,21.618851,14250,3454.85,3460.0
2022-03-15 15:07:00,67.45,68.7,67.45,68.7,500,22.395945,14750,3453.0,3460.0
2022-03-15 15:08:00,68.7,70.0,68.7,69.2,750,22.76294,14750,3451.95,3460.0
2022-03-15 15:09:00,69.2,69.2,69.2,69.2,0,22.76294,14750,3455.9,3460.0
2022-03-15 15:10:00,69.2,69.2,69.2,69.2,0,22.76294,14750,3453.7,3460.0
2022-03-15 15:11:00,69.2,69.2,69.2,69.2,0,22.76294,14750,3456.0,3460.0
2022-03-15 15:12:00,69.2,72.0,69.2,72.0,250,22.255712,15250,3459.9,3460.0
2022-03-15 15:13:00,72.0,72.0,72.0,72.0,0,22.255712,15250,3458.0,3460.0
2022-03-15 15:14:00,72.0,72.0,72.0,72.0,0,22.255712,15250,3452.15,3460.0
2022-03-15 15:15:00,72.0,72.0,72.0,72.0,0,22.255712,15250,3452.5,3460.0
2022-03-15 15:16:00,72.0,72.0,72.0,72.0,0,22.255712,15250,3458.95,3460.0
2022-03-15 15:17:00,72.0,72.0,72.0,72.0,0,22.255712,15250,3457.2,3460.0
2022-03-15 15:18:00,72.0,72.0,72.0,72.0,0,22.255712,15250,3458.0,3460.0
2022-03-15 15:19:00,72.0,72.0,72.0,72.0,0,22.255712,15250,3458.0,3460.0
2022-03-15 15:20:00,72.0,72.35,71.7,71.7,500,22.844297,15250,3456.25,3460.0
2022-03-15 15:21:00,71.7,71.7,71.7,71.7,0,22.844297,15250,3455.75,3460.0
2022-03-15 15:22:00,71.7,71.7,71.7,71.7,0,22.844297,15250,3454.0,3460.0
2022-03-15 15:23:00,71.7,71.7,71.7,71.7,0,22.844297,15250,3452.65,3460.0
2022-03-15 15:24:00,71.7,71.7,71.7,71.7,0,22.844297,15250,3453.95,3460.0
2022-03-15 15:25:00,71.7,71.7,71.7,71.7,0,22.844297,15250,3450.0,3460.0
2022-03-15 15:26:00,69.0,69.0,69.0,69.0,250,22.3272,14750,3454.0,3460.0
2022-03-15 15:27:00,69.0,69.0,69.0,69.0,0,22.3272,14750,3453.6,3460.0
2022-03-15 15:28:00,69.0,69.0,69.0,69.0,0,22.3272,14750,3450.3,3460.0
2022-03-15 15:29:00,69.0,69.0,69.0,69.0,0,22.3272,14750,3454.05,3460.0
2022-03-16 09:15:00,63.05,69.0,63.0,69.0,5000,22.847008,97000,3493.2,3500.0
2022-03-16 09:16:00,68.9,71.0,68.85,71.0,4500,22.189169,97000,3500.4,3500.0
2022-03-16 09:17:00,69.05,69.05,68.95,68.95,2750,21.697799,97000,3499.2,3500.0
2022-03-16 09:18:00,68.0,69.5,68.0,69.5,1750,20.958859,97000,3504.0,3500.0
2022-03-16 09:19:00,68.1,68.1,67.85,68.0,3250,19.960659,97000,3506.35,3500.0
2022-03-16 09:20:00,70.0,70.0,65.25,65.25,6500,20.462238,95250,3498.85,3500.0
2022-03-16 09:21:00,65.25,67.5,62.75,65.35,6250,20.498093,95250,3498.85,3500.0
2022-03-16 09:22:00,63.25,67.6,63.25,67.6,1250,20.447078,95250,3503.2,3500.0
2022-03-16 09:23:00,66.5,67.75,66.0,66.0,3250,19.524451,92250,3505.0,3500.0
2022-03-16 09:24:00,68.8,70.35,68.8,70.0,3000,20.340561,92250,3508.0,3500.0
2022-03-16 09:25:00,61.25,61.25,61.25,61.25,250,20.217932,9750,3512.0,3520.0
2022-03-16 09:26:00,73.55,73.55,73.2,73.2,10750,21.956144,95500,3505.6,3500.0
2022-03-16 09:27:00,72.5,73.2,72.0,72.0,9250,23.150596,95500,3497.25,3500.0
2022-03-16 09:28:00,70.85,70.85,70.25,70.25,3750,22.038122,95500,3499.85,3500.0
2022-03-16 09:29:00,70.1,71.3,70.1,71.3,4250,22.914796,100000,3497.2,3500.0
2022-03-16 09:30:00,71.15,73.4,71.15,72.95,3000,22.779724,100000,3500.95,3500.0
2022-03-16 09:31:00,71.85,71.85,71.0,71.05,1750,22.676045,100000,3498.0,3500.0
2022-03-16 09:32:00,71.05,71.5,71.05,71.5,750,22.519884,100000,3499.65,3500.0
2022-03-16 09:33:00,71.8,71.8,71.4,71.4,3000,22.417995,102250,3500.0,3500.0
2022-03-16 09:34:00,72.0,72.95,72.0,72.15,1500,22.296563,102250,3502.0,3500.0
2022-03-16 09:35:00,72.5,72.5,71.4,71.4,1500,22.611111,102250,3499.0,3500.0
2022-03-16 09:36:00,70.05,70.05,70.0,70.0,1250,22.413818,100500,3497.45,3500.0
2022-03-16 09:37:00,69.95,69.95,67.3,67.3,2000,22.029298,100500,3494.45,3500.0
2022-03-16 09:38:00,67.2,69.0,67.2,69.0,3250,22.327835,98750,3496.05,3500.0
2022-03-16 09:39:00,68.65,70.0,68.65,70.0,1500,22.139177,98750,3498.9,3500.0
2022-03-16 09:40:00,70.0,70.0,67.5,68.2,1750,22.075585,98750,3495.9,3500.0
2022-03-16 09:41:00,68.5,68.5,68.5,68.5,250,22.021206,98750,3496.75,3500.0
2022-03-16 09:42:00,69.0,69.0,68.5,68.5,750,22.3894,98250,3494.8,3500.0
2022-03-16 09:43:00,68.6,68.6,68.0,68.0,1000,22.213941,98250,3494.8,3500.0
2022-03-16 09:44:00,68.15,69.35,68.15,69.35,500,22.858353,97750,3493.9,3500.0
2022-03-16 09:45:00,70.0,70.75,70.0,70.75,1000,22.929878,97750,3496.15,3500.0
2022-03-16 09:46:00,70.75,70.75,69.75,69.75,250,23.093669,97750,3493.4,3500.0
2022-03-16 09:47:00,69.75,69.75,69.75,69.75,0,23.093669,97750,3487.35,3480.0
2022-03-16 09:48:00,80.45,80.45,77.85,77.85,250,23.885522,15250,3485.0,3480.0
2022-03-16 09:49:00,77.85,77.85,74.35,74.35,250,22.43278,15250,3486.05,3480.0
2022-03-16 09:50:00,66.5,66.65,65.75,66.65,1000,22.393945,99250,3491.3,3500.0
2022-03-16 09:51:00,77.35,77.35,77.35,77.35,250,23.709781,15250,3485.0,3480.0
2022-03-16 09:52:00,77.35,77.35,77.35,77.35,0,23.709781,15250,3488.45,3480.0
2022-03-16 09:53:00,67.3,69.2,67.3,69.2,2500,22.839282,100250,3493.75,3500.0
2022-03-16 09:54:00,70.45,70.45,70.05,70.2,1250,23.173433,100250,3493.85,3500.0
2022-03-16 09:55:00,70.5,72.9,70.5,72.9,5250,22.603871,100250,3501.85,3500.0
2022-03-16 09:56:00,72.5,73.0,72.5,73.0,1750,21.824738,99250,3506.0,3500.0
2022-03-16 09:57:00,74.0,74.95,73.9,73.9,4500,22.919467,99250,3502.05,3500.0
2022-03-16 09:58:00,73.9,74.0,73.3,74.0,1750,22.180131,99250,3506.0,3500.0
2022-03-16 09:59:00,74.0,74.0,72.9,72.9,1000,22.60643,98250,3501.85,3500.0
2022-03-16 10:00:00,72.9,72.9,71.5,71.95,2500,23.239618,98250,3496.8,3500.0
2022-03-16 10:01:00,71.95,73.0,71.95,73.0,3000,22.272237,98250,3503.75,3500.0
2022-03-16 10:02:00,73.0,75.45,73.0,75.45,5000,22.437521,98750,3507.3,3500.0
2022-03-16 10:03:00,75.05,75.05,74.0,74.0,5500,22.783511,98750,3502.95,3500.0
2022-03-16 10:04:00,74.0,74.0,71.9,71.9,4250,22.246679,98750,3501.9,3500.0
2022-03-16 10:05:00,72.05,74.5,72.05,74.5,1500,22.519975,100750,3505.2,3500.0
2022-03-16 10:06:00,74.5,74.5,73.4,73.4,1250,22.806914,100750,3501.75,3500.0
2022-03-16 10:07:00,72.5,72.5,72.5,72.5,500,22.050086,100750,3504.0,3500.0
2022-03-16 10:08:00,72.5,73.35,72.5,73.35,1000,22.31207,100750,3504.2,3500.0
2022-03-16 10:09:00,74.5,74.5,74.5,74.5,1500,22.075239,100250,3507.45,3500.0
2022-03-16 10:10:00,74.0,74.5,74.0,74.4,1500,22.54699,100250,3504.9,3500.0
2022-03-16 10:11:00,72.5,72.65,72.0,72.4,5250,22.095803,99000,3503.6,3500.0
2022-03-16 10:12:00,72.4,72.4,71.0,71.1,2000,21.744501,99000,3503.05,3500.0
2022-03-16 10:13:00,72.0,72.1,71.65,71.65,4000,22.076395,99000,3502.35,3500.0
2022-03-16 10:14:00,71.2,71.65,71.2,71.25,750,21.513537,95250,3504.5,3500.0
2022-03-16 10:15:00,61.6,68.0,61.6,68.0,1750,21.679147,7250,3517.0,3520.0
2022-03-16 10:16:00,68.0,68.0,68.0,68.0,250,21.146679,7250,3519.8,3520.0
2022-03-16 10:17:00,70.0,70.0,69.55,69.55,1750,22.157827,8250,3517.35,3520.0
2022-03-16 10:18:00,69.55,69.55,68.55,68.55,500,22.034032,8250,3516.15,3520.0
2022-03-16 10:19:00,68.55,68.55,68.55,68.55,0,22.034032,8250,3514.0,3520.0
2022-03-16 10:20:00,67.2,67.2,67.2,67.2,250,21.96414,8250,3514.0,3520.0
2022-03-16 10:21:00,66.2,67.65,66.2,66.5,1750,21.598301,9000,3514.65,3520.0
2022-03-16 10:22:00,76.25,76.25,75.4,75.4,2250,22.091335,93750,3509.0,3500.0
2022-03-16 10:23:00,75.4,75.4,75.4,75.4,0,22.091335,93750,3512.0,3520.0
2022-03-16 10:24:00,76.4,76.4,74.8,74.8,2500,22.300998,93000,3506.9,3500.0
2022-03-16 10:25:00,73.95,73.95,73.35,73.35,2250,21.80749,93000,3506.8,3500.0
2022-03-16 10:26:00,64.6,64.6,64.55,64.55,500,21.510804,9500,3511.45,3520.0
2022-03-16 10:27:00,76.0,76.0,75.2,75.2,500,22.023474,90500,3509.0,3500.0
2022-03-16 10:28:00,75.2,75.2,75.2,75.2,0,22.023474,90500,3512.7,3520.0
2022-03-16 10:29:00,75.2,75.2,75.2,75.2,0,22.023474,90500,3513.25,3520.0
2022-03-16 10:30:00,64.55,66.0,64.55,66.0,500,21.29753,9000,3515.35,3520.0
2022-03-16 10:31:00,66.0,66.0,66.0,66.0,0,21.29753,9000,3516.2,3520.0
2022-03-16 10:32:00,66.0,68.55,66.0,68.0,750,21.689633,9000,3517.0,3520.0
2022-03-16 10:33:00,68.0,68.0,68.0,68.0,500,21.972556,9000,3515.5,3520.0
2022-03-16 10:34:00,68.0,68.0,68.0,68.0,0,21.972556,9000,3516.05,3520.0
2022-03-16 10:35:00,68.0,68.25,68.0,68.0,500,21.795265,9000,3516.45,3520.0
2022-03-16 10:36:00,67.95,67.95,66.5,66.5,750,21.895816,10000,3513.1,3520.0
2022-03-16 10:37:00,66.5,66.5,65.3,65.3,500,21.512875,10000,3512.9,3520.0
2022-03-16 10:38:00,75.2,75.2,73.2,73.65,500,21.610987,89250,3508.35,3500.0
2022-03-16 10:39:00,65.3,65.3,62.25,62.25,250,20.941817,10500,3510.2,3520.0
2022-03-16 10:40:00,63.0,63.0,63.0,63.0,250,21.132079,10500,3510.6,3520.0
2022-03-16 10:41:00,74.75,74.75,72.85,72.85,2250,21.379077,89000,3508.1,3500.0
2022-03-16 10:42:00,72.85,73.15,72.85,73.15,250,21.273948,87750,3509.15,3500.0
2022-03-16 10:43:00,63.0,63.9,63.0,63.9,750,21.025762,10000,3512.9,3520.0
2022-03-16 10:44:00,63.9,63.9,63.9,63.9,0,21.025762,10000,3511.6,3520.0
2022-03-16 10:45:00,63.9,64.85,63.9,64.85,250,21.526298,10500,3512.0,3520.0
2022-03-16 10:46:00,64.0,64.0,64.0,64.0,500,21.192066,10500,3512.2,3520.0
2022-03-16 10:47:00,64.0,64.15,64.0,64.15,500,21.557637,10500,3510.5,3520.0
2022-03-16 10:48:00,64.15,64.15,64.15,64.15,0,21.557637,10500,3511.9,3520.0
2022-03-16 10:49:00,64.15,64.15,64.15,64.15,0,21.557637,10500,3510.85,3520.0
2022-03-16 10:50:00,64.15,64.15,64.15,64.15,0,21.557637,10500,3513.0,3520.0
2022-03-16 10:51:00,64.15,64.15,64.15,64.15,0,21.557637,10500,3511.65,3520.0
2022-03-16 10:52:00,64.15,64.15,64.15,64.15,750,20.998177,10000,3513.55,3520.0
2022-03-16 10:53:00,64.15,64.15,64.15,64.15,0,20.998177,10000,3510.85,3520.0
2022-03-16 10:54:00,64.15,64.6,64.15,64.6,250,21.453367,9750,3511.95,3520.0
2022-03-16 10:55:00,64.6,64.6,64.6,64.6,0,21.453367,9750,3511.45,3520.0
2022-03-16 10:56:00,64.6,64.6,64.6,64.6,0,21.453367,9750,3506.7,3500.0
2022-03-16 10:57:00,74.8,74.8,71.65,71.65,250,21.790397,88250,3503.95,3500.0
2022-03-16 10:58:00,70.2,70.5,70.2,70.5,1250,21.304626,88250,3504.35,3500.0
2022-03-16 10:59:00,69.2,69.2,69.2,69.2,500,20.794847,88250,3504.6,3500.0
2022-03-16 11:00:00,69.2,69.2,69.2,69.2,1750,21.111442,88250,3503.0,3500.0
2022-03-16 11:01:00,70.0,70.0,70.0,70.0,500,21.454196,88250,3502.7,3500.0
2022-03-16 11:02:00,70.0,70.0,70.0,70.0,0,21.454196,88250,3504.0,3500.0
2022-03-16 11:03:00,70.0,70.0,70.0,70.0,0,21.454196,88250,3504.0,3500.0
2022-03-16 11:04:00,70.0,70.0,69.5,69.5,750,21.16114,88250,3503.3,3500.0
2022-03-16 11:05:00,69.5,69.5,69.45,69.45,750,21.729274,88250,3500.3,3500.0
2022-03-16 11:06:00,69.45,69.45,69.45,69.45,0,21.729274,88250,3500.3,3500.0
2022-03-16 11:07:00,69.45,70.0,69.45,70.0,250,22.366697,88750,3498.0,3500.0
2022-03-16 11:08:00,69.3,69.4,69.3,69.4,750,21.848569,88750,3499.6,3500.0
2022-03-16 11:09:00,69.4,70.0,69.4,70.0,500,22.013094,89250,3499.85,3500.0
2022-03-16 11:10:00,70.0,70.5,70.0,70.5,1500,22.151894,89250,3500.05,3500.0
2022-03-16 11:11:00,70.5,70.5,68.8,68.8,250,21.753802,89250,3499.0,3500.0
2022-03-16 11:12:00,68.8,70.95,68.8,70.95,1000,21.541873,89000,3504.0,3500.0
2022-03-16 11:13:00,70.95,70.95,70.95,70.95,0,21.541873,89000,3504.0,3500.0
2022-03-16 11:14:00,70.6,70.6,70.6,70.6,250,21.782227,89000,3502.15,3500.0
2022-03-16 11:15:00,70.6,70.65,70.6,70.65,250,21.437407,89500,3504.0,3500.0
2022-03-16 11:16:00,70.65,72.0,70.65,72.0,500,21.71883,89500,3505.0,3500.0
2022-03-16 11:17:00,72.0,72.0,72.0,72.0,0,21.71883,89500,3504.9,3500.0
2022-03-16 11:18:00,72.0,72.0,72.0,72.0,0,21.71883,89500,3505.0,3500.0
2022-03-16 11:19:00,72.0,72.0,72.0,72.0,0,21.71883,89500,3505.0,3500.0
2022-03-16 11:20:00,72.6,72.6,72.6,72.6,250,21.445263,89250,3507.45,3500.0
2022-03-16 11:21:00,72.6,72.6,72.6,72.6,0,21.445263,89250,3508.3,3500.0
2022-03-16 11:22:00,72.6,72.6,72.6,72.6,0,21.445263,89250,3507.85,3500.0
2022-03-16 11:23:00,72.6,74.6,72.6,74.6,500,22.267661,89250,3506.9,3500.0
2022-03-16 11:24:00,74.6,74.6,74.6,74.6,0,22.267661,89250,3506.05,3500.0
2022-03-16 11:25:00,74.6,74.6,74.45,74.45,750,21.600649,89500,3509.95,3500.0
2022-03-16 11:26:00,64.4,65.8,64.4,65.8,500,22.096143,10750,3510.85,3520.0
2022-03-16 11:27:00,65.8,65.8,65.8,65.8,0,22.096143,10750,3513.35,3520.0
2022-03-16 11:28:00,65.8,67.7,65.8,67.7,750,22.181946,11250,3514.0,3520.0
2022-03-16 11:29:00,67.7,67.7,65.8,65.8,750,21.951018,11250,3511.65,3520.0
2022-03-16 11:30:00,68.0,68.0,68.0,68.0,750,21.535801,12000,3518.0,3520.0
2022-03-16 11:31:00,68.0,68.0,68.0,68.0,0,21.535801,12000,3517.95,3520.0
2022-03-16 11:32:00,68.15,68.15,68.15,68.15,500,21.779426,12000,3517.0,3520.0
2022-03-16 11:33:00,68.15,68.15,67.15,67.15,500,21.917448,11750,3514.4,3520.0
2022-03-16 11:34:00,67.15,67.15,67.15,67.15,250,21.777792,11750,3515.15,3520.0
2022-03-16 11:35:00,67.15,67.15,67.15,67.15,0,21.777792,11750,3518.7,3520.0
2022-03-16 11:36:00,67.15,67.15,67.15,67.15,0,21.777792,11750,3519.8,3520.0
2022-03-16 11:37:00,67.15,67.15,67.15,67.15,0,21.777792,11750,3519.0,3520.0
2022-03-16 11:38:00,69.0,69.0,69.0,69.0,1250,21.701578,11250,3519.0,3520.0
2022-03-16 11:39:00,69.0,69.45,69.0,69.45,750,21.860422,11000,3519.0,3520.0
2022-03-16 11:40:00,68.6,68.6,68.6,68.6,500,22.290671,11000,3515.15,3520.0
2022-03-16 11:41:00,68.6,68.6,68.4,68.4,250,22.014436,11000,3516.25,3520.0
2022-03-16 11:42:00,68.4,68.65,68.4,68.65,500,21.67646,10500,3518.5,3520.0
2022-03-16 11:43:00,68.65,68.65,68.65,68.65,0,21.67646,10500,3517.3,3520.0
2022-03-16 11:44:00,68.65,68.65,68.65,68.65,0,21.67646,10500,3517.6,3520.0
2022-03-16 11:45:00,68.65,68.65,68.65,68.65,0,21.67646,10500,3516.35,3520.0
2022-03-16 11:46:00,68.45,68.75,68.45,68.75,1250,21.704563,11000,3518.55,3520.0
2022-03-16 11:47:00,68.75,69.5,68.75,68.95,1000,21.899246,11000,3517.9,3520.0
2022-03-16 11:48:00,68.95,68.95,68.95,68.95,0,21.899246,11000,3518.75,3520.0
2022-03-16 11:49:00,68.95,69.45,68.85,69.45,500,21.675016,11500,3520.0,3520.0
2022-03-16 11:50:00,69.45,69.85,69.0,69.0,500,21.642042,11500,3519.35,3520.0
2022-03-16 11:51:00,69.85,69.85,69.85,69.85,250,21.420845,11500,3522.05,3520.0
2022-03-16 11:52:00,70.0,72.25,70.0,70.65,1250,21.292882,11750,3524.15,3520.0
2022-03-16 11:53:00,70.65,71.0,70.65,71.0,250,21.446435,11750,3524.0,3520.0
2022-03-16 11:54:00,71.0,71.0,71.0,71.0,0,21.446435,11750,3525.0,3520.0
2022-03-16 11:55:00,71.05,71.05,71.0,71.0,1000,21.838135,12250,3522.0,3520.0
2022-03-16 11:56:00,71.0,71.0,71.0,71.0,0,21.838135,12250,3524.0,3520.0
2022-03-16 11:57:00,71.55,71.55,71.55,71.55,500,22.158969,12500,3521.35,3520.0
2022-03-16 11:58:00,71.55,71.55,69.15,69.15,500,21.575024,12500,3520.0,3520.0
2022-03-16 11:59:00,69.15,69.15,69.15,69.15,0,21.575024,12500,3520.0,3520.0
2022-03-16 12:00:00,69.15,69.15,69.15,69.15,0,21.575024,12500,3521.0,3520.0
2022-03-16 12:01:00,69.15,69.15,68.75,69.0,750,21.253751,12500,3521.4,3520.0
2022-03-16 12:02:00,69.0,69.0,69.0,69.0,0,21.253751,12500,3521.1,3520.0
2022-03-16 12:03:00,69.95,69.95,69.95,69.95,250,20.983641,12000,3524.5,3520.0
2022-03-16 12:04:00,69.95,71.05,69.95,71.05,500,21.372526,12000,3524.5,3520.0
2022-03-16 12:05:00,71.7,71.7,71.7,71.7,500,21.503972,12000,3525.0,3520.0
2022-03-16 12:06:00,71.7,71.7,71.7,71.7,500,22.275419,13000,3521.05,3520.0
2022-03-16 12:07:00,69.25,70.55,69.25,70.55,750,21.237299,13000,3524.3,3520.0
2022-03-16 12:08:00,70.55,70.55,70.55,70.55,0,21.237299,13000,3524.5,3520.0
2022-03-16 12:09:00,70.55,71.2,70.55,71.2,250,21.369409,13000,3524.8,3520.0
2022-03-16 12:10:00,71.2,71.2,71.2,71.2,500,21.340411,13000,3524.95,3520.0
2022-03-16 12:11:00,71.2,71.2,71.2,71.2,0,21.340411,13000,3523.8,3520.0
2022-03-16 12:12:00,70.2,70.5,70.2,70.5,1250,21.301407,13750,3523.9,3520.0
2022-03-16 12:13:00,70.5,70.5,70.5,70.5,0,21.301407,13750,3524.25,3520.0
2022-03-16 12:14:00,72.0,72.0,72.0,72.0,500,20.836316,13750,3528.9,3520.0
2022-03-16 12:15:00,72.35,73.0,72.35,73.0,750,20.968366,12500,3530.0,3520.0
2022-03-16 12:16:00,73.0,75.0,73.0,73.45,3000,21.29072,12500,3529.2,3520.0
2022-03-16 12:17:00,63.15,63.15,63.15,63.15,250,20.75983,6000,3532.5,3540.0
2022-03-16 12:18:00,63.15,65.0,63.15,65.0,250,21.240516,5750,3533.4,3540.0
2022-03-16 12:19:00,65.0,66.0,65.0,66.0,500,21.367829,5750,3534.6,3540.0
2022-03-16 12:20:00,66.0,66.0,66.0,66.0,250,21.637313,5750,3533.15,3540.0
2022-03-16 12:21:00,65.2,65.2,65.15,65.15,750,21.387139,6750,3532.9,3540.0
2022-03-16 12:22:00,65.15,65.15,65.15,65.15,0,21.387139,6750,3531.0,3540.0
2022-03-16 12:23:00,65.15,65.15,65.15,65.15,0,21.387139,6750,3529.2,3520.0
2022-03-16 12:24:00,64.95,65.0,64.95,65.0,750,20.94679,7750,3535.0,3540.0
2022-03-16 12:25:00,64.95,64.95,64.95,64.95,500,20.939246,7750,3534.95,3540.0
2022-03-16 12:26:00,64.95,64.95,64.95,64.95,500,21.311085,7750,3532.95,3540.0
2022-03-16 12:27:00,64.95,64.95,64.95,64.95,0,21.311085,7750,3532.0,3540.0
2022-03-16 12:28:00,64.95,64.95,64.95,64.95,0,21.311085,7750,3532.85,3540.0
2022-03-16 12:29:00,64.95,64.95,64.95,64.95,0,21.311085,7750,3531.4,3540.0
2022-03-16 12:30:00,64.95,64.95,63.7,63.7,500,21.235078,9000,3531.0,3540.0
2022-03-16 12:31:00,63.7,63.7,63.7,63.7,0,21.235078,9000,3534.15,3540.0
2022-03-16 12:32:00,63.7,63.7,63.7,63.7,0,21.235078,9000,3533.1,3540.0
2022-03-16 12:33:00,63.7,63.7,63.7,63.7,0,21.235078,9000,3532.4,3540.0
2022-03-16 12:34:00,63.7,63.7,63.7,63.7,0,21.235078,9000,3534.0,3540.0
2022-03-16 12:35:00,63.7,63.7,63.7,63.7,0,21.235078,9000,3532.95,3540.0
2022-03-16 12:36:00,63.7,63.7,63.7,63.7,0,21.235078,9000,3531.0,3540.0
2022-03-16 12:37:00,63.7,63.7,63.7,63.7,0,21.235078,9000,3530.4,3540.0
2022-03-16 12:38:00,63.7,63.7,63.7,63.7,0,21.235078,9000,3530.7,3540.0
2022-03-16 12:39:00,63.7,63.7,62.95,62.95,250,20.767518,9250,3532.15,3540.0
2022-03-16 12:40:00,62.95,63.95,62.0,62.0,750,20.343946,9250,3532.65,3540.0
2022-03-16 12:41:00,62.0,62.0,62.0,62.0,0,20.343946,9250,3531.45,3540.0
2022-03-16 12:42:00,62.0,62.0,61.9,61.9,250,20.245494,9250,3533.0,3540.0
2022-03-16 12:43:00,61.9,64.1,61.9,64.1,500,20.643486,8250,3535.0,3540.0
2022-03-16 12:44:00,64.1,64.1,64.1,64.1,0,20.643486,8250,3533.0,3540.0
2022-03-16 12:45:00,64.1,64.1,64.1,64.1,0,20.643486,8250,3533.7,3540.0
2022-03-16 12:46:00,63.0,64.0,63.0,64.0,750,20.460467,8250,3535.8,3540.0
2022-03-16 12:47:00,64.0,65.0,64.0,65.0,500,20.376592,8250,3538.1,3540.0
2022-03-16 12:48:00,65.0,65.0,65.0,65.0,0,20.376592,8250,3537.6,3540.0
2022-03-16 12:49:00,65.0,65.0,65.0,65.0,0,20.376592,8250,3538.0,3540.0
2022-03-16 12:50:00,65.0,65.0,65.0,65.0,250,20.444839,8250,3537.75,3540.0
2022-03-16 12:51:00,65.0,65.0,65.0,65.0,500,20.435945,8250,3537.8,3540.0
2022-03-16 12:52:00,65.0,65.0,64.8,64.8,250,20.26193,8000,3538.35,3540.0
2022-03-16 12:53:00,64.8,64.8,64.8,64.8,0,20.26193,8000,3538.0,3540.0
2022-03-16 12:54:00,66.2,66.2,66.2,66.2,250,20.543593,8000,3539.45,3540.0
2022-03-16 12:55:00,66.2,66.2,66.2,66.2,250,20.649309,8500,3538.9,3540.0
2022-03-16 12:56:00,66.2,66.2,66.2,66.2,0,20.649309,8500,3538.3,3540.0
2022-03-16 12:57:00,66.2,66.2,66.2,66.2,0,20.649309,8500,3538.75,3540.0
2022-03-16 12:58:00,66.2,66.2,64.75,64.75,500,20.504062,8500,3537.0,3540.0
2022-03-16 12:59:00,64.75,64.75,64.75,64.75,0,20.504062,8500,3534.25,3540.0
2022-03-16 13:00:00,74.0,74.0,69.15,69.15,500,20.025283,9500,3528.05,3520.0
2022-03-16 13:01:00,61.5,62.0,61.5,62.0,1000,20.632136,8000,3531.15,3540.0
2022-03-16 13:02:00,70.0,70.0,67.35,67.35,750,20.000893,9500,3525.0,3520.0
2022-03-16 13:03:00,67.35,67.55,67.35,67.55,250,20.112028,9500,3524.8,3520.0
2022-03-16 13:04:00,67.55,67.55,67.55,67.55,0,20.112028,9500,3523.45,3520.0
2022-03-16 13:05:00,67.55,67.55,66.85,67.4,1000,20.611612,9500,3522.0,3520.0
2022-03-16 13:06:00,67.4,67.4,66.0,66.0,750,19.325093,9500,3526.0,3520.0
2022-03-16 13:07:00,67.1,67.1,67.1,67.1,500,20.103921,9500,3524.05,3520.0
2022-03-16 13:08:00,67.1,67.1,65.2,65.2,750,20.273981,9500,3519.75,3520.0
2022-03-16 13:09:00,65.2,65.2,65.2,65.2,0,20.273981,9500,3523.1,3520.0
2022-03-16 13:10:00,65.2,65.2,65.2,65.2,0,20.273981,9500,3523.0,3520.0
2022-03-16 13:11:00,65.2,65.2,65.2,65.2,0,20.273981,9500,3519.3,3520.0
2022-03-16 13:12:00,65.2,65.2,63.5,63.5,250,20.003836,8750,3518.05,3520.0
2022-03-16 13:13:00,63.5,63.5,63.5,63.5,0,20.003836,8750,3518.0,3520.0
2022-03-16 13:14:00,63.5,63.5,61.5,61.5,250,19.347962,8750,3517.8,3520.0
2022-03-16 13:15:00,61.5,61.5,61.5,61.5,0,19.347962,8750,3518.45,3520.0
2022-03-16 13:16:00,61.5,65.0,61.5,65.0,250,19.504875,8750,3523.35,3520.0
2022-03-16 13:17:00,65.0,65.0,65.0,65.0,0,19.504875,8750,3522.85,3520.0
2022-03-16 13:18:00,65.0,65.0,65.0,65.0,0,19.504875,8750,3522.0,3520.0
2022-03-16 13:19:00,65.0,65.0,65.0,65.0,0,19.504875,8750,3522.2,3520.0
2022-03-16 13:20:00,65.0,66.5,65.0,66.5,250,19.126357,8500,3527.9,3520.0
2022-03-16 13:21:00,66.5,66.5,66.5,66.5,0,19.126357,8500,3528.05,3520.0
2022-03-16 13:22:00,66.5,66.5,65.95,65.95,1500,20.226841,8750,3521.4,3520.0
2022-03-16 13:23:00,64.45,64.45,64.45,64.45,250,19.29453,8750,3523.45,3520.0
2022-03-16 13:24:00,64.45,64.45,64.45,64.45,0,19.29453,8750,3526.7,3520.0
2022-03-16 13:25:00,64.45,64.45,64.45,64.45,250,19.384651,8500,3523.0,3520.0
2022-03-16 13:26:00,64.45,64.45,64.2,64.2,250,19.11848,8500,3523.9,3520.0
2022-03-16 13:27:00,64.2,64.2,64.2,64.2,0,19.11848,8500,3523.25,3520.0
2022-03-16 13:28:00,64.2,64.2,63.0,63.0,750,19.001687,8750,3522.35,3520.0
2022-03-16 13:29:00,63.0,63.0,63.0,63.0,0,19.001687,8750,3520.3,3520.0
2022-03-16 13:30:00,63.0,63.0,63.0,63.0,0,19.001687,8750,3521.3,3520.0
2022-03-16 13:31:00,63.0,63.0,63.0,63.0,0,19.001687,8750,3519.5,3520.0
2022-03-16 13:32:00,63.0,63.0,63.0,63.0,0,19.001687,8750,3520.7,3520.0
2022-03-16 13:33:00,64.05,64.05,64.05,64.05,250,19.640236,9000,3521.0,3520.0
2022-03-16 13:34:00,64.05,64.05,64.05,64.05,0,19.640236,9000,3519.6,3520.0
2022-03-16 13:35:00,64.05,64.05,64.05,64.05,0,19.640236,9000,3519.95,3520.0
2022-03-16 13:36:00,64.05,64.05,64.05,64.05,0,19.640236,9000,3521.0,3520.0
2022-03-16 13:37:00,64.0,64.0,64.0,64.0,500,19.497874,9000,3521.65,3520.0
2022-03-16 13:38:00,64.0,64.0,64.0,64.0,0,19.497874,9000,3523.0,3520.0
2022-03-16 13:39:00,64.0,64.0,64.0,64.0,0,19.497874,9000,3522.45,3520.0
2022-03-16 13:40:00,64.0,64.0,64.0,64.0,0,19.497874,9000,3523.15,3520.0
2022-03-16 13:41:00,64.0,64.0,64.0,64.0,0,19.497874,9000,3521.35,3520.0
2022-03-16 13:42:00,64.0,64.0,64.0,64.0,0,19.497874,9000,3521.75,3520.0
2022-03-16 13:43:00,64.0,64.0,63.8,63.8,250,19.508888,9000,3521.25,3520.0
2022-03-16 13:44:00,63.8,63.8,63.8,63.8,0,19.508888,9000,3519.05,3520.0
2022-03-16 13:45:00,63.8,63.8,63.8,63.8,0,19.508888,9000,3523.05,3520.0
2022-03-16 13:46:00,65.2,65.2,65.2,65.2,250,19.85871,9250,3522.0,3520.0
2022-03-16 13:47:00,65.2,65.2,65.2,65.2,0,19.85871,9250,3522.95,3520.0
2022-03-16 13:48:00,65.2,65.2,65.2,65.2,0,19.85871,9250,3523.0,3520.0
2022-03-16 13:49:00,65.2,65.2,65.2,65.2,0,19.85871,9250,3524.0,3520.0
2022-03-16 13:50:00,65.2,65.2,65.2,65.2,0,19.85871,9250,3524.35,3520.0
2022-03-16 13:51:00,65.2,65.2,65.2,65.2,0,19.85871,9250,3523.1,3520.0
2022-03-16 13:52:00,65.2,65.2,65.2,65.2,0,19.85871,9250,3520.55,3520.0
2022-03-16 13:53:00,65.2,65.2,65.2,65.2,0,19.85871,9250,3520.55,3520.0
2022-03-16 13:54:00,65.2,65.2,65.2,65.2,0,19.85871,9250,3521.0,3520.0
2022-03-16 13:55:00,65.2,65.2,65.2,65.2,0,19.85871,9250,3521.55,3520.0
2022-03-16 13:56:00,65.2,65.2,65.2,65.2,0,19.85871,9250,3523.65,3520.0
2022-03-16 13:57:00,65.2,65.2,65.2,65.2,0,19.85871,9250,3523.85,3520.0
2022-03-16 13:58:00,65.2,65.2,65.0,65.0,500,19.843977,9500,3521.75,3520.0
2022-03-16 13:59:00,65.0,65.0,65.0,65.0,0,19.843977,9500,3523.0,3520.0
2022-03-16 14:00:00,65.0,65.0,65.0,65.0,0,19.843977,9500,3522.4,3520.0
2022-03-16 14:01:00,65.0,65.0,65.0,65.0,0,19.843977,9500,3523.35,3520.0
2022-03-16 14:02:00,65.0,65.0,65.0,65.0,0,19.843977,9500,3527.95,3520.0
2022-03-16 14:03:00,65.0,65.0,65.0,65.0,0,19.843977,9500,3530.35,3540.0
2022-03-16 14:04:00,68.4,68.4,68.4,68.4,500,19.500713,9500,3529.5,3520.0
2022-03-16 14:05:00,68.0,68.0,68.0,68.0,1000,19.255936,9500,3530.0,3520.0
2022-03-16 14:06:00,59.0,59.65,59.0,59.65,500,19.580832,9500,3532.6,3540.0
2022-03-16 14:07:00,59.65,59.65,59.65,59.65,0,19.580832,9500,3530.8,3540.0
2022-03-16 14:08:00,59.65,59.65,59.65,59.65,0,19.580832,9500,3531.95,3540.0
2022-03-16 14:09:00,59.65,59.65,59.65,59.65,0,19.580832,9500,3528.45,3520.0
2022-03-16 14:10:00,59.65,59.65,59.65,59.65,0,19.580832,9500,3529.9,3520.0
2022-03-16 14:11:00,59.1,59.1,59.1,59.1,250,19.492679,9750,3532.05,3540.0
2022-03-16 14:12:00,59.1,59.1,59.1,59.1,0,19.492679,9750,3531.4,3540.0
2022-03-16 14:13:00,59.1,59.1,59.1,59.1,250,19.696128,10250,3530.95,3540.0
2022-03-16 14:14:00,59.1,59.1,59.1,59.1,0,19.696128,10250,3531.05,3540.0
2022-03-16 14:15:00,59.1,59.1,59.1,59.1,0,19.696128,10250,3532.45,3540.0
2022-03-16 14:16:00,59.1,59.1,59.1,59.1,0,19.696128,10250,3533.85,3540.0
2022-03-16 14:17:00,59.1,59.1,59.1,59.1,0,19.696128,10250,3532.3,3540.0
2022-03-16 14:18:00,59.1,59.1,59.1,59.1,0,19.696128,10250,3533.75,3540.0
2022-03-16 14:19:00,60.1,60.1,60.1,60.1,250,19.681089,10500,3532.95,3540.0
2022-03-16 14:20:00,60.1,60.1,60.1,60.1,0,19.681089,10500,3535.5,3540.0
2022-03-16 14:21:00,60.1,60.1,60.1,60.1,0,19.681089,10500,3537.0,3540.0
2022-03-16 14:22:00,60.1,60.1,60.1,60.1,0,19.681089,10500,3535.75,3540.0
2022-03-16 14:23:00,60.1,60.1,60.1,60.1,0,19.681089,10500,3536.9,3540.0
2022-03-16 14:24:00,60.1,60.1,60.1,60.1,0,19.681089,10500,3534.75,3540.0
2022-03-16 14:25:00,60.1,60.1,60.1,60.1,0,19.681089,10500,3534.05,3540.0
2022-03-16 14:26:00,60.1,60.1,60.1,60.1,0,19.681089,10500,3535.0,3540.0
2022-03-16 14:27:00,60.1,60.1,60.1,60.1,0,19.681089,10500,3533.9,3540.0
2022-03-16 14:28:00,60.1,60.1,60.1,60.1,250,19.769602,10250,3532.5,3540.0
2022-03-16 14:29:00,60.1,60.1,60.1,60.1,0,19.769602,10250,3532.2,3540.0
2022-03-16 14:30:00,60.15,60.15,60.15,60.15,250,19.862175,10250,3532.1,3540.0
2022-03-16 14:31:00,60.15,60.15,59.45,59.45,250,19.755632,10750,3531.35,3540.0
2022-03-16 14:32:00,59.45,59.45,59.45,59.45,0,19.755632,10750,3533.9,3540.0
2022-03-16 14:33:00,59.45,59.45,59.45,59.45,0,19.755632,10750,3530.1,3540.0
2022-03-16 14:34:00,59.45,59.45,59.45,59.45,0,19.755632,10750,3529.4,3520.0
2022-03-16 14:35:00,59.45,59.45,59.45,59.45,0,19.755632,10750,3525.95,3520.0
2022-03-16 14:36:00,59.45,59.45,59.45,59.45,0,19.755632,10750,3529.3,3520.0
2022-03-16 14:37:00,59.45,59.45,59.45,59.45,0,19.755632,10750,3531.35,3540.0
2022-03-16 14:38:00,59.45,59.45,59.45,59.45,0,19.755632,10750,3529.35,3520.0
2022-03-16 14:39:00,59.45,59.45,59.45,59.45,0,19.755632,10750,3529.15,3520.0
2022-03-16 14:40:00,59.45,59.45,59.45,59.45,0,19.755632,10750,3531.55,3540.0
2022-03-16 14:41:00,59.45,59.45,59.45,59.45,0,19.755632,10750,3531.25,3540.0
2022-03-16 14:42:00,59.45,59.45,59.45,59.45,0,19.755632,10750,3527.2,3520.0
2022-03-16 14:43:00,59.45,59.45,59.45,59.45,0,19.755632,10750,3529.0,3520.0
2022-03-16 14:44:00,59.45,59.45,59.45,59.45,0,19.755632,10750,3529.9,3520.0
2022-03-16 14:45:00,59.45,59.45,59.45,59.45,0,19.755632,10750,3529.0,3520.0
2022-03-16 14:46:00,59.45,59.45,59.45,59.45,0,19.755632,10750,3531.95,3540.0
2022-03-16 14:47:00,59.45,59.45,59.45,59.45,0,19.755632,10750,3529.5,3520.0
2022-03-16 14:48:00,59.45,59.45,59.45,59.45,0,19.755632,10750,3532.0,3540.0
2022-03-16 14:49:00,59.45,59.45,59.45,59.45,0,19.755632,10750,3531.4,3540.0
2022-03-16 14:50:00,56.7,57.0,56.7,57.0,250,18.889441,11000,3531.45,3540.0
2022-03-16 14:51:00,57.0,57.0,57.0,57.0,0,18.889441,11000,3531.75,3540.0
2022-03-16 14:52:00,57.0,57.0,56.95,56.95,250,18.780817,11250,3531.95,3540.0
2022-03-16 14:53:00,56.95,56.95,56.95,56.95,0,18.780817,11250,3530.95,3540.0
2022-03-16 14:54:00,56.95,57.35,56.95,57.35,500,18.41938,11250,3534.65,3540.0
2022-03-16 14:55:00,57.35,57.35,57.35,57.35,0,18.41938,11250,3536.85,3540.0
2022-03-16 14:56:00,57.35,57.35,57.35,57.35,0,18.41938,11250,3535.9,3540.0
2022-03-16 14:57:00,57.35,57.35,57.35,57.35,0,18.41938,11250,3534.7,3540.0
2022-03-16 14:58:00,57.35,58.1,57.35,57.6,500,18.083684,12000,3536.9,3540.0
2022-03-16 14:59:00,57.6,57.6,57.6,57.6,0,18.083684,12000,3537.95,3540.0
2022-03-16 15:00:00,57.6,61.8,57.6,61.8,250,17.504967,12000,3547.35,3540.0
2022-03-16 15:01:00,61.8,61.8,61.8,61.8,0,17.504967,12000,3560.0,3560.0
2022-03-16 15:02:00,61.8,61.8,61.8,61.8,0,17.504967,12000,3563.95,3560.0
2022-03-16 15:03:00,61.8,61.8,61.8,61.8,0,17.504967,12000,3570.0,3580.0
2022-03-16 15:04:00,50.0,50.0,50.0,50.0,250,15.552238,7750,3575.1,3580.0
2022-03-16 15:05:00,50.0,50.0,50.0,50.0,0,15.552238,7750,3588.5,3580.0
2022-03-16 15:06:00,48.95,50.75,48.95,49.8,13750,15.964699,73000,3591.95,3600.0
2022-03-16 15:07:00,49.8,49.8,49.8,49.8,0,15.964699,73000,3582.7,3580.0
2022-03-16 15:08:00,49.8,49.8,49.8,49.8,0,15.964699,73000,3576.5,3580.0
2022-03-16 15:09:00,50.0,56.0,50.0,56.0,250,16.170169,7250,3582.75,3580.0
2022-03-16 15:10:00,56.0,58.3,56.0,58.3,500,17.374709,7500,3580.7,3580.0
2022-03-16 15:11:00,58.3,58.3,58.3,58.3,0,17.374709,7500,3577.3,3580.0
2022-03-16 15:12:00,57.2,57.2,57.2,57.2,250,18.611372,7500,3572.1,3580.0
2022-03-16 15:13:00,55.0,55.0,54.7,54.7,500,17.99108,8250,3570.75,3580.0
2022-03-16 15:14:00,54.7,54.7,54.7,54.7,0,17.99108,8250,3573.0,3580.0
2022-03-16 15:15:00,62.9,62.9,58.25,59.45,500,16.279493,8750,3568.75,3560.0
2022-03-16 15:16:00,59.45,59.45,58.0,58.0,750,17.170991,8250,3561.8,3560.0
2022-03-16 15:17:00,58.0,59.45,58.0,59.45,250,17.225852,8250,3564.1,3560.0
2022-03-16 15:18:00,59.1,59.1,57.95,57.95,250,19.247652,9000,3570.05,3580.0
2022-03-16 15:19:00,60.15,61.4,60.15,61.4,250,16.961997,8000,3568.8,3560.0
2022-03-16 15:20:00,61.4,61.4,60.0,60.0,500,17.130497,8000,3565.55,3560.0
2022-03-16 15:21:00,60.0,60.0,59.7,59.7,250,17.455015,8250,3563.4,3560.0
2022-03-16 15:22:00,59.7,59.7,58.0,58.0,500,16.857873,8250,3563.4,3560.0
2022-03-16 15:23:00,58.0,58.0,58.0,58.0,0,16.857873,8250,3563.25,3560.0
2022-03-16 15:24:00,58.0,58.0,58.0,58.0,0,16.857873,8250,3561.9,3560.0
2022-03-16 15:25:00,58.0,58.15,58.0,58.15,250,17.120143,9000,3562.35,3560.0
2022-03-16 15:26:00,58.15,58.15,58.15,58.15,0,17.120143,9000,3562.25,3560.0
2022-03-16 15:27:00,58.15,58.15,58.15,58.15,0,17.120143,9000,3568.35,3560.0
2022-03-16 15:28:00,60.0,60.0,60.0,60.0,250,17.63343,9000,3563.05,3560.0
2022-03-16 15:29:00,60.0,60.0,60.0,60.0,250,16.263124,9000,3569.8,3560.0
2022-03-17 09:17:00,49.3,55.1,49.3,55.1,12000,15.903912,84750,3604.75,3600.0
2022-03-17 09:18:00,55.1,55.1,55.1,55.1,0,15.903912,84750,3604.75,3600.0
2022-03-17 09:19:00,55.1,55.1,55.1,55.1,0,15.903912,84750,3604.75,3600.0
2022-03-17 09:20:00,72.1,72.1,72.1,72.1,250,21.778172,10000,3625.0,3620.0
2022-03-17 09:21:00,72.1,72.1,48.45,48.45,500,13.263011,10000,3625.55,3620.0
2022-03-17 09:22:00,48.45,65.95,48.45,65.95,500,18.73437,10000,3629.3,3620.0
2022-03-17 09:23:00,65.95,66.0,65.95,66.0,500,18.608666,10000,3630.0,3620.0
2022-03-17 09:24:00,66.0,66.0,66.0,66.0,0,18.608666,10000,3630.0,3620.0
2022-03-17 09:25:00,66.0,66.0,66.0,66.0,250,19.363016,11000,3626.3,3620.0
2022-03-17 09:26:00,66.0,66.0,60.5,60.5,250,17.390123,11000,3626.4,3620.0
2022-03-17 09:27:00,60.5,60.5,54.25,54.25,1250,15.987904,11500,3622.35,3620.0
2022-03-17 09:28:00,54.25,54.25,54.0,54.0,500,15.879736,11500,3622.45,3620.0
2022-03-17 09:29:00,54.0,58.0,54.0,58.0,1250,18.166584,11500,3618.0,3620.0
2022-03-17 09:30:00,52.0,55.0,52.0,55.0,1000,16.085254,11750,3623.2,3620.0
2022-03-17 09:31:00,55.0,55.0,55.0,55.0,250,16.79861,11750,3619.6,3620.0
2022-03-17 09:32:00,54.0,54.0,54.0,54.0,1000,17.890509,11750,3612.0,3620.0
2022-03-17 09:33:00,52.0,52.0,50.35,50.35,1000,16.956446,11500,3610.1,3620.0
2022-03-17 09:34:00,52.05,52.05,52.05,52.05,1000,16.709403,11500,3614.65,3620.0
2022-03-17 09:35:00,52.05,52.5,52.05,52.5,250,16.497821,11750,3616.6,3620.0
2022-03-17 09:36:00,52.5,52.5,52.5,52.5,0,16.497821,11750,3616.6,3620.0
2022-03-17 09:37:00,52.5,52.5,52.5,52.5,0,16.497821,11750,3616.6,3620.0
2022-03-17 09:38:00,52.5,52.5,52.5,52.5,0,16.497821,11750,3616.6,3620.0
2022-03-17 09:39:00,52.5,52.5,52.5,52.5,0,16.497821,11750,3616.6,3620.0
2022-03-17 09:40:00,52.5,53.7,52.5,53.7,750,17.180758,12000,3615.25,3620.0
2022-03-17 09:41:00,53.7,53.7,53.7,53.7,0,17.180758,12000,3615.25,3620.0
2022-03-17 09:42:00,53.7,54.45,53.7,54.45,500,16.305324,12250,3621.15,3620.0
2022-03-17 09:43:00,54.0,54.0,54.0,54.0,1250,16.568491,12250,3619.0,3620.0
2022-03-17 09:44:00,53.25,53.25,52.5,52.5,1750,15.664932,12250,3620.9,3620.0
2022-03-17 09:45:00,52.5,56.05,52.5,56.05,500,16.44591,12750,3623.3,3620.0
2022-03-17 09:46:00,56.05,56.25,56.05,56.25,250,15.876873,12750,3626.45,3620.0
2022-03-17 09:47:00,56.25,58.85,56.25,58.85,250,16.885989,12750,3626.05,3620.0
2022-03-17 09:48:00,58.85,58.85,58.85,58.85,0,16.885989,12750,3626.05,3620.0
2022-03-17 09:49:00,48.85,48.85,48.15,48.15,250,15.922682,6750,3631.0,3640.0
2022-03-17 09:50:00,48.85,49.75,48.85,49.75,500,16.253156,6500,3632.25,3640.0
2022-03-17 09:51:00,49.75,49.75,49.7,49.75,500,15.549792,6500,3636.0,3640.0
2022-03-17 09:52:00,50.0,50.0,50.0,50.0,1750,16.211906,6500,3632.95,3640.0
2022-03-17 09:53:00,50.0,50.0,50.0,50.0,250,16.203125,6500,3633.0,3640.0
2022-03-17 09:54:00,50.0,50.0,50.0,50.0,0,16.203125,6500,3633.0,3640.0
2022-03-17 09:55:00,50.0,52.0,50.0,52.0,1000,15.95898,7250,3638.0,3640.0
2022-03-17 09:56:00,52.0,54.0,52.0,54.0,750,16.078908,7250,3641.0,3640.0
2022-03-17 09:57:00,54.0,54.5,54.0,54.5,1000,16.285127,6500,3640.85,3640.0
2022-03-17 09:58:00,54.5,55.05,54.5,55.05,250,15.873367,6500,3643.9,3640.0
2022-03-17 09:59:00,55.05,55.05,55.05,55.05,0,15.873367,6500,3643.9,3640.0
2022-03-17 10:00:00,55.05,55.05,55.05,55.05,0,15.873367,6500,3643.9,3640.0
2022-03-17 10:01:00,54.95,54.95,54.0,54.0,500,17.526316,1000,3652.85,3660.0
2022-03-17 10:02:00,57.4,57.4,57.0,57.0,750,18.728399,1000,3652.0,3660.0
2022-03-17 10:03:00,57.0,57.0,54.0,54.0,250,17.665424,2000,3652.1,3660.0
2022-03-17 10:04:00,54.9,54.9,54.9,54.9,500,17.933664,2000,3652.35,3660.0
2022-03-17 10:05:00,58.9,60.0,56.0,56.0,2750,17.264361,10250,3638.55,3640.0
2022-03-17 10:06:00,56.0,58.6,56.0,58.6,3500,18.082447,14250,3639.05,3640.0
2022-03-17 10:07:00,58.6,58.6,57.5,57.5,1250,17.898044,14250,3638.0,3640.0
2022-03-17 10:08:00,57.5,57.5,57.5,57.5,0,17.898044,14250,3638.0,3640.0
2022-03-17 10:09:00,57.5,57.5,57.5,57.5,0,17.898044,14250,3638.0,3640.0
2022-03-17 10:10:00,57.5,57.5,57.5,57.5,0,17.898044,14250,3638.0,3640.0
2022-03-17 10:11:00,57.5,60.8,57.5,60.8,750,18.384245,14750,3641.5,3640.0
2022-03-17 10:12:00,60.8,61.1,60.8,61.1,250,18.490425,14750,3641.5,3640.0
2022-03-17 10:13:00,61.1,61.1,60.5,60.5,250,18.377255,14750,3641.0,3640.0
2022-03-17 10:14:00,60.5,60.5,60.5,60.5,0,18.377255,14750,3641.0,3640.0
2022-03-17 10:15:00,60.5,60.5,60.5,60.5,0,18.377255,14750,3641.0,3640.0
2022-03-17 10:16:00,60.5,60.5,60.5,60.5,0,18.377255,14750,3641.0,3640.0
2022-03-17 10:17:00,60.5,61.35,60.5,61.35,750,18.089438,14750,3644.0,3640.0
2022-03-17 10:18:00,61.35,61.35,61.35,61.35,0,18.089438,14750,3644.0,3640.0
2022-03-17 10:19:00,61.35,61.95,60.5,60.5,2750,18.555327,14750,3640.1,3640.0
2022-03-17 10:20:00,60.5,60.5,60.5,60.5,0,18.555327,14750,3640.1,3640.0
2022-03-17 10:21:00,60.5,60.5,60.5,60.5,0,18.555327,14750,3640.1,3640.0
2022-03-17 10:22:00,60.5,60.5,57.15,57.15,3500,17.78355,16750,3638.0,3640.0
2022-03-17 10:23:00,57.15,57.15,57.15,57.15,0,17.78355,16750,3638.0,3640.0
2022-03-17 10:24:00,56.8,56.8,56.45,56.45,750,17.442677,15500,3638.5,3640.0
2022-03-17 10:25:00,56.45,56.75,56.45,56.75,250,17.921073,15500,3636.55,3640.0
2022-03-17 10:26:00,56.6,56.95,56.6,56.95,500,17.378208,15500,3639.75,3640.0
2022-03-17 10:27:00,56.95,56.95,56.95,56.95,0,17.378208,15500,3639.75,3640.0
2022-03-17 10:28:00,59.35,59.35,59.35,59.35,750,17.785362,15500,3642.0,3640.0
2022-03-17 10:29:00,59.35,60.05,59.35,60.05,750,17.467493,15500,3644.85,3640.0
2022-03-17 10:30:00,60.05,60.05,60.05,60.05,0,17.467493,15500,3644.85,3640.0
2022-03-17 10:31:00,60.05,60.05,60.05,60.05,0,17.467493,15500,3644.85,3640.0
2022-03-17 10:32:00,60.05,60.05,60.05,60.05,0,17.467493,15500,3644.85,3640.0
2022-03-17 10:33:00,60.05,60.05,60.05,60.05,0,17.467493,15500,3644.85,3640.0
2022-03-17 10:34:00,60.05,60.05,59.2,59.2,250,17.931668,17000,3641.0,3640.0
2022-03-17 10:35:00,59.2,59.7,59.2,59.7,500,17.942139,17000,3641.85,3640.0
2022-03-17 10:36:00,59.95,59.95,59.95,59.95,250,17.903092,17000,3642.5,3640.0
2022-03-17 10:37:00,59.95,59.95,59.95,59.95,0,17.903092,17000,3642.5,3640.0
2022-03-17 10:38:00,59.95,63.55,59.95,63.55,1250,17.911511,17000,3648.8,3640.0
2022-03-17 10:39:00,63.35,63.35,63.35,63.35,250,18.004731,18000,3648.0,3640.0
2022-03-17 10:40:00,63.0,63.0,63.0,63.0,250,17.469595,18000,3650.0,3640.0
2022-03-17 10:41:00,63.0,63.0,63.0,63.0,0,17.469595,18000,3650.0,3640.0
2022-03-17 10:42:00,63.0,63.0,63.0,63.0,0,17.469595,18000,3650.0,3640.0
2022-03-17 10:43:00,63.0,63.0,63.0,63.0,0,17.469595,18000,3650.0,3640.0
2022-03-17 10:44:00,63.0,63.0,63.0,63.0,0,17.469595,18000,3650.0,3640.0
2022-03-17 10:45:00,63.0,63.0,63.0,63.0,0,17.469595,18000,3650.0,3640.0
2022-03-17 10:46:00,63.0,63.0,63.0,63.0,0,17.469595,18000,3650.0,3640.0
2022-03-17 10:47:00,63.0,63.0,63.0,63.0,0,17.469595,18000,3649.05,3640.0
2022-03-17 10:48:00,63.0,63.0,62.2,62.2,250,17.18927,18250,3650.0,3640.0
2022-03-17 10:49:00,62.2,62.2,62.2,62.2,0,17.18927,18250,3650.0,3640.0
2022-03-17 10:50:00,61.2,61.2,61.05,61.05,500,16.780567,18250,3650.0,3640.0
2022-03-17 10:51:00,61.05,61.05,61.05,61.05,0,16.780567,18250,3650.0,3640.0
2022-03-17 10:52:00,61.05,61.05,61.05,61.05,0,16.780567,18250,3650.0,3640.0
2022-03-17 10:53:00,61.05,61.05,61.05,61.05,0,16.780567,18250,3650.0,3640.0
2022-03-17 10:54:00,61.0,62.25,61.0,62.25,750,17.55134,18000,3648.35,3640.0
2022-03-17 10:55:00,62.25,62.25,62.25,62.25,250,17.325175,18000,3649.45,3640.0
2022-03-17 10:56:00,62.25,62.25,62.25,62.25,0,17.325175,18000,3649.45,3640.0
2022-03-17 10:57:00,53.0,54.4,53.0,54.4,1000,17.604433,7750,3653.35,3660.0
2022-03-17 10:58:00,54.4,54.4,54.4,54.4,500,17.853933,7750,3652.0,3660.0
2022-03-17 10:59:00,54.4,54.4,54.4,54.4,0,17.853933,7750,3652.0,3660.0
2022-03-17 11:00:00,54.4,54.4,54.4,54.4,0,17.853933,7750,3652.0,3660.0
2022-03-17 11:01:00,54.5,60.05,54.5,60.0,750,19.14285,8750,3655.6,3660.0
2022-03-17 11:02:00,60.0,60.0,56.45,56.45,250,17.639454,8750,3657.0,3660.0
2022-03-17 11:03:00,56.45,56.75,56.3,56.75,500,17.382541,9000,3658.9,3660.0
2022-03-17 11:04:00,56.65,59.25,56.65,58.75,1500,18.8948,9000,3654.6,3660.0
2022-03-17 11:05:00,54.7,54.7,54.4,54.4,1000,17.811916,9000,3652.25,3660.0
2022-03-17 11:06:00,62.7,62.8,62.7,62.8,1000,17.916913,20750,3647.55,3640.0
2022-03-17 11:07:00,61.1,61.1,61.1,61.1,750,16.828662,20750,3649.9,3640.0
2022-03-17 11:08:00,61.65,61.65,61.55,61.55,750,17.248755,20750,3648.65,3640.0
2022-03-17 11:09:00,61.55,61.55,59.85,59.85,1000,17.308572,20750,3645.4,3640.0
2022-03-17 11:10:00,59.85,59.85,59.85,59.85,0,17.308572,20750,3645.4,3640.0
2022-03-17 11:11:00,59.75,59.75,59.75,59.75,250,17.020882,20750,3646.65,3640.0
2022-03-17 11:12:00,59.75,59.75,58.0,58.0,500,17.294461,20250,3642.2,3640.0
2022-03-17 11:13:00,58.0,58.0,58.0,58.0,0,17.294461,20250,3642.2,3640.0
2022-03-17 11:14:00,58.0,58.0,58.0,58.0,0,17.294461,20250,3642.2,3640.0
2022-03-17 11:15:00,58.0,58.0,58.0,58.0,250,17.028207,20250,3643.55,3640.0
2022-03-17 11:16:00,58.0,58.0,58.0,58.0,500,17.532507,20250,3641.0,3640.0
2022-03-17 11:17:00,57.0,57.0,57.0,57.0,250,17.375601,20250,3640.0,3640.0
2022-03-17 11:18:00,57.0,57.0,57.0,57.0,0,17.375601,20250,3640.0,3640.0
2022-03-17 11:19:00,57.0,57.0,57.0,57.0,0,17.375601,20250,3640.0,3640.0
2022-03-17 11:20:00,57.0,57.0,57.0,57.0,0,17.375601,20250,3640.0,3640.0
2022-03-17 11:21:00,57.0,57.0,57.0,57.0,0,17.375601,20250,3640.0,3640.0
2022-03-17 11:22:00,57.0,57.0,57.0,57.0,0,17.375601,20250,3640.0,3640.0
2022-03-17 11:23:00,57.0,57.0,57.0,57.0,0,17.375601,20250,3640.0,3640.0
2022-03-17 11:24:00,57.0,57.0,57.0,57.0,0,17.375601,20250,3640.0,3640.0
2022-03-17 11:25:00,57.0,59.5,57.0,59.5,250,16.868392,20000,3647.0,3640.0
2022-03-17 11:26:00,59.5,59.5,59.5,59.5,250,17.052358,20000,3646.1,3640.0
2022-03-17 11:27:00,59.5,59.5,59.5,59.5,250,16.394166,20000,3649.3,3640.0
2022-03-17 11:28:00,59.5,59.5,59.5,59.5,0,16.394166,20000,3649.3,3640.0
2022-03-17 11:29:00,59.5,59.5,59.5,59.5,0,16.394166,20000,3649.3,3640.0
2022-03-17 11:30:00,59.5,59.5,59.5,59.5,0,16.394166,20000,3649.3,3640.0
2022-03-17 11:31:00,47.3,52.5,47.3,52.5,750,17.319162,9000,3651.4,3660.0
2022-03-17 11:32:00,53.0,53.0,53.0,53.0,750,17.70411,9000,3650.25,3660.0
2022-03-17 11:33:00,53.05,53.05,53.05,53.05,250,17.731208,9000,3650.2,3660.0
2022-03-17 11:34:00,53.05,53.05,53.05,53.05,0,17.731208,9000,3650.2,3660.0
2022-03-17 11:35:00,61.0,61.0,61.0,61.0,250,17.790862,20250,3645.1,3640.0
2022-03-17 11:36:00,61.0,61.0,61.0,61.0,0,17.790862,20250,3645.1,3640.0
2022-03-17 11:37:00,61.0,61.0,61.0,61.0,0,17.790862,20250,3645.1,3640.0
2022-03-17 11:38:00,61.0,61.0,61.0,61.0,0,17.790862,20250,3645.1,3640.0
2022-03-17 11:39:00,61.0,61.0,58.1,58.1,250,17.086815,20250,3643.5,3640.0
2022-03-17 11:40:00,58.1,58.1,58.1,58.1,0,17.086815,20250,3643.5,3640.0
2022-03-17 11:41:00,58.1,58.1,58.1,58.1,0,17.086815,20250,3643.5,3640.0
2022-03-17 11:42:00,58.1,58.1,58.1,58.1,0,17.086815,20250,3643.5,3640.0
2022-03-17 11:43:00,58.1,58.1,58.1,58.1,0,17.086815,20250,3643.5,3640.0
2022-03-17 11:44:00,58.1,58.1,58.1,58.1,0,17.086815,20250,3643.5,3640.0
2022-03-17 11:45:00,58.1,58.1,58.1,58.1,0,17.086815,20250,3643.5,3640.0
2022-03-17 11:46:00,58.1,58.1,58.1,58.1,0,17.086815,20250,3643.5,3640.0
2022-03-17 11:47:00,58.1,58.1,58.1,58.1,0,17.086815,20250,3643.5,3640.0
2022-03-17 11:48:00,58.1,58.1,58.1,58.1,0,17.086815,20250,3643.5,3640.0
2022-03-17 11:49:00,58.1,58.1,58.1,58.1,0,17.086815,20250,3643.5,3640.0
2022-03-17 11:50:00,58.1,59.65,58.1,59.65,250,16.585136,20500,3648.7,3640.0
2022-03-17 11:51:00,59.65,59.65,59.65,59.65,0,16.585136,20500,3648.7,3640.0
2022-03-17 11:52:00,59.65,59.65,59.65,59.65,0,16.585136,20500,3648.7,3640.0
2022-03-17 11:53:00,59.65,59.65,59.65,59.65,0,16.585136,20500,3648.7,3640.0
2022-03-17 11:54:00,59.65,59.65,59.65,59.65,0,16.585136,20500,3648.7,3640.0
2022-03-17 11:55:00,59.65,59.8,59.65,59.8,250,16.744906,20500,3648.2,3640.0
2022-03-17 11:56:00,59.8,59.8,59.8,59.8,0,16.744906,20500,3648.2,3640.0
2022-03-17 11:57:00,59.8,59.8,59.8,59.8,250,17.053977,20500,3646.7,3640.0
2022-03-17 11:58:00,59.8,59.8,59.8,59.8,0,17.053977,20500,3646.7,3640.0
2022-03-17 11:59:00,59.8,59.8,59.8,59.8,0,17.053977,20500,3646.7,3640.0
2022-03-17 12:00:00,59.8,59.8,59.8,59.8,0,17.053977,20500,3646.7,3640.0
2022-03-17 12:01:00,59.8,59.8,59.8,59.8,0,17.053977,20500,3646.7,3640.0
2022-03-17 12:02:00,59.8,59.8,59.8,59.8,0,17.053977,20500,3646.7,3640.0
2022-03-17 12:03:00,59.8,59.8,59.2,59.25,1000,16.355791,20250,3649.15,3640.0
2022-03-17 12:04:00,59.25,59.25,59.25,59.25,0,16.355791,20250,3649.15,3640.0
2022-03-17 12:05:00,59.25,59.25,58.0,58.0,750,17.333881,20250,3642.15,3640.0
2022-03-17 12:06:00,58.0,58.0,58.0,58.0,0,17.333881,20250,3642.15,3640.0
2022-03-17 12:07:00,58.0,58.0,58.0,58.0,0,17.333881,20250,3642.15,3640.0
2022-03-17 12:08:00,58.0,58.0,58.0,58.0,0,17.333881,20250,3642.15,3640.0
2022-03-17 12:09:00,58.0,58.0,58.0,58.0,0,17.333881,20250,3642.15,3640.0
2022-03-17 12:10:00,58.0,58.0,58.0,58.0,0,17.333881,20250,3642.15,3640.0
2022-03-17 12:11:00,58.0,58.0,58.0,58.0,0,17.333881,20250,3642.15,3640.0
2022-03-17 12:12:00,58.0,58.0,56.35,56.35,250,16.465138,20250,3643.6,3640.0
2022-03-17 12:13:00,56.35,56.35,56.35,56.35,0,16.465138,20250,3643.6,3640.0
2022-03-17 12:14:00,56.35,56.35,56.35,56.35,0,16.465138,20250,3643.6,3640.0
2022-03-17 12:15:00,56.35,56.35,56.35,56.35,0,16.465138,20250,3643.6,3640.0
2022-03-17 12:16:00,58.5,58.5,58.5,58.5,250,16.468759,20000,3647.35,3640.0
2022-03-17 12:17:00,58.5,58.5,58.5,58.5,0,16.468759,20000,3647.35,3640.0
2022-03-17 12:18:00,58.5,58.5,58.5,58.5,0,16.468759,20000,3647.35,3640.0
2022-03-17 12:19:00,58.5,58.5,58.5,58.5,0,16.468759,20000,3647.35,3640.0
2022-03-17 12:20:00,58.5,58.5,58.5,58.5,0,16.468759,20000,3647.35,3640.0
2022-03-17 12:21:00,58.5,58.5,58.5,58.5,0,16.468759,20000,3647.35,3640.0
2022-03-17 12:22:00,58.5,58.5,58.5,58.5,0,16.468759,20000,3647.35,3640.0
2022-03-17 12:23:00,59.6,59.6,59.6,59.6,250,16.925761,20000,3647.05,3640.0
2022-03-17 12:24:00,59.6,59.6,59.6,59.6,0,16.925761,20000,3647.05,3640.0
2022-03-17 12:25:00,59.6,59.6,59.6,59.6,0,16.925761,20000,3647.05,3640.0
2022-03-17 12:26:00,50.5,50.5,50.5,50.5,500,16.382665,9250,3652.85,3660.0
2022-03-17 12:27:00,52.0,52.0,52.0,52.0,250,16.740638,9250,3653.75,3660.0
2022-03-17 12:28:00,52.0,52.0,52.0,52.0,0,16.740638,9250,3653.75,3660.0
2022-03-17 12:29:00,52.0,52.05,52.0,52.05,250,16.71257,8750,3654.0,3660.0
2022-03-17 12:30:00,52.05,52.8,52.05,52.8,250,16.18938,8750,3658.15,3660.0
2022-03-17 12:31:00,52.8,53.95,52.8,53.95,1000,16.439268,8250,3658.95,3660.0
2022-03-17 12:32:00,53.95,53.95,53.95,53.95,0,16.439268,8250,3658.95,3660.0
2022-03-17 12:33:00,53.95,53.95,53.35,53.35,250,16.982492,8500,3655.0,3660.0
2022-03-17 12:34:00,53.35,53.35,53.35,53.35,0,16.982492,8500,3655.0,3660.0
2022-03-17 12:35:00,53.35,54.2,53.35,54.2,1250,16.51952,8500,3659.0,3660.0
2022-03-17 12:36:00,54.2,54.2,54.0,54.0,250,16.527053,8000,3658.6,3660.0
2022-03-17 12:37:00,54.0,54.0,54.0,54.0,0,16.527053,8000,3658.6,3660.0
2022-03-17 12:38:00,54.0,57.5,54.0,57.5,1250,16.86893,8000,3663.15,3660.0
2022-03-17 12:39:00,57.5,57.5,57.5,57.5,250,16.799924,8750,3663.5,3660.0
2022-03-17 12:40:00,57.5,57.5,57.2,57.2,500,16.893057,8750,3662.5,3660.0
2022-03-17 12:41:00,58.1,58.1,58.1,58.1,250,17.387319,8750,3661.6,3660.0
2022-03-17 12:42:00,58.1,58.1,55.5,55.5,1750,16.786088,9000,3660.0,3660.0
2022-03-17 12:43:00,55.5,55.5,55.5,55.5,0,16.786088,9000,3660.0,3660.0
2022-03-17 12:44:00,56.0,56.0,56.0,56.0,500,16.807018,9000,3660.8,3660.0
2022-03-17 12:45:00,56.0,56.0,55.8,55.8,500,16.501527,9000,3662.0,3660.0
2022-03-17 12:46:00,55.85,55.85,55.85,55.85,250,16.381128,8750,3662.7,3660.0
2022-03-17 12:47:00,55.85,55.85,55.85,55.85,0,16.381128,8750,3662.7,3660.0
2022-03-17 12:48:00,55.85,55.85,55.85,55.85,0,16.381128,8750,3662.7,3660.0
2022-03-17 12:49:00,55.85,55.85,55.85,55.85,0,16.381128,8750,3662.7,3660.0
2022-03-17 12:50:00,55.85,56.6,55.85,56.6,750,17.18667,8500,3659.95,3660.0
2022-03-17 12:51:00,57.0,57.0,55.85,55.85,1000,17.270918,10000,3658.15,3660.0
2022-03-17 12:52:00,55.85,55.85,55.0,55.0,250,17.049845,10000,3657.75,3660.0
2022-03-17 12:53:00,53.8,53.8,53.8,53.8,250,16.619781,10000,3657.8,3660.0
2022-03-17 12:54:00,53.8,53.8,53.8,53.8,0,16.619781,10000,3657.8,3660.0
2022-03-17 12:55:00,53.8,53.8,53.8,53.8,0,16.619781,10000,3657.8,3660.0
2022-03-17 12:56:00,53.8,54.8,53.8,54.8,250,16.450121,10250,3660.5,3660.0
2022-03-17 12:57:00,54.8,54.8,54.8,54.8,2750,16.924947,10750,3658.05,3660.0
2022-03-17 12:58:00,54.8,54.8,54.8,54.8,250,16.800527,10750,3658.7,3660.0
2022-03-17 12:59:00,54.8,54.8,54.8,54.8,250,16.897255,10750,3658.2,3660.0
2022-03-17 13:00:00,54.8,54.8,54.8,54.8,0,16.897255,10750,3658.2,3660.0
2022-03-17 13:01:00,54.8,54.8,54.8,54.8,250,16.811794,13250,3658.65,3660.0
2022-03-17 13:02:00,54.8,54.8,54.8,54.8,0,16.811794,13250,3658.65,3660.0
2022-03-17 13:03:00,54.8,54.8,54.8,54.8,0,16.811794,13250,3658.65,3660.0
2022-03-17 13:04:00,54.8,54.8,54.8,54.8,0,16.811794,13250,3658.65,3660.0
2022-03-17 13:05:00,54.8,54.8,53.7,53.8,1250,17.326161,13500,3654.1,3660.0
2022-03-17 13:06:00,53.8,53.95,53.35,53.35,3750,17.047431,17000,3654.75,3660.0
2022-03-17 13:07:00,53.5,54.1,53.5,54.1,1000,17.544108,17000,3653.5,3660.0
2022-03-17 13:08:00,53.1,53.25,53.1,53.25,1500,17.060359,17000,3654.5,3660.0
2022-03-17 13:09:00,53.25,53.25,53.25,53.25,0,17.060359,17000,3654.5,3660.0
2022-03-17 13:10:00,53.25,53.5,53.25,53.5,250,17.335679,20250,3653.5,3660.0
2022-03-17 13:11:00,54.0,54.0,54.0,54.0,500,17.455483,20250,3653.8,3660.0
2022-03-17 13:12:00,54.0,54.0,54.0,54.0,750,17.567607,20750,3653.2,3660.0
2022-03-17 13:13:00,53.25,53.3,53.25,53.3,1000,17.285894,20750,3653.4,3660.0
2022-03-17 13:14:00,53.4,53.4,53.4,53.4,500,17.321466,20750,3653.4,3660.0
2022-03-17 13:15:00,54.1,54.1,54.1,54.1,250,17.041864,20750,3656.2,3660.0
2022-03-17 13:16:00,54.9,55.25,54.5,55.25,1500,17.596618,21000,3655.4,3660.0
2022-03-17 13:17:00,55.25,55.25,55.25,55.25,0,17.596618,21000,3655.4,3660.0
2022-03-17 13:18:00,55.25,55.25,55.25,55.25,0,17.596618,21000,3655.4,3660.0
2022-03-17 13:19:00,65.0,65.0,63.25,63.25,250,17.856612,17500,3649.0,3640.0
2022-03-17 13:20:00,53.0,53.0,53.0,53.0,1750,17.609173,21750,3651.1,3660.0
2022-03-17 13:21:00,53.0,53.0,53.0,53.0,0,17.609173,21750,3651.1,3660.0
2022-03-17 13:22:00,62.0,62.0,60.05,60.05,250,16.674404,18000,3649.2,3640.0
2022-03-17 13:23:00,52.5,54.0,52.1,54.0,1500,17.610847,24500,3653.0,3660.0
2022-03-17 13:24:00,54.0,54.0,53.25,53.25,750,17.708075,24500,3651.05,3660.0
2022-03-17 13:25:00,53.25,53.25,53.25,53.25,0,17.708075,24500,3651.05,3660.0
2022-03-17 13:26:00,60.0,60.0,59.05,59.05,750,16.764751,17750,3647.05,3640.0
2022-03-17 13:27:00,59.05,59.05,59.05,59.05,0,16.764751,17750,3647.05,3640.0
2022-03-17 13:28:00,59.05,59.05,59.05,59.05,0,16.764751,17750,3647.05,3640.0
2022-03-17 13:29:00,59.05,59.05,59.05,59.05,0,16.764751,17750,3647.05,3640.0
2022-03-17 13:30:00,59.05,59.05,59.0,59.0,250,17.065456,17500,3645.5,3640.0
2022-03-17 13:31:00,59.0,59.6,59.0,59.6,250,17.198216,17750,3645.9,3640.0
2022-03-17 13:32:00,59.6,59.6,59.6,59.6,0,17.198216,17750,3645.9,3640.0
2022-03-17 13:33:00,59.6,59.6,59.6,59.6,0,17.198216,17750,3645.9,3640.0
2022-03-17 13:34:00,59.6,59.6,59.6,59.6,0,17.198216,17750,3645.0,3640.0
2022-03-17 13:35:00,59.6,59.6,59.6,59.6,0,17.198216,17750,3645.9,3640.0
2022-03-17 13:36:00,59.6,59.6,59.6,59.6,0,17.198216,17750,3645.9,3640.0
2022-03-17 13:37:00,59.6,59.6,59.6,59.6,0,17.198216,17750,3645.9,3640.0
2022-03-17 13:38:00,59.6,59.6,59.6,59.6,0,17.198216,17750,3645.9,3640.0
2022-03-17 13:39:00,59.6,59.6,58.0,58.0,250,17.017804,17750,3644.0,3640.0
2022-03-17 13:40:00,58.0,58.0,58.0,58.0,0,17.017804,17750,3644.0,3640.0
2022-03-17 13:41:00,58.0,58.0,58.0,58.0,0,17.017804,17750,3644.0,3640.0
2022-03-17 13:42:00,58.0,58.0,58.0,58.0,0,17.017804,17750,3644.0,3640.0
2022-03-17 13:43:00,58.0,58.0,58.0,58.0,0,17.017804,17750,3644.0,3640.0
2022-03-17 13:44:00,58.0,58.0,58.0,58.0,0,17.017804,17750,3644.0,3640.0
2022-03-17 13:45:00,58.0,59.0,57.8,57.8,500,17.150213,17750,3643.0,3640.0
2022-03-17 13:46:00,57.8,57.8,57.8,57.8,0,17.150213,17750,3643.0,3640.0
2022-03-17 13:47:00,57.8,57.9,57.8,57.9,250,17.186798,17500,3643.0,3640.0
2022-03-17 13:48:00,57.9,57.9,57.9,57.9,0,17.186798,17500,3643.0,3640.0
2022-03-17 13:49:00,57.9,57.9,57.0,57.0,500,16.647982,17250,3644.1,3640.0
2022-03-17 13:50:00,57.0,57.8,57.0,57.8,500,16.64959,17250,3645.5,3640.0
2022-03-17 13:51:00,57.8,59.45,57.8,58.2,750,16.578132,17500,3646.55,3640.0
2022-03-17 13:52:00,58.2,58.2,58.2,58.2,0,16.578132,17500,3646.55,3640.0
2022-03-17 13:53:00,58.2,58.2,58.2,58.2,0,16.578132,17500,3646.55,3640.0
2022-03-17 13:54:00,58.2,60.7,58.2,60.0,1000,16.767969,17250,3648.75,3640.0
2022-03-17 13:55:00,60.0,60.0,60.0,60.0,0,16.767969,17250,3648.75,3640.0
2022-03-17 13:56:00,60.8,60.8,60.25,60.25,500,16.837652,17250,3648.85,3640.0
2022-03-17 13:57:00,60.25,60.25,60.25,60.25,0,16.837652,17250,3648.85,3640.0
2022-03-17 13:58:00,60.25,60.25,60.25,60.25,0,16.837652,17250,3648.85,3640.0
2022-03-17 13:59:00,60.25,60.25,60.25,60.25,0,16.837652,17250,3648.85,3640.0
2022-03-17 14:00:00,60.25,60.25,60.25,60.25,0,16.837652,17250,3648.85,3640.0
2022-03-17 14:01:00,51.75,53.0,51.75,53.0,250,17.281581,28250,3653.0,3660.0
2022-03-17 14:02:00,53.0,53.1,53.0,53.1,750,17.474522,28250,3652.15,3660.0
2022-03-17 14:03:00,53.1,53.1,53.1,53.1,0,17.474522,28250,3652.15,3660.0
2022-03-17 14:04:00,53.1,53.7,53.1,53.7,250,17.8148,28000,3651.45,3660.0
2022-03-17 14:05:00,53.7,53.7,53.35,53.35,1000,17.582264,28000,3652.05,3660.0
2022-03-17 14:06:00,53.35,53.35,53.35,53.35,0,17.582264,28000,3652.05,3660.0
2022-03-17 14:07:00,53.35,53.35,53.35,53.35,0,17.582264,28000,3652.05,3660.0
2022-03-17 14:08:00,54.95,55.8,54.95,55.8,1000,17.67727,27750,3656.15,3660.0
2022-03-17 14:09:00,55.8,55.85,55.8,55.8,3750,17.516516,27750,3657.0,3660.0
2022-03-17 14:10:00,55.8,55.8,55.8,55.8,250,18.091638,28000,3653.95,3660.0
2022-03-17 14:11:00,55.8,55.8,55.8,55.8,0,18.091638,28000,3653.95,3660.0
2022-03-17 14:12:00,55.8,55.8,53.0,53.0,500,17.601525,28000,3651.3,3660.0
2022-03-17 14:13:00,62.0,62.0,62.0,62.0,250,17.410414,16250,3649.15,3640.0
2022-03-17 14:14:00,62.0,62.0,62.0,62.0,0,17.410414,16250,3649.15,3640.0
2022-03-17 14:15:00,62.0,62.0,62.0,62.0,0,17.410414,16250,3649.15,3640.0
2022-03-17 14:16:00,62.0,62.0,61.3,61.3,250,17.120258,16500,3649.35,3640.0
2022-03-17 14:17:00,61.3,61.3,61.3,61.3,0,17.120258,16500,3649.35,3640.0
2022-03-17 14:18:00,61.3,61.3,61.3,61.3,0,17.120258,16500,3649.35,3640.0
2022-03-17 14:19:00,61.3,61.3,61.3,61.3,0,17.120258,16500,3649.35,3640.0
2022-03-17 14:20:00,61.3,61.3,61.3,61.3,0,17.120258,16500,3649.35,3640.0
2022-03-17 14:21:00,59.0,59.0,59.0,59.0,1000,17.39649,16500,3644.0,3640.0
2022-03-17 14:22:00,59.0,59.0,59.0,59.0,250,17.397055,17000,3644.0,3640.0
2022-03-17 14:23:00,59.0,59.0,58.9,59.0,500,17.206419,17000,3644.95,3640.0
2022-03-17 14:24:00,59.0,59.3,59.0,59.3,500,17.253053,17000,3645.25,3640.0
2022-03-17 14:25:00,59.3,60.0,59.3,60.0,500,17.40144,18250,3645.75,3640.0
2022-03-17 14:26:00,60.0,60.0,60.0,60.0,0,17.40144,18250,3645.75,3640.0
2022-03-17 14:27:00,59.85,59.85,59.85,59.85,500,17.389729,18250,3645.55,3640.0
2022-03-17 14:28:00,59.85,59.85,59.85,59.85,0,17.389729,18250,3645.55,3640.0
2022-03-17 14:29:00,59.85,60.5,59.85,60.5,750,16.914239,18500,3649.0,3640.0
2022-03-17 14:30:00,60.5,60.5,60.5,60.5,0,16.914239,18500,3649.0,3640.0
2022-03-17 14:31:00,60.5,62.0,60.5,62.0,500,17.243625,18500,3650.0,3640.0
2022-03-17 14:32:00,62.0,62.0,62.0,62.0,0,17.243625,18500,3650.0,3640.0
2022-03-17 14:33:00,62.0,62.0,62.0,62.0,0,17.243625,18500,3650.0,3640.0
2022-03-17 14:34:00,50.0,53.0,50.0,53.0,250,17.732976,29000,3650.65,3660.0
2022-03-17 14:35:00,62.9,62.9,62.25,62.25,500,17.335415,18250,3650.0,3640.0
2022-03-17 14:36:00,62.25,62.25,62.25,62.25,0,17.335415,18250,3650.0,3640.0
2022-03-17 14:37:00,62.25,62.25,61.5,61.5,750,17.234888,18000,3649.2,3640.0
2022-03-17 14:38:00,61.5,61.5,61.5,61.5,0,17.234888,18000,3649.2,3640.0
2022-03-17 14:39:00,61.5,61.5,61.5,61.5,0,17.234888,18000,3649.2,3640.0
2022-03-17 14:40:00,61.5,61.5,61.5,61.5,250,17.381741,17250,3648.5,3640.0
2022-03-17 14:41:00,61.5,61.5,61.5,61.5,0,17.381741,17250,3648.5,3640.0
2022-03-17 14:42:00,61.5,61.5,61.5,61.5,0,17.381741,17250,3648.5,3640.0
2022-03-17 14:43:00,61.5,61.5,61.5,61.5,0,17.381741,17250,3648.5,3640.0
2022-03-17 14:44:00,61.5,62.0,61.5,62.0,250,17.572986,17250,3648.45,3640.0
2022-03-17 14:45:00,62.0,62.0,62.0,62.0,0,17.572986,17250,3648.45,3640.0
2022-03-17 14:46:00,61.0,61.0,61.0,61.0,250,17.718751,17500,3646.0,3640.0
2022-03-17 14:47:00,61.0,61.0,59.5,59.5,250,17.387753,17500,3645.0,3640.0
2022-03-17 14:48:00,59.5,59.5,59.5,59.5,0,17.387753,17500,3645.0,3640.0
2022-03-17 14:49:00,59.5,59.5,59.5,59.5,0,17.387753,17500,3645.0,3640.0
2022-03-17 14:50:00,59.5,59.5,59.5,59.5,0,17.387753,17500,3645.0,3640.0
2022-03-17 14:51:00,59.5,59.5,59.5,59.5,0,17.387753,17500,3645.0,3640.0
2022-03-17 14:52:00,59.5,59.5,59.5,59.5,0,17.387753,17500,3645.0,3640.0
2022-03-17 14:53:00,59.5,59.5,59.5,59.5,0,17.387753,17500,3645.0,3640.0
2022-03-17 14:54:00,53.15,53.5,53.15,53.5,1000,17.318706,27500,3653.9,3660.0
2022-03-17 14:55:00,53.5,53.75,53.5,53.75,500,17.630378,26750,3652.7,3660.0
2022-03-17 14:56:00,53.75,53.75,53.75,53.75,0,17.630378,26750,3652.7,3660.0
2022-03-17 14:57:00,53.75,53.75,53.75,53.75,0,17.630378,26750,3652.7,3660.0
2022-03-17 14:58:00,54.3,54.3,54.3,54.3,250,17.629846,26750,3653.75,3660.0
2022-03-17 14:59:00,54.3,54.3,54.0,54.0,500,17.63684,26750,3653.15,3660.0
2022-03-17 15:00:00,54.0,54.0,54.0,54.0,0,17.63684,26750,3653.15,3660.0
2022-03-17 15:01:00,64.8,64.8,62.45,62.65,500,17.794363,18000,3648.55,3640.0
2022-03-17 15:02:00,62.65,62.65,62.65,62.65,0,17.794363,18000,3648.55,3640.0
2022-03-17 15:03:00,58.0,58.0,58.0,58.0,1000,17.856602,18000,3640.0,3640.0
2022-03-17 15:04:00,58.0,58.35,58.0,58.35,250,17.538885,18250,3642.25,3640.0
2022-03-17 15:05:00,58.65,58.65,58.65,58.65,250,16.438522,18250,3648.2,3640.0
2022-03-17 15:06:00,52.7,52.7,52.7,52.7,250,17.755339,27750,3650.05,3660.0
2022-03-17 15:07:00,52.7,53.1,52.7,53.1,250,17.878013,27750,3650.15,3660.0
2022-03-17 15:08:00,53.1,54.0,53.1,54.0,250,18.203499,27250,3650.1,3660.0
2022-03-17 15:09:00,54.0,54.0,54.0,54.0,250,18.167575,27250,3650.3,3660.0
2022-03-17 15:10:00,54.0,54.0,54.0,54.0,500,18.040047,26500,3651.0,3660.0
2022-03-17 15:11:00,54.0,54.0,54.0,54.0,0,18.040047,26500,3651.0,3660.0
2022-03-17 15:12:00,54.0,54.2,54.0,54.2,250,17.899714,26500,3652.15,3660.0
2022-03-17 15:13:00,54.2,54.25,54.2,54.25,1250,17.908597,26750,3652.2,3660.0
2022-03-17 15:14:00,54.25,54.25,53.6,53.6,250,17.662475,26750,3652.3,3660.0
2022-03-17 15:15:00,53.6,53.6,53.6,53.6,0,17.662475,26750,3652.3,3660.0
2022-03-17 15:16:00,53.6,53.65,53.6,53.65,250,17.644136,26500,3652.5,3660.0
2022-03-17 15:17:00,53.65,53.65,53.65,53.65,0,17.644136,26500,3652.5,3660.0
2022-03-17 15:18:00,53.95,53.95,53.95,53.95,1250,17.741343,26500,3652.55,3660.0
2022-03-17 15:19:00,53.95,53.95,53.95,53.95,500,17.741908,26500,3652.55,3660.0
2022-03-17 15:20:00,53.95,53.95,53.95,53.95,0,17.741908,26500,3652.55,3660.0
2022-03-17 15:21:00,53.0,53.0,53.0,53.0,250,17.409418,27500,3652.55,3660.0
2022-03-17 15:22:00,52.55,52.55,52.55,52.55,500,17.242663,27750,3652.6,3660.0
2022-03-17 15:23:00,52.55,52.55,52.4,52.4,500,17.199806,27750,3652.55,3660.0
2022-03-17 15:24:00,52.4,52.4,52.4,52.4,500,17.218897,27750,3652.45,3660.0
2022-03-17 15:25:00,52.4,53.35,52.4,53.35,250,17.599368,27000,3652.2,3660.0
2022-03-17 15:26:00,53.35,53.35,53.35,53.35,0,17.599368,27000,3645.6,3640.0
2022-03-17 15:27:00,51.4,51.4,51.4,51.4,500,17.035697,27000,3651.55,3660.0
2022-03-17 15:28:00,51.4,52.0,51.4,52.0,250,16.395212,26750,3656.1,3660.0
2022-03-17 15:29:00,52.0,54.2,52.0,54.2,750,18.221851,26750,3650.45,3660.0
2022-03-21 09:15:00,62.0,62.0,54.2,57.0,1000,20.872052,25750,3661.25,3660.0
2022-03-21 09:16:00,70.65,70.65,69.95,69.95,1250,27.254406,8500,3675.6,3680.0
2022-03-21 09:17:00,64.9,65.0,60.0,60.0,4000,20.195175,24500,3669.6,3660.0
2022-03-21 09:18:00,52.0,54.0,52.0,54.0,1000,20.238291,9750,3678.0,3680.0
2022-03-21 09:19:00,54.0,57.95,54.0,56.85,750,19.616122,9750,3686.0,3680.0
2022-03-21 09:20:00,57.95,61.1,57.0,61.1,2000,20.900303,10250,3688.0,3680.0
2022-03-21 09:21:00,69.0,69.0,66.35,66.35,1500,22.741717,22500,3669.95,3660.0
2022-03-21 09:22:00,54.0,54.0,52.05,52.05,1250,21.030202,10250,3670.55,3680.0
2022-03-21 09:23:00,52.05,56.0,52.05,56.0,250,21.704123,12250,3675.0,3680.0
2022-03-21 09:24:00,56.0,56.0,56.0,56.0,0,21.704123,12250,3686.65,3680.0
2022-03-21 09:25:00,50.0,55.0,50.0,55.0,4750,20.213246,66250,3699.45,3700.0
2022-03-21 09:26:00,54.0,56.1,54.0,55.35,9500,20.02686,71750,3700.95,3700.0
2022-03-21 09:27:00,55.35,57.0,55.35,57.0,3000,19.804388,71750,3704.95,3700.0
2022-03-21 09:28:00,57.95,60.0,57.95,60.0,15250,20.065393,71750,3709.15,3700.0
2022-03-21 09:29:00,49.9,55.05,49.9,55.05,1250,20.751036,3500,3716.5,3720.0
2022-03-21 09:30:00,62.45,62.45,57.05,57.05,9500,19.35852,72500,3707.0,3700.0
2022-03-21 09:31:00,57.05,57.45,57.05,57.45,1000,19.580359,72500,3706.75,3700.0
2022-03-21 09:32:00,57.45,57.6,55.15,56.6,6000,20.912563,71250,3699.25,3700.0
2022-03-21 09:33:00,55.85,55.85,55.0,55.0,2000,20.099488,71250,3700.0,3700.0
2022-03-21 09:34:00,56.0,56.0,56.0,56.0,2500,21.584607,71250,3695.0,3700.0
2022-03-21 09:35:00,54.7,55.0,54.7,55.0,5250,20.752641,71250,3697.0,3700.0
2022-03-21 09:36:00,56.6,56.6,56.5,56.5,3000,21.005891,74500,3698.65,3700.0
2022-03-21 09:37:00,56.5,57.1,56.5,57.1,250,20.736474,74500,3701.0,3700.0
2022-03-21 09:38:00,57.5,60.0,57.5,59.35,4000,21.15347,77000,3703.25,3700.0
2022-03-21 09:39:00,59.5,61.8,59.5,61.65,10250,21.359036,77000,3706.5,3700.0
2022-03-21 09:40:00,60.0,60.7,56.45,56.45,5500,20.628799,77000,3700.3,3700.0
2022-03-21 09:41:00,57.05,57.05,56.85,56.85,1500,20.416962,77000,3702.0,3700.0
2022-03-21 09:42:00,56.0,58.85,56.0,58.15,1250,20.319799,80250,3704.8,3700.0
2022-03-21 09:43:00,58.15,58.2,58.15,58.2,500,20.318406,80250,3704.9,3700.0
2022-03-21 09:44:00,58.2,58.2,58.0,58.0,2000,20.440784,80750,3704.0,3700.0
2022-03-21 09:45:00,57.5,57.5,55.0,55.0,2000,20.175239,80750,3699.7,3700.0
2022-03-21 09:46:00,55.0,55.0,54.05,54.55,2000,20.255009,80750,3698.5,3700.0
2022-03-21 09:47:00,54.0,54.45,53.45,53.45,4500,20.994159,82250,3692.95,3700.0
2022-03-21 09:48:00,62.0,62.0,62.0,62.0,2250,20.828654,11750,3690.0,3680.0
2022-03-21 09:49:00,62.0,62.45,60.0,62.45,1250,21.248405,11750,3689.0,3680.0
2022-03-21 09:50:00,62.45,62.45,62.45,62.45,0,21.248405,11750,3689.5,3680.0
2022-03-21 09:51:00,62.45,62.45,60.0,60.0,250,21.38965,12250,3684.0,3680.0
2022-03-21 09:52:00,60.0,60.0,60.0,60.0,250,21.152968,12250,3685.05,3680.0
2022-03-21 09:53:00,60.0,60.0,60.0,60.0,0,21.152968,12250,3687.35,3680.0
2022-03-21 09:54:00,60.0,60.0,60.0,60.0,750,21.951103,12750,3681.5,3680.0
2022-03-21 09:55:00,60.0,60.0,59.75,59.75,250,21.993593,12750,3680.85,3680.0
2022-03-21 09:56:00,59.75,59.75,59.75,59.75,0,21.993593,12750,3683.8,3680.0
2022-03-21 09:57:00,59.75,59.75,59.75,59.75,0,21.993593,12750,3687.7,3680.0
2022-03-21 09:58:00,59.75,59.75,59.75,59.75,0,21.993593,12750,3684.6,3680.0
2022-03-21 09:59:00,60.45,60.45,60.45,60.45,750,21.805586,13750,3683.0,3680.0
2022-03-21 10:00:00,60.45,60.45,60.45,60.45,0,21.805586,13750,3684.5,3680.0
2022-03-21 10:01:00,60.45,60.45,59.5,59.5,250,21.973981,13500,3680.5,3680.0
2022-03-21 10:02:00,58.95,58.95,56.75,56.75,750,21.64754,14000,3676.85,3680.0
2022-03-21 10:03:00,57.0,57.0,57.0,57.0,500,22.14753,14000,3675.0,3680.0
2022-03-21 10:04:00,57.0,57.0,57.0,57.0,0,22.14753,14000,3676.0,3680.0
2022-03-21 10:05:00,57.0,57.0,54.2,54.2,500,21.166246,13750,3674.25,3680.0
2022-03-21 10:06:00,54.2,54.2,54.2,54.2,0,21.166246,13750,3673.35,3680.0
2022-03-21 10:07:00,54.2,55.9,54.2,55.9,500,21.487912,13750,3676.0,3680.0
2022-03-21 10:08:00,55.9,55.9,55.9,55.9,0,21.487912,13750,3673.9,3680.0
2022-03-21 10:09:00,56.05,57.85,56.05,57.85,4750,22.253661,14500,3676.15,3680.0
2022-03-21 10:10:00,57.85,57.85,57.85,57.85,1500,22.297509,14500,3675.95,3680.0
2022-03-21 10:11:00,57.0,57.0,57.0,57.0,250,22.004965,14500,3675.7,3680.0
2022-03-21 10:12:00,57.0,57.0,57.0,57.0,750,22.410884,19750,3673.8,3680.0
2022-03-21 10:13:00,56.4,56.4,55.0,55.0,1000,21.489128,19750,3674.3,3680.0
2022-03-21 10:14:00,55.0,55.0,55.0,55.0,0,21.489128,19750,3671.45,3680.0
2022-03-21 10:15:00,54.0,55.0,54.0,55.0,500,22.092074,20500,3671.45,3680.0
2022-03-21 10:16:00,55.0,55.0,55.0,55.0,0,22.092074,20500,3670.0,3680.0
2022-03-21 10:17:00,63.0,63.0,63.0,63.0,250,21.500892,19500,3669.55,3660.0
2022-03-21 10:18:00,63.0,63.0,63.0,63.0,0,21.500892,19500,3668.9,3660.0
2022-03-21 10:19:00,62.55,62.55,62.55,62.55,500,21.5037,19500,3668.75,3660.0
2022-03-21 10:20:00,62.0,62.0,61.0,61.0,500,21.945485,19500,3664.05,3660.0
2022-03-21 10:21:00,60.05,61.2,60.05,61.2,750,22.051448,19250,3663.95,3660.0
2022-03-21 10:22:00,61.2,61.2,61.2,61.2,250,21.927648,19250,3664.5,3660.0
2022-03-21 10:23:00,61.2,61.2,61.2,61.2,250,21.654821,19250,3665.7,3660.0
2022-03-21 10:24:00,61.2,61.2,61.2,61.2,0,21.654821,19250,3666.5,3660.0
2022-03-21 10:25:00,61.2,61.2,61.2,61.2,0,21.654821,19250,3668.95,3660.0
2022-03-21 10:26:00,61.2,61.2,61.2,61.2,0,21.654821,19250,3675.0,3680.0
2022-03-21 10:27:00,61.2,61.2,61.2,61.2,0,21.654821,19250,3674.9,3680.0
2022-03-21 10:28:00,61.2,61.2,61.2,61.2,0,21.654821,19250,3673.0,3680.0
2022-03-21 10:29:00,52.85,54.05,52.85,54.05,250,21.60128,21500,3672.0,3680.0
2022-03-21 10:30:00,54.05,54.05,54.05,54.05,0,21.60128,21500,3677.0,3680.0
2022-03-21 10:31:00,58.05,59.5,58.05,59.5,2250,21.945695,21250,3680.75,3680.0
2022-03-21 10:32:00,57.9,58.0,57.9,58.0,750,21.065968,21250,3681.95,3680.0
2022-03-21 10:33:00,59.0,59.0,59.0,59.0,500,21.027739,23000,3683.95,3680.0
2022-03-21 10:34:00,59.0,60.1,59.0,60.1,500,21.128263,23000,3685.5,3680.0
2022-03-21 10:35:00,60.2,60.2,60.1,60.1,1000,21.917695,23000,3682.0,3680.0
2022-03-21 10:36:00,60.1,60.1,59.0,59.0,500,20.849059,23500,3684.75,3680.0
2022-03-21 10:37:00,59.0,59.0,59.0,59.0,0,20.849059,23500,3681.0,3680.0
2022-03-21 10:38:00,59.0,59.0,58.45,58.45,250,21.488907,23500,3680.9,3680.0
2022-03-21 10:39:00,58.45,58.65,58.45,58.65,500,21.770369,23500,3680.0,3680.0
2022-03-21 10:40:00,58.7,58.7,57.5,57.8,2500,21.904598,23500,3677.8,3680.0
2022-03-21 10:41:00,57.8,57.8,57.8,57.8,750,21.65477,23500,3678.95,3680.0
2022-03-21 10:42:00,57.8,57.8,57.8,57.8,0,21.65477,23500,3676.15,3680.0
2022-03-21 10:43:00,57.8,57.8,57.0,57.0,250,21.656084,25500,3677.45,3680.0
2022-03-21 10:44:00,57.0,57.0,57.0,57.0,500,21.330083,25500,3678.95,3680.0
2022-03-21 10:45:00,57.0,57.0,56.75,56.75,250,21.008901,26000,3679.95,3680.0
2022-03-21 10:46:00,56.75,56.75,56.75,56.75,0,21.008901,26000,3681.6,3680.0
2022-03-21 10:47:00,56.75,56.75,56.75,56.75,0,21.008901,26000,3683.3,3680.0
2022-03-21 10:48:00,56.75,60.0,56.75,59.75,3250,20.187051,26250,3689.0,3680.0
2022-03-21 10:49:00,51.6,52.0,51.6,52.0,1250,20.65704,86000,3692.0,3700.0
2022-03-21 10:50:00,52.0,52.5,52.0,52.5,750,21.266342,86000,3690.05,3700.0
2022-03-21 10:51:00,52.5,52.5,52.5,52.5,0,21.266342,86000,3690.0,3700.0
2022-03-21 10:52:00,61.85,61.85,61.85,61.85,250,21.254356,27750,3688.15,3680.0
2022-03-21 10:53:00,61.85,61.85,60.0,60.0,1000,20.551154,27750,3687.9,3680.0
2022-03-21 10:54:00,59.9,60.0,59.9,60.0,500,20.760423,28250,3687.0,3680.0
2022-03-21 10:55:00,60.0,60.0,59.6,59.6,250,21.043741,28250,3685.05,3680.0
2022-03-21 10:56:00,59.6,59.6,59.6,59.6,0,21.043741,28250,3685.0,3680.0
2022-03-21 10:57:00,59.6,59.6,59.6,59.6,0,21.043741,28250,3685.0,3680.0
2022-03-21 10:58:00,59.6,59.6,59.6,59.6,0,21.043741,28250,3686.9,3680.0
2022-03-21 10:59:00,59.6,59.6,59.6,59.6,0,21.043741,28250,3688.85,3680.0
2022-03-21 11:00:00,59.6,59.6,59.6,59.6,0,21.043741,28250,3687.65,3680.0
2022-03-21 11:01:00,59.6,59.6,59.6,59.6,0,21.043741,28250,3685.6,3680.0
2022-03-21 11:02:00,59.6,59.6,59.6,59.6,500,20.38237,28500,3687.95,3680.0
2022-03-21 11:03:00,59.6,59.6,59.6,59.6,0,20.38237,28500,3688.0,3680.0
2022-03-21 11:04:00,59.6,59.6,59.6,59.6,0,20.38237,28500,3689.45,3680.0
2022-03-21 11:05:00,51.95,53.95,51.95,53.95,3250,21.11698,87250,3693.65,3700.0
2022-03-21 11:06:00,53.95,54.0,53.95,53.95,1500,21.401769,86000,3692.3,3700.0
2022-03-21 11:07:00,53.95,53.95,52.95,53.0,500,20.785036,86000,3693.4,3700.0
2022-03-21 11:08:00,62.0,62.0,57.65,57.8,2000,20.269294,26750,3685.25,3680.0
2022-03-21 11:09:00,57.8,57.8,57.8,57.8,250,20.441263,25500,3684.5,3680.0
2022-03-21 11:10:00,57.8,57.8,57.8,57.8,250,21.005814,25500,3682.0,3680.0
2022-03-21 11:11:00,57.8,57.8,57.8,57.8,0,21.005814,25500,3682.0,3680.0
2022-03-21 11:12:00,57.8,57.8,57.8,57.8,0,21.005814,25500,3681.55,3680.0
2022-03-21 11:13:00,57.8,58.75,57.8,58.75,250,21.286325,25500,3682.5,3680.0
2022-03-21 11:14:00,58.75,58.75,58.75,58.75,0,21.286325,25500,3682.35,3680.0
2022-03-21 11:15:00,58.75,58.75,58.0,58.0,250,21.403578,25500,3680.6,3680.0
2022-03-21 11:16:00,58.0,58.0,58.0,58.0,500,21.20463,25500,3681.5,3680.0
2022-03-21 11:17:00,58.0,58.0,57.8,57.8,250,21.477982,25500,3679.9,3680.0
2022-03-21 11:18:00,57.8,57.8,57.8,57.8,0,21.477982,25500,3678.15,3680.0
2022-03-21 11:19:00,57.8,57.8,57.8,57.8,0,21.477982,25500,3677.0,3680.0
2022-03-21 11:20:00,57.8,57.8,56.0,56.0,500,21.614511,25250,3675.9,3680.0
2022-03-21 11:21:00,56.0,56.0,56.0,56.0,250,20.743696,25250,3679.9,3680.0
2022-03-21 11:22:00,56.0,56.0,56.0,56.0,0,20.743696,25250,3682.0,3680.0
2022-03-21 11:23:00,56.0,56.0,56.0,56.0,0,20.743696,25250,3685.5,3680.0
2022-03-21 11:24:00,56.0,56.0,56.0,56.0,0,20.743696,25250,3687.4,3680.0
2022-03-21 11:25:00,56.0,56.0,56.0,56.0,0,20.743696,25250,3687.0,3680.0
2022-03-21 11:26:00,56.0,56.0,56.0,56.0,0,20.743696,25250,3685.5,3680.0
2022-03-21 11:27:00,56.0,56.0,56.0,56.0,0,20.743696,25250,3683.0,3680.0
2022-03-21 11:28:00,56.0,56.0,56.0,56.0,0,20.743696,25250,3685.75,3680.0
2022-03-21 11:29:00,56.0,56.0,56.0,56.0,0,20.743696,25250,3684.9,3680.0
2022-03-21 11:30:00,56.0,56.0,56.0,56.0,0,20.743696,25250,3683.2,3680.0
2022-03-21 11:31:00,56.0,58.1,56.0,58.0,500,21.217764,25250,3681.5,3680.0
2022-03-21 11:32:00,58.0,58.0,58.0,58.0,0,21.217764,25250,3679.65,3680.0
2022-03-21 11:33:00,58.0,58.0,58.0,58.0,0,21.217764,25250,3679.75,3680.0
2022-03-21 11:34:00,58.0,58.0,56.0,56.0,250,21.073598,25750,3678.45,3680.0
2022-03-21 11:35:00,56.0,56.0,56.0,56.0,0,21.073598,25750,3679.75,3680.0
2022-03-21 11:36:00,56.0,56.0,56.0,56.0,250,20.811759,25750,3679.65,3680.0
2022-03-21 11:37:00,56.0,56.0,56.0,56.0,0,20.811759,25750,3679.45,3680.0
2022-03-21 11:38:00,56.0,56.0,56.0,56.0,0,20.811759,25750,3677.0,3680.0
2022-03-21 11:39:00,56.0,56.0,56.0,56.0,0,20.811759,25750,3683.0,3680.0
2022-03-21 11:40:00,56.0,56.0,56.0,56.0,0,20.811759,25750,3685.5,3680.0
2022-03-21 11:41:00,56.0,56.0,56.0,56.0,0,20.811759,25750,3683.6,3680.0
2022-03-21 11:42:00,56.0,56.0,56.0,56.0,0,20.811759,25750,3682.9,3680.0
2022-03-21 11:43:00,56.0,56.45,56.0,56.45,250,20.681092,25500,3681.1,3680.0
2022-03-21 11:44:00,56.45,56.45,56.45,56.45,500,20.903867,25500,3680.1,3680.0
2022-03-21 11:45:00,56.45,56.45,56.45,56.45,0,20.903867,25500,3679.95,3680.0
2022-03-21 11:46:00,56.45,56.45,56.45,56.45,0,20.903867,25500,3679.7,3680.0
2022-03-21 11:47:00,56.45,56.45,56.45,56.45,0,20.903867,25500,3679.85,3680.0
2022-03-21 11:48:00,56.45,56.45,56.45,56.45,0,20.903867,25500,3678.8,3680.0
2022-03-21 11:49:00,56.45,56.45,56.45,56.45,0,20.903867,25500,3676.0,3680.0
2022-03-21 11:50:00,56.45,56.45,55.45,55.45,250,21.177962,25500,3677.0,3680.0
2022-03-21 11:51:00,55.45,55.45,54.05,54.05,250,20.842961,25750,3675.9,3680.0
2022-03-21 11:52:00,54.05,54.05,52.75,52.75,500,21.299428,25750,3671.25,3680.0
2022-03-21 11:53:00,52.75,52.75,52.75,52.75,0,21.299428,25750,3670.6,3680.0
2022-03-21 11:54:00,52.75,52.75,52.75,52.75,250,21.101538,25500,3672.2,3680.0
2022-03-21 11:55:00,52.75,52.75,52.75,52.75,0,21.101538,25500,3671.9,3680.0
2022-03-21 11:56:00,52.75,52.75,52.75,52.75,250,20.93426,25500,3673.0,3680.0
2022-03-21 11:57:00,52.75,52.75,52.75,52.75,0,20.93426,25500,3672.55,3680.0
2022-03-21 11:58:00,52.75,52.75,52.75,52.75,0,20.93426,25500,3674.0,3680.0
2022-03-21 11:59:00,52.75,52.75,52.75,52.75,1000,20.883852,25750,3673.25,3680.0
2022-03-21 12:00:00,52.75,52.75,52.75,52.75,0,20.883852,25750,3673.25,3680.0
2022-03-21 12:01:00,52.75,52.75,52.75,52.75,0,20.883852,25750,3674.2,3680.0
2022-03-21 12:02:00,53.4,53.4,53.4,53.4,750,20.282616,26500,3677.3,3680.0
2022-03-21 12:03:00,53.4,53.4,53.4,53.4,0,20.282616,26500,3675.85,3680.0
2022-03-21 12:04:00,53.4,53.4,53.4,53.4,250,20.131537,26500,3678.0,3680.0
2022-03-21 12:05:00,53.4,53.4,53.4,53.4,0,20.131537,26500,3675.9,3680.0
2022-03-21 12:06:00,53.4,53.4,53.4,53.4,0,20.131537,26500,3676.0,3680.0
2022-03-21 12:07:00,53.4,53.8,53.4,53.8,1500,21.16155,26250,3674.0,3680.0
2022-03-21 12:08:00,53.8,53.8,53.8,53.8,0,21.16155,26250,3676.0,3680.0
2022-03-21 12:09:00,53.8,53.8,53.8,53.8,0,21.16155,26250,3674.5,3680.0
2022-03-21 12:10:00,53.8,54.1,53.8,54.1,250,21.763405,27000,3671.75,3680.0
2022-03-21 12:11:00,53.4,53.4,53.4,53.4,250,21.456369,27000,3671.85,3680.0
2022-03-21 12:12:00,53.4,53.4,53.4,53.4,0,21.456369,27000,3671.05,3680.0
2022-03-21 12:13:00,60.0,60.0,60.0,60.0,750,21.071458,18000,3666.5,3660.0
2022-03-21 12:14:00,60.0,60.0,60.0,60.0,0,21.071458,18000,3666.0,3660.0
2022-03-21 12:15:00,60.0,60.0,60.0,60.0,0,21.071458,18000,3663.7,3660.0
2022-03-21 12:16:00,60.0,60.0,60.0,60.0,0,21.071458,18000,3669.0,3660.0
2022-03-21 12:17:00,60.0,60.0,60.0,60.0,0,21.071458,18000,3666.15,3660.0
2022-03-21 12:18:00,60.0,61.0,60.0,61.0,250,21.200208,18000,3667.75,3660.0
2022-03-21 12:19:00,61.0,61.0,61.0,61.0,0,21.200208,18000,3667.05,3660.0
2022-03-21 12:20:00,61.0,61.0,61.0,61.0,250,22.212737,18000,3663.35,3660.0
2022-03-21 12:21:00,61.0,61.0,61.0,61.0,0,22.212737,18000,3663.9,3660.0
2022-03-21 12:22:00,61.0,61.0,61.0,61.0,0,22.212737,18000,3663.15,3660.0
2022-03-21 12:23:00,61.0,61.0,61.0,61.0,0,22.212737,18000,3663.05,3660.0
2022-03-21 12:24:00,61.0,61.0,61.0,61.0,0,22.212737,18000,3663.0,3660.0
2022-03-21 12:25:00,61.0,61.0,61.0,61.0,0,22.212737,18000,3664.2,3660.0
2022-03-21 12:26:00,61.0,61.0,61.0,61.0,0,22.212737,18000,3663.75,3660.0
2022-03-21 12:27:00,61.0,61.0,61.0,61.0,0,22.212737,18000,3663.45,3660.0
2022-03-21 12:28:00,61.0,61.15,61.0,61.15,750,22.698167,18000,3661.5,3660.0
2022-03-21 12:29:00,61.15,61.15,61.15,61.15,0,22.698167,18000,3663.8,3660.0
2022-03-21 12:30:00,61.15,61.15,61.0,61.0,250,22.278414,18500,3663.1,3660.0
2022-03-21 12:31:00,61.0,61.1,61.0,61.1,250,22.230209,18500,3663.5,3660.0
2022-03-21 12:32:00,61.1,61.1,61.1,61.1,0,22.230209,18500,3661.6,3660.0
2022-03-21 12:33:00,61.1,61.1,60.0,60.0,750,24.092976,18500,3652.95,3660.0
2022-03-21 12:34:00,60.0,60.0,60.0,60.0,0,24.092976,18500,3655.0,3660.0
2022-03-21 12:35:00,57.0,57.0,56.0,56.0,750,22.477179,18500,3652.8,3660.0
2022-03-21 12:36:00,56.0,56.05,56.0,56.05,250,22.551884,19500,3652.55,3660.0
2022-03-21 12:37:00,56.05,56.05,55.1,55.1,250,21.872925,19500,3653.9,3660.0
2022-03-21 12:38:00,55.1,55.1,55.1,55.1,500,21.895236,19500,3653.8,3660.0
2022-03-21 12:39:00,55.1,55.1,55.1,55.1,0,21.895236,19500,3652.5,3660.0
2022-03-21 12:40:00,55.1,55.1,55.1,55.1,0,21.895236,19500,3653.1,3660.0
2022-03-21 12:41:00,55.1,55.1,54.0,54.0,250,22.038837,20250,3651.0,3660.0
2022-03-21 12:42:00,54.0,54.0,51.85,51.85,1000,20.558034,20500,3653.8,3660.0
2022-03-21 12:43:00,51.85,51.85,51.85,51.85,0,20.558034,20500,3650.0,3660.0
2022-03-21 12:44:00,51.85,51.85,51.85,51.85,0,20.558034,20500,3649.05,3640.0
2022-03-21 12:45:00,61.6,61.6,61.6,61.6,500,21.510201,13250,3648.15,3640.0
2022-03-21 12:46:00,61.6,63.45,61.6,63.45,500,22.084245,13500,3649.0,3640.0
2022-03-21 12:47:00,63.45,63.45,63.45,63.45,0,22.084245,13500,3649.0,3640.0
2022-03-21 12:48:00,63.45,63.45,63.45,63.45,0,22.084245,13500,3646.0,3640.0
2022-03-21 12:49:00,59.95,59.95,59.95,59.95,500,21.868335,13250,3643.65,3640.0
2022-03-21 12:50:00,59.95,59.95,59.8,59.8,250,21.496926,13250,3645.0,3640.0
2022-03-21 12:51:00,59.8,59.8,59.8,59.8,250,22.385271,13250,3641.1,3640.0
2022-03-21 12:52:00,59.8,59.8,59.8,59.8,0,22.385271,13250,3644.1,3640.0
2022-03-21 12:53:00,59.8,60.8,59.8,60.8,250,22.351167,13250,3643.1,3640.0
2022-03-21 12:54:00,60.8,60.8,60.8,60.8,0,22.351167,13250,3644.9,3640.0
2022-03-21 12:55:00,60.8,60.8,60.8,60.8,0,22.351167,13250,3643.0,3640.0
2022-03-21 12:56:00,60.8,60.8,60.8,60.8,0,22.351167,13250,3647.0,3640.0
2022-03-21 12:57:00,60.8,60.8,60.8,60.8,0,22.351167,13250,3642.15,3640.0
2022-03-21 12:58:00,60.8,60.8,60.8,60.8,0,22.351167,13250,3642.65,3640.0
2022-03-21 12:59:00,60.8,60.8,60.8,60.8,0,22.351167,13250,3641.0,3640.0
2022-03-21 13:00:00,59.55,59.55,59.05,59.55,750,22.222095,13250,3641.4,3640.0
2022-03-21 13:01:00,59.55,59.55,59.55,59.55,0,22.222095,13250,3640.15,3640.0
2022-03-21 13:02:00,59.55,59.55,59.55,59.55,0,22.222095,13250,3645.0,3640.0
2022-03-21 13:03:00,59.55,59.55,59.55,59.55,0,22.222095,13250,3642.05,3640.0
2022-03-21 13:04:00,59.55,59.55,59.55,59.55,0,22.222095,13250,3645.55,3640.0
2022-03-21 13:05:00,59.55,59.55,59.55,59.55,0,22.222095,13250,3650.55,3660.0
2022-03-21 13:06:00,52.5,55.0,52.5,54.05,750,22.08197,20000,3651.0,3660.0
2022-03-21 13:07:00,54.05,54.05,54.05,54.05,250,21.913817,20000,3651.8,3660.0
2022-03-21 13:08:00,54.05,54.05,54.05,54.05,0,21.913817,20000,3648.8,3640.0
2022-03-21 13:09:00,54.05,54.05,54.05,54.05,0,21.913817,20000,3646.1,3640.0
2022-03-21 13:10:00,54.05,54.05,54.05,54.05,0,21.913817,20000,3645.85,3640.0
2022-03-21 13:11:00,63.45,63.45,62.05,62.05,1750,21.521276,13750,3649.0,3640.0
2022-03-21 13:12:00,62.05,62.05,62.05,62.05,0,21.521276,13750,3650.25,3660.0
2022-03-21 13:13:00,62.05,62.75,62.05,62.75,250,21.863313,15000,3648.8,3640.0
2022-03-21 13:14:00,62.75,62.75,62.75,62.75,0,21.863313,15000,3648.1,3640.0
2022-03-21 13:15:00,53.95,53.95,53.0,53.0,500,21.285536,20750,3652.75,3660.0
2022-03-21 13:16:00,53.0,54.35,53.0,54.35,250,22.235977,21500,3650.9,3660.0
2022-03-21 13:17:00,54.35,54.35,54.35,54.35,0,22.235977,21500,3651.45,3660.0
2022-03-21 13:18:00,54.35,54.35,54.35,54.35,0,22.235977,21500,3651.2,3660.0
2022-03-21 13:19:00,54.35,54.35,54.35,54.35,0,22.235977,21500,3651.75,3660.0
2022-03-21 13:20:00,54.35,54.35,52.75,52.75,500,21.175998,21750,3652.8,3660.0
2022-03-21 13:21:00,52.75,52.75,52.75,52.75,0,21.175998,21750,3650.0,3660.0
2022-03-21 13:22:00,52.75,52.75,52.75,52.75,0,21.175998,21750,3650.0,3660.0
2022-03-21 13:23:00,52.85,52.85,52.0,52.0,500,21.22933,21750,3651.1,3660.0
2022-03-21 13:24:00,52.0,52.0,52.0,52.0,500,20.805638,22500,3653.1,3660.0
2022-03-21 13:25:00,52.0,52.0,52.0,52.0,0,20.805638,22500,3650.0,3640.0
2022-03-21 13:26:00,52.0,52.0,52.0,52.0,0,20.805638,22500,3648.0,3640.0
2022-03-21 13:27:00,52.0,52.0,52.0,52.0,0,20.805638,22500,3647.6,3640.0
2022-03-21 13:28:00,52.0,52.0,52.0,52.0,0,20.805638,22500,3649.7,3640.0
2022-03-21 13:29:00,52.0,52.0,52.0,52.0,0,20.805638,22500,3649.05,3640.0
2022-03-21 13:30:00,52.0,52.0,52.0,52.0,0,20.805638,22500,3650.0,3640.0
2022-03-21 13:31:00,52.0,52.0,52.0,52.0,0,20.805638,22500,3649.95,3640.0
2022-03-21 13:32:00,52.0,52.0,52.0,52.0,0,20.805638,22500,3652.6,3660.0
2022-03-21 13:33:00,52.0,52.0,52.0,52.0,0,20.805638,22500,3657.1,3660.0
2022-03-21 13:34:00,52.0,52.0,52.0,52.0,0,20.805638,22500,3661.8,3660.0
2022-03-21 13:35:00,52.0,52.0,52.0,52.0,0,20.805638,22500,3662.0,3660.0
2022-03-21 13:36:00,52.0,58.0,52.0,57.95,500,21.334698,22250,3661.95,3660.0
2022-03-21 13:37:00,57.95,57.95,57.95,57.95,0,21.334698,22250,3662.0,3660.0
2022-03-21 13:38:00,57.95,57.95,56.55,56.55,1250,20.868888,22500,3661.45,3660.0
2022-03-21 13:39:00,57.0,57.0,57.0,57.0,750,20.682869,22500,3663.1,3660.0
2022-03-21 13:40:00,57.0,57.95,57.0,57.95,250,20.998219,22000,3663.45,3660.0
2022-03-21 13:41:00,57.95,57.95,57.95,57.95,250,21.203548,22000,3662.55,3660.0
2022-03-21 13:42:00,57.95,57.95,57.95,57.95,0,21.203548,22000,3659.5,3660.0
2022-03-21 13:43:00,57.95,57.95,55.9,55.9,500,21.591372,22000,3657.0,3660.0
2022-03-21 13:44:00,55.9,56.0,55.9,56.0,250,21.63363,22000,3657.0,3660.0
2022-03-21 13:45:00,56.0,56.0,56.0,56.0,0,21.63363,22000,3658.0,3660.0
2022-03-21 13:46:00,56.0,56.0,56.0,56.0,250,21.657281,21500,3656.9,3660.0
2022-03-21 13:47:00,56.0,56.0,55.95,55.95,250,21.71391,21500,3656.55,3660.0
2022-03-21 13:48:00,55.95,55.95,55.95,55.95,0,21.71391,21500,3657.6,3660.0
2022-03-21 13:49:00,55.95,55.95,55.95,55.95,0,21.71391,21500,3658.0,3660.0
2022-03-21 13:50:00,55.95,55.95,55.95,55.95,250,20.989124,22000,3659.85,3660.0
2022-03-21 13:51:00,55.95,57.5,55.95,57.5,1000,21.82066,22000,3659.0,3660.0
2022-03-21 13:52:00,57.5,57.5,57.5,57.5,0,21.82066,22000,3654.0,3660.0
2022-03-21 13:53:00,57.5,57.5,57.5,57.5,0,21.82066,22000,3655.0,3660.0
2022-03-21 13:54:00,57.5,57.5,57.5,57.5,0,21.82066,22000,3652.45,3660.0
2022-03-21 13:55:00,64.4,64.4,60.35,60.35,750,20.800364,15250,3649.2,3640.0
2022-03-21 13:56:00,60.35,60.35,60.35,60.35,0,20.800364,15250,3649.0,3640.0
2022-03-21 13:57:00,60.35,60.35,60.35,60.35,0,20.800364,15250,3648.2,3640.0
2022-03-21 13:58:00,60.35,60.35,60.35,60.35,0,20.800364,15250,3648.45,3640.0
2022-03-21 13:59:00,60.35,60.35,60.35,60.35,0,20.800364,15250,3648.25,3640.0
2022-03-21 14:00:00,60.35,60.35,60.35,60.35,0,20.800364,15250,3649.1,3640.0
2022-03-21 14:01:00,60.35,61.05,60.35,61.05,250,21.39529,16000,3647.95,3640.0
2022-03-21 14:02:00,61.05,61.05,61.05,61.05,0,21.39529,16000,3648.25,3640.0
2022-03-21 14:03:00,61.05,61.05,61.0,61.0,250,21.187065,15750,3648.75,3640.0
2022-03-21 14:04:00,61.0,61.0,61.0,61.0,0,21.187065,15750,3648.0,3640.0
2022-03-21 14:05:00,61.0,61.0,61.0,61.0,0,21.187065,15750,3647.35,3640.0
2022-03-21 14:06:00,61.0,61.0,61.0,61.0,0,21.187065,15750,3644.0,3640.0
2022-03-21 14:07:00,61.0,61.0,61.0,61.0,0,21.187065,15750,3645.75,3640.0
2022-03-21 14:08:00,61.0,61.0,61.0,61.0,1250,21.673829,15750,3646.7,3640.0
2022-03-21 14:09:00,61.0,62.75,61.0,62.75,500,21.784219,15750,3649.35,3640.0
2022-03-21 14:10:00,62.75,62.75,62.75,62.75,0,21.784219,15750,3648.05,3640.0
2022-03-21 14:11:00,62.75,62.75,62.75,62.75,0,21.784219,15750,3649.95,3640.0
2022-03-21 14:12:00,62.75,62.75,61.8,61.8,500,21.977271,15250,3646.85,3640.0
2022-03-21 14:13:00,61.8,61.8,61.8,61.8,0,21.977271,15250,3646.0,3640.0
2022-03-21 14:14:00,61.8,61.8,61.8,61.8,0,21.977271,15250,3644.1,3640.0
2022-03-21 14:15:00,61.8,61.8,61.8,61.8,0,21.977271,15250,3643.1,3640.0
2022-03-21 14:16:00,61.8,61.8,61.8,61.8,0,21.977271,15250,3642.6,3640.0
2022-03-21 14:17:00,61.8,61.8,58.5,58.55,3000,21.660415,15500,3642.35,3640.0
2022-03-21 14:18:00,58.55,58.9,58.55,58.9,250,21.487662,15500,3643.75,3640.0
2022-03-21 14:19:00,58.9,58.9,58.9,58.9,0,21.487662,15500,3643.15,3640.0
2022-03-21 14:20:00,58.9,58.9,58.25,58.25,500,22.291511,16000,3639.0,3640.0
2022-03-21 14:21:00,58.25,58.25,58.25,58.25,0,22.291511,16000,3639.55,3640.0
2022-03-21 14:22:00,58.25,58.25,58.25,58.25,0,22.291511,16000,3638.15,3640.0
2022-03-21 14:23:00,58.25,58.25,55.2,55.2,750,22.379313,15750,3632.8,3640.0
2022-03-21 14:24:00,55.2,55.2,55.2,55.2,0,22.379313,15750,3632.2,3640.0
2022-03-21 14:25:00,55.2,55.2,55.2,55.2,0,22.379313,15750,3630.0,3640.0
2022-03-21 14:26:00,55.2,55.2,55.2,55.2,0,22.379313,15750,3630.0,3640.0
2022-03-21 14:27:00,55.2,55.2,55.2,55.2,0,22.379313,15750,3626.65,3620.0
2022-03-21 14:28:00,55.2,55.2,55.2,55.2,0,22.379313,15750,3627.1,3620.0
2022-03-21 14:29:00,55.2,55.2,55.2,55.2,0,22.379313,15750,3623.4,3620.0
2022-03-21 14:30:00,55.2,55.2,55.2,55.2,0,22.379313,15750,3623.3,3620.0
2022-03-21 14:31:00,55.2,55.2,55.2,55.2,0,22.379313,15750,3616.0,3620.0
2022-03-21 14:32:00,55.2,55.2,55.2,55.2,0,22.379313,15750,3615.0,3620.0
2022-03-21 14:33:00,55.2,55.2,55.2,55.2,0,22.379313,15750,3613.8,3620.0
2022-03-21 14:34:00,55.2,55.2,55.2,55.2,0,22.379313,15750,3617.45,3620.0
2022-03-21 14:35:00,55.2,55.2,55.2,55.2,0,22.379313,15750,3617.0,3620.0
2022-03-21 14:36:00,55.2,55.2,55.2,55.2,0,22.379313,15750,3612.95,3620.0
2022-03-21 14:37:00,68.0,68.0,67.7,67.7,1250,24.022348,67250,3610.0,3600.0
2022-03-21 14:38:00,67.7,67.7,66.75,66.75,250,24.236839,67250,3607.4,3600.0
2022-03-21 14:39:00,66.75,66.75,66.75,66.75,0,24.236839,67250,3610.65,3620.0
2022-03-21 14:40:00,67.05,67.05,66.45,66.45,250,25.417776,66500,3601.75,3600.0
2022-03-21 14:41:00,66.45,66.45,63.15,63.15,250,24.163301,66500,3601.15,3600.0
2022-03-21 14:42:00,63.15,63.15,62.75,62.75,1000,24.660062,66500,3598.2,3600.0
2022-03-21 14:43:00,62.75,64.4,62.75,64.4,1500,24.952589,66500,3600.0,3600.0
2022-03-21 14:44:00,64.4,64.4,64.4,64.4,0,24.952589,66500,3597.0,3600.0
2022-03-21 14:45:00,64.4,64.4,64.4,64.4,0,24.952589,66500,3589.75,3580.0
2022-03-21 14:46:00,64.4,64.4,64.4,64.4,0,24.952589,66500,3590.9,3600.0
2022-03-21 14:47:00,64.4,64.4,64.4,64.4,0,24.952589,66500,3590.0,3600.0
2022-03-21 14:48:00,63.65,64.05,61.5,64.05,1750,26.130383,67250,3594.05,3600.0
2022-03-21 14:49:00,64.05,64.05,64.05,64.05,0,26.130383,67250,3593.5,3600.0
2022-03-21 14:50:00,64.05,65.7,64.05,65.0,2000,25.938746,67500,3596.75,3600.0
2022-03-21 14:51:00,64.65,64.65,64.4,64.4,2500,25.542741,67500,3597.4,3600.0
2022-03-21 14:52:00,65.0,65.0,65.0,65.0,500,25.763268,69250,3597.55,3600.0
2022-03-21 14:53:00,65.05,65.05,65.05,65.05,250,25.405533,69250,3599.25,3600.0
2022-03-21 14:54:00,65.05,67.05,65.05,67.05,250,26.069977,69250,3600.05,3600.0
2022-03-21 14:55:00,66.45,66.45,66.1,66.1,1000,25.827849,69750,3599.35,3600.0
2022-03-21 14:56:00,66.1,66.1,65.0,65.0,500,26.000359,69750,3596.5,3600.0
2022-03-21 14:57:00,65.0,65.0,64.1,64.1,250,25.400244,69750,3597.5,3600.0
2022-03-21 14:58:00,65.0,65.0,65.0,65.0,250,25.557629,70500,3598.5,3600.0
2022-03-21 14:59:00,65.0,65.85,65.0,65.85,250,26.394896,70500,3596.35,3600.0
2022-03-21 15:00:00,65.85,67.0,65.85,67.0,500,25.224719,70500,3603.7,3600.0
2022-03-21 15:01:00,67.0,68.0,66.65,66.65,1250,25.546571,71000,3601.65,3600.0
2022-03-21 15:02:00,66.5,66.5,66.3,66.3,1250,26.698122,71000,3595.85,3600.0
2022-03-21 15:03:00,66.3,66.3,61.95,62.0,750,25.402268,71000,3593.5,3600.0
2022-03-21 15:04:00,62.0,63.4,62.0,63.4,250,25.034335,72750,3597.85,3600.0
2022-03-21 15:05:00,63.4,63.85,63.4,63.85,250,25.569266,72750,3596.3,3600.0
2022-03-21 15:06:00,63.85,63.85,63.85,63.85,250,25.702775,72750,3595.7,3600.0
2022-03-21 15:07:00,64.3,65.0,64.3,65.0,2000,25.611641,73250,3598.3,3600.0
2022-03-21 15:08:00,65.45,65.45,65.0,65.0,750,26.343639,73250,3595.0,3600.0
2022-03-21 15:09:00,65.0,65.0,62.0,62.0,250,25.332036,73250,3593.85,3600.0
2022-03-21 15:10:00,60.9,60.9,56.45,59.75,4250,25.195874,75000,3590.1,3600.0
2022-03-21 15:11:00,59.75,59.75,59.75,59.75,0,25.195874,75000,3589.1,3580.0
2022-03-21 15:12:00,60.05,60.05,60.05,60.05,500,24.315963,75000,3594.75,3600.0
2022-03-21 15:13:00,62.5,62.5,61.2,61.2,1000,25.422737,75750,3591.9,3600.0
2022-03-21 15:14:00,61.2,61.2,61.2,61.2,0,25.422737,75750,3586.25,3580.0
2022-03-21 15:15:00,61.2,61.2,61.2,61.2,0,25.422737,75750,3582.3,3580.0
2022-03-21 15:16:00,61.2,61.2,61.2,61.2,0,25.422737,75750,3584.75,3580.0
2022-03-21 15:17:00,61.2,61.2,61.2,61.2,0,25.422737,75750,3584.75,3580.0
2022-03-21 15:18:00,61.2,61.2,61.2,61.2,0,25.422737,75750,3583.0,3580.0
2022-03-21 15:19:00,61.2,61.2,61.2,61.2,0,25.422737,75750,3584.0,3580.0
2022-03-21 15:20:00,61.2,61.2,61.2,61.2,0,25.422737,75750,3583.85,3580.0
2022-03-21 15:21:00,61.2,61.2,61.2,61.2,0,25.422737,75750,3583.45,3580.0
2022-03-21 15:22:00,61.2,61.2,61.2,61.2,0,25.422737,75750,3583.55,3580.0
2022-03-21 15:23:00,61.2,61.2,61.2,61.2,0,25.422737,75750,3585.6,3580.0
2022-03-21 15:24:00,61.2,61.2,61.2,61.2,0,25.422737,75750,3589.15,3580.0
2022-03-21 15:25:00,61.2,61.2,61.2,61.2,0,25.422737,75750,3588.25,3580.0
2022-03-21 15:26:00,61.2,61.2,61.2,61.2,0,25.422737,75750,3587.95,3580.0
2022-03-21 15:27:00,61.2,61.2,61.2,61.2,0,25.422737,75750,3584.45,3580.0
2022-03-21 15:28:00,61.2,61.2,61.2,61.2,0,25.422737,75750,3584.45,3580.0
2022-03-21 15:29:00,61.2,61.2,61.2,61.2,0,25.422737,75750,3589.05,3580.0
2022-03-22 09:20:00,64.0,66.75,64.0,66.15,1250,27.486,76750,3597.55,3600.0
2022-03-22 09:21:00,66.15,66.15,65.1,65.1,500,27.610847,76750,3595.0,3600.0
2022-03-22 09:22:00,65.1,67.8,65.1,67.8,1500,28.487433,76750,3596.35,3600.0
2022-03-22 09:23:00,67.8,68.0,67.8,68.0,250,27.965479,76750,3599.0,3600.0
2022-03-22 09:24:00,68.0,68.0,65.05,65.05,1250,27.966522,76750,3593.35,3600.0
2022-03-22 09:25:00,65.05,65.05,65.05,65.05,0,27.966522,76750,3588.25,3580.0
2022-03-22 09:26:00,65.05,65.05,65.05,65.05,0,27.966522,76750,3593.35,3600.0
2022-03-22 09:27:00,65.05,65.05,65.05,65.05,0,27.966522,76750,3593.35,3600.0
2022-03-22 09:28:00,65.05,65.05,65.05,65.05,0,27.966522,76750,3593.35,3600.0
2022-03-22 09:29:00,65.05,65.05,65.05,65.05,0,27.966522,76750,3593.35,3600.0
2022-03-22 09:30:00,65.05,65.05,65.05,65.05,0,27.966522,76750,3593.35,3600.0
2022-03-22 09:31:00,65.05,65.05,65.05,65.05,0,27.966522,76750,3574.2,3580.0
2022-03-22 09:32:00,65.05,65.05,65.05,65.05,0,27.966522,76750,3593.35,3600.0
2022-03-22 09:33:00,65.05,65.05,65.05,65.05,0,27.966522,76750,3572.35,3580.0
2022-03-22 09:34:00,65.05,65.05,65.05,65.05,0,27.966522,76750,3572.45,3580.0
2022-03-22 09:35:00,65.05,65.05,65.05,65.05,0,27.966522,76750,3573.4,3580.0
2022-03-22 09:36:00,65.05,65.05,65.05,65.05,0,27.966522,76750,3581.8,3580.0
2022-03-22 09:37:00,65.05,65.05,65.05,65.05,0,27.966522,76750,3582.0,3580.0
2022-03-22 09:38:00,65.05,65.05,65.05,65.05,0,27.966522,76750,3593.35,3600.0
2022-03-22 09:39:00,67.0,67.0,67.0,67.0,250,27.886253,7250,3578.25,3580.0
2022-03-22 09:40:00,67.0,67.0,67.0,67.0,0,27.886253,7250,3578.25,3580.0
2022-03-22 09:41:00,67.0,67.0,67.0,67.0,0,27.886253,7250,3578.25,3580.0
2022-03-22 09:42:00,67.0,67.0,67.0,67.0,0,27.886253,7250,3582.0,3580.0
2022-03-22 09:43:00,67.0,67.0,67.0,67.0,0,27.886253,7250,3578.25,3580.0
2022-03-22 09:44:00,67.0,67.0,67.0,67.0,0,27.886253,7250,3578.25,3580.0
2022-03-22 09:45:00,67.0,67.0,67.0,67.0,0,27.886253,7250,3578.25,3580.0
2022-03-22 09:46:00,67.0,67.0,67.0,67.0,0,27.886253,7250,3578.25,3580.0
2022-03-22 09:47:00,67.0,71.5,67.0,71.5,250,27.596426,7250,3587.85,3580.0
2022-03-22 09:48:00,61.2,63.45,61.2,63.45,1750,25.400538,75250,3601.55,3600.0
2022-03-22 09:49:00,66.0,70.15,66.0,70.15,5000,26.496785,75250,3609.25,3600.0
2022-03-22 09:50:00,70.15,71.3,69.55,69.55,2250,27.502901,75250,3604.0,3600.0
2022-03-22 09:51:00,69.55,69.55,69.55,69.55,250,28.213073,75250,3601.0,3600.0
2022-03-22 09:52:00,67.1,67.2,65.0,65.0,2000,28.045934,75250,3593.05,3600.0
2022-03-22 09:53:00,65.0,65.0,63.5,63.5,500,26.718237,75250,3596.0,3600.0
2022-03-22 09:54:00,63.5,63.75,63.35,63.75,750,27.194053,76000,3594.4,3600.0
2022-03-22 09:55:00,64.0,64.75,63.75,63.75,1000,27.399229,76000,3593.5,3600.0
2022-03-22 09:56:00,63.75,64.0,63.75,64.0,500,26.596323,76000,3597.5,3600.0
2022-03-22 09:57:00,64.0,68.2,64.0,68.2,1250,26.917523,75250,3604.0,3600.0
2022-03-22 09:58:00,68.2,68.2,68.2,68.2,500,27.769097,75250,3600.4,3600.0
2022-03-22 09:59:00,68.0,68.0,68.0,68.0,250,27.176478,75250,3602.55,3600.0
2022-03-22 10:00:00,68.6,70.0,68.6,70.0,1000,26.822165,75250,3607.7,3600.0
2022-03-22 10:01:00,60.05,62.5,60.05,62.5,500,27.412196,8750,3610.3,3620.0
2022-03-22 10:02:00,62.5,62.5,62.5,62.5,0,27.412196,8750,3610.3,3620.0
2022-03-22 10:03:00,71.5,71.5,71.5,71.5,1000,27.120832,75750,3609.2,3600.0
2022-03-22 10:04:00,71.5,71.5,71.0,71.0,1250,28.07397,75750,3604.35,3600.0
2022-03-22 10:05:00,70.0,70.0,69.0,69.0,1250,27.457311,75250,3603.25,3600.0
2022-03-22 10:06:00,69.0,69.0,69.0,69.0,0,27.457311,75250,3602.2,3600.0
2022-03-22 10:07:00,69.0,70.0,69.0,70.0,1250,28.124361,75250,3602.3,3600.0
2022-03-22 10:08:00,70.0,70.0,70.0,70.0,750,28.125575,75250,3602.3,3600.0
2022-03-22 10:09:00,70.0,70.0,66.3,66.3,2250,28.285971,75500,3594.6,3600.0
2022-03-22 10:10:00,65.0,65.3,65.0,65.3,1250,27.425226,75500,3596.45,3600.0
2022-03-22 10:11:00,65.3,65.3,65.0,65.0,750,28.0914,75500,3592.95,3600.0
2022-03-22 10:12:00,65.0,65.6,65.0,65.6,500,28.254435,76250,3593.4,3600.0
2022-03-22 10:13:00,65.0,65.0,64.0,64.0,1000,28.293587,76250,3590.1,3600.0
2022-03-22 10:14:00,64.0,65.0,64.0,65.0,250,28.700749,76250,3590.25,3600.0
2022-03-22 10:15:00,63.1,63.1,62.1,62.1,1000,27.260388,75750,3591.0,3600.0
2022-03-22 10:16:00,62.1,65.0,62.1,65.0,250,27.666531,75750,3594.85,3600.0
2022-03-22 10:17:00,65.0,66.95,65.0,66.95,250,27.835825,75750,3597.85,3600.0
2022-03-22 10:18:00,66.95,70.0,66.95,70.0,500,27.495341,75750,3605.0,3600.0
2022-03-22 10:19:00,70.0,70.0,70.0,70.0,1500,27.902102,75750,3603.3,3600.0
2022-03-22 10:20:00,70.0,70.0,70.0,70.0,1750,28.434493,75750,3601.05,3600.0
2022-03-22 10:21:00,70.0,70.0,70.0,70.0,0,28.434493,75750,3601.05,3600.0
2022-03-22 10:22:00,70.0,70.0,70.0,70.0,0,28.434493,75750,3601.05,3600.0
2022-03-22 10:23:00,70.0,70.0,69.95,69.95,500,28.19264,76750,3602.0,3600.0
2022-03-22 10:24:00,70.0,70.0,70.0,70.0,750,28.615121,76750,3600.3,3600.0
2022-03-22 10:25:00,70.0,71.25,70.0,70.5,1500,27.998605,76750,3603.85,3600.0
2022-03-22 10:26:00,70.5,70.5,70.45,70.45,250,28.838816,76750,3600.2,3600.0
2022-03-22 10:27:00,68.7,69.95,68.7,69.95,750,28.150305,76000,3602.2,3600.0
2022-03-22 10:28:00,68.75,72.0,68.75,72.0,1250,27.505719,76000,3608.65,3600.0
2022-03-22 10:29:00,72.0,72.0,71.25,71.25,1250,27.285804,75750,3608.2,3600.0
2022-03-22 10:30:00,71.25,73.35,71.25,72.45,1500,28.059218,75750,3607.2,3600.0
2022-03-22 10:31:00,72.45,72.45,72.45,72.45,0,28.059218,75750,3607.2,3600.0
2022-03-22 10:32:00,72.0,72.0,69.3,69.3,750,27.299567,75750,3604.6,3600.0
2022-03-22 10:33:00,69.3,69.35,69.3,69.35,500,27.430376,76000,3604.15,3600.0
2022-03-22 10:34:00,69.35,70.7,69.35,70.7,250,28.10949,76000,3603.8,3600.0
2022-03-22 10:35:00,70.55,70.55,70.25,70.25,1000,28.492385,76250,3601.35,3600.0
2022-03-22 10:36:00,69.0,69.0,69.0,69.0,250,28.260236,76250,3600.0,3600.0
2022-03-22 10:37:00,69.0,69.0,69.0,69.0,1500,28.980395,76250,3596.9,3600.0
2022-03-22 10:38:00,69.0,69.0,69.0,69.0,0,28.980395,76250,3596.9,3600.0
2022-03-22 10:39:00,69.0,69.0,66.2,66.2,750,27.797838,76500,3596.7,3600.0
2022-03-22 10:40:00,66.9,66.9,66.9,66.9,1000,27.910862,76500,3597.55,3600.0
2022-03-22 10:41:00,66.9,67.0,66.2,67.0,1000,27.87511,77000,3597.9,3600.0
2022-03-22 10:42:00,67.0,68.45,67.0,68.45,250,28.513987,77000,3597.9,3600.0
2022-03-22 10:43:00,68.45,68.45,67.6,67.6,500,28.498721,77000,3596.35,3600.0
2022-03-22 10:44:00,67.6,67.6,67.0,67.0,500,28.704656,77000,3594.3,3600.0
2022-03-22 10:45:00,66.0,66.0,64.0,64.0,3000,28.041709,77250,3591.4,3600.0
2022-03-22 10:46:00,65.7,65.7,65.7,65.7,750,28.305747,77250,3593.55,3600.0
2022-03-22 10:47:00,65.7,66.15,65.7,66.15,250,28.640673,77250,3592.95,3600.0
2022-03-22 10:48:00,66.15,66.15,66.1,66.1,500,28.834187,77500,3592.0,3600.0
2022-03-22 10:49:00,65.0,65.0,65.0,65.0,750,27.876711,77500,3594.1,3600.0
2022-03-22 10:50:00,65.0,65.5,65.0,65.5,750,28.347169,77500,3593.0,3600.0
2022-03-22 10:51:00,65.5,66.1,65.5,66.1,250,28.203562,76000,3594.8,3600.0
2022-03-22 10:52:00,66.1,66.1,66.1,66.1,0,28.203562,76000,3594.8,3600.0
2022-03-22 10:53:00,66.1,66.1,66.1,66.1,0,28.203562,76000,3594.8,3600.0
2022-03-22 10:54:00,66.1,66.1,66.1,66.1,0,28.203562,76000,3592.65,3600.0
2022-03-22 10:55:00,66.1,66.1,66.1,66.1,0,28.203562,76000,3594.8,3600.0
2022-03-22 10:56:00,66.1,66.1,66.1,66.1,0,28.203562,76000,3595.0,3600.0
2022-03-22 10:57:00,66.95,66.95,66.95,66.95,500,28.022675,77250,3597.25,3600.0
2022-03-22 10:58:00,66.95,66.95,66.95,66.95,0,28.022675,77250,3597.25,3600.0
2022-03-22 10:59:00,66.95,67.55,66.95,67.55,500,27.999716,77000,3598.5,3600.0
2022-03-22 11:00:00,67.55,67.75,66.65,66.65,500,27.60482,77000,3598.5,3600.0
2022-03-22 11:01:00,69.0,69.0,65.0,65.0,2000,28.21968,77000,3592.65,3600.0
2022-03-22 11:02:00,65.0,65.0,63.7,63.7,1250,27.840355,77000,3591.8,3600.0
2022-03-22 11:03:00,63.7,63.7,63.5,63.5,1000,27.708547,77000,3592.0,3600.0
2022-03-22 11:04:00,63.5,63.5,62.0,62.0,1000,27.475169,77000,3590.1,3600.0
2022-03-22 11:05:00,62.0,62.0,62.0,62.0,0,27.475169,77000,3590.1,3600.0
2022-03-22 11:06:00,62.0,62.0,62.0,62.0,0,27.475169,77000,3590.1,3600.0
2022-03-22 11:07:00,62.0,62.0,62.0,62.0,0,27.475169,77000,3591.5,3600.0
2022-03-22 11:08:00,62.0,62.85,62.0,62.85,500,27.64176,77250,3591.05,3600.0
2022-03-22 11:09:00,62.85,62.85,62.85,62.85,250,26.829274,77250,3594.65,3600.0
2022-03-22 11:10:00,63.15,63.15,63.15,63.15,1000,26.905435,77250,3594.9,3600.0
2022-03-22 11:11:00,63.15,63.15,62.0,62.0,2250,27.114038,77250,3591.75,3600.0
2022-03-22 11:12:00,62.0,62.0,62.0,62.0,0,27.114038,77250,3591.75,3600.0
2022-03-22 11:13:00,59.85,60.35,59.85,60.35,750,26.423674,77000,3591.6,3600.0
2022-03-22 11:14:00,60.35,60.35,60.35,60.35,0,26.423674,77000,3591.6,3600.0
2022-03-22 11:15:00,60.35,60.75,60.35,60.75,750,26.73664,77500,3591.0,3600.0
2022-03-22 11:16:00,60.75,60.75,60.55,60.55,250,26.660927,77500,3590.95,3600.0
2022-03-22 11:17:00,60.55,60.55,60.55,60.55,0,26.660927,77500,3590.95,3600.0
2022-03-22 11:18:00,60.55,62.45,60.55,62.45,250,26.354631,76750,3596.0,3600.0
2022-03-22 11:19:00,63.0,63.0,63.0,63.0,500,26.952577,76750,3594.45,3600.0
2022-03-22 11:20:00,63.0,63.0,63.0,63.0,0,26.952577,76750,3593.2,3600.0
2022-03-22 11:21:00,63.55,63.55,63.05,63.05,750,27.531926,76750,3592.0,3600.0
2022-03-22 11:22:00,63.05,63.05,62.2,62.2,2750,27.113734,76750,3592.2,3600.0
2022-03-22 11:23:00,62.2,62.2,62.2,62.2,0,27.113734,76750,3592.2,3600.0
2022-03-22 11:24:00,62.2,62.2,62.2,62.2,0,27.113734,76750,3592.2,3600.0
2022-03-22 11:25:00,62.2,62.2,62.2,62.2,0,27.113734,76750,3588.95,3580.0
2022-03-22 11:26:00,62.2,62.2,62.2,62.2,0,27.113734,76750,3592.2,3600.0
2022-03-22 11:27:00,62.2,62.2,62.2,62.2,0,27.113734,76750,3592.2,3600.0
2022-03-22 11:28:00,62.2,62.2,62.2,62.2,0,27.113734,76750,3592.2,3600.0
2022-03-22 11:29:00,62.2,62.2,62.2,62.2,0,27.113734,76750,3592.2,3600.0
2022-03-22 11:30:00,62.2,62.2,62.2,62.2,0,27.113734,76750,3592.2,3600.0
2022-03-22 11:31:00,62.2,62.2,62.2,62.2,0,27.113734,76750,3592.2,3600.0
2022-03-22 11:32:00,62.2,62.2,62.2,62.2,0,27.113734,76750,3592.2,3600.0
2022-03-22 11:33:00,62.2,62.2,62.2,62.2,0,27.113734,76750,3592.2,3600.0
2022-03-22 11:34:00,62.2,62.2,62.2,62.2,0,27.113734,76750,3592.2,3600.0
2022-03-22 11:35:00,62.2,62.2,62.2,62.2,0,27.113734,76750,3592.2,3600.0
2022-03-22 11:36:00,62.2,62.2,62.2,62.2,0,27.113734,76750,3592.2,3600.0
2022-03-22 11:37:00,62.2,62.2,62.2,62.2,0,27.113734,76750,3592.2,3600.0
2022-03-22 11:38:00,62.2,62.2,62.2,62.2,0,27.113734,76750,3592.2,3600.0
2022-03-22 11:39:00,62.2,62.2,62.2,62.2,0,27.113734,76750,3592.2,3600.0
2022-03-22 11:40:00,62.2,62.2,62.2,62.2,0,27.113734,76750,3592.2,3600.0
2022-03-22 11:41:00,62.2,62.2,62.2,62.2,0,27.113734,76750,3592.2,3600.0
2022-03-22 11:42:00,62.2,62.2,62.2,62.2,0,27.113734,76750,3592.2,3600.0
2022-03-22 11:43:00,62.2,62.2,62.2,62.2,0,27.113734,76750,3592.2,3600.0
2022-03-22 11:44:00,57.45,58.1,57.45,58.1,250,25.669347,76750,3590.7,3600.0
2022-03-22 11:45:00,58.1,58.1,58.1,58.1,0,25.669347,76750,3590.7,3600.0
2022-03-22 11:46:00,58.1,58.1,58.1,58.1,0,25.669347,76750,3590.7,3600.0
2022-03-22 11:47:00,58.1,58.1,58.1,58.1,0,25.669347,76750,3590.7,3600.0
2022-03-22 11:48:00,58.1,58.1,58.1,58.1,0,25.669347,76750,3590.7,3600.0
2022-03-22 11:49:00,58.1,58.1,58.1,58.1,0,25.669347,76750,3590.7,3600.0
2022-03-22 11:50:00,58.1,58.1,58.1,58.1,0,25.669347,76750,3590.7,3600.0
2022-03-22 11:51:00,58.1,58.1,58.1,58.1,0,25.669347,76750,3590.7,3600.0
2022-03-22 11:52:00,58.1,58.1,58.1,58.1,0,25.669347,76750,3590.7,3600.0
2022-03-22 11:53:00,69.1,69.1,69.1,69.1,250,28.850827,7500,3578.8,3580.0
2022-03-22 11:54:00,69.1,69.1,65.35,65.35,250,28.117348,7500,3574.8,3580.0
2022-03-22 11:55:00,65.35,65.35,65.35,65.35,0,28.117348,7500,3574.8,3580.0
2022-03-22 11:56:00,65.35,65.35,65.35,65.35,0,28.117348,7500,3575.0,3580.0
2022-03-22 11:57:00,65.35,65.35,65.35,65.35,0,28.117348,7500,3574.8,3580.0
2022-03-22 11:58:00,65.35,65.35,65.35,65.35,0,28.117348,7500,3574.8,3580.0
2022-03-22 11:59:00,65.35,65.35,65.35,65.35,0,28.117348,7500,3567.3,3560.0
2022-03-22 12:00:00,65.35,65.35,65.35,65.35,0,28.117348,7500,3574.8,3580.0
2022-03-22 12:01:00,65.35,65.35,65.35,65.35,0,28.117348,7500,3574.8,3580.0
2022-03-22 12:02:00,65.35,65.35,65.35,65.35,0,28.117348,7500,3574.8,3580.0
2022-03-22 12:03:00,65.35,65.35,65.35,65.35,0,28.117348,7500,3574.8,3580.0
2022-03-22 12:04:00,65.35,65.35,65.35,65.35,0,28.117348,7500,3574.8,3580.0
2022-03-22 12:05:00,65.35,65.35,65.35,65.35,0,28.117348,7500,3574.8,3580.0
2022-03-22 12:06:00,65.35,65.35,65.35,65.35,0,28.117348,7500,3574.8,3580.0
2022-03-22 12:07:00,65.35,65.35,65.35,65.35,0,28.117348,7500,3574.8,3580.0
2022-03-22 12:08:00,65.35,65.35,65.35,65.35,0,28.117348,7500,3574.8,3580.0
2022-03-22 12:09:00,65.35,65.35,65.35,65.35,0,28.117348,7500,3574.8,3580.0
2022-03-22 12:10:00,65.35,65.35,65.35,65.35,0,28.117348,7500,3574.8,3580.0
2022-03-22 12:11:00,65.35,65.35,65.35,65.35,0,28.117348,7500,3578.3,3580.0
2022-03-22 12:12:00,65.35,65.35,65.35,65.35,0,28.117348,7500,3576.25,3580.0
2022-03-22 12:13:00,65.35,65.35,65.35,65.35,0,28.117348,7500,3574.8,3580.0
2022-03-22 12:14:00,65.35,65.35,65.35,65.35,0,28.117348,7500,3574.8,3580.0
2022-03-22 12:15:00,65.35,65.35,65.35,65.35,0,28.117348,7500,3574.8,3580.0
2022-03-22 12:16:00,65.35,65.35,65.35,65.35,0,28.117348,7500,3574.8,3580.0
2022-03-22 12:17:00,65.35,65.35,65.35,65.35,0,28.117348,7500,3574.8,3580.0
2022-03-22 12:18:00,65.35,65.35,65.35,65.35,0,28.117348,7500,3577.0,3580.0
2022-03-22 12:19:00,65.35,65.35,65.35,65.35,0,28.117348,7500,3574.8,3580.0
2022-03-22 12:20:00,65.35,65.35,65.35,65.35,0,28.117348,7500,3574.8,3580.0
2022-03-22 12:21:00,65.35,65.35,65.35,65.35,0,28.117348,7500,3574.8,3580.0
2022-03-22 12:22:00,65.35,65.35,65.35,65.35,0,28.117348,7500,3574.8,3580.0
2022-03-22 12:23:00,65.35,65.35,65.35,65.35,0,28.117348,7500,3574.8,3580.0
2022-03-22 12:24:00,65.35,65.35,65.35,65.35,0,28.117348,7500,3574.8,3580.0
2022-03-22 12:25:00,65.35,65.35,65.35,65.35,0,28.117348,7500,3572.15,3580.0
2022-03-22 12:26:00,65.35,65.35,65.35,65.35,0,28.117348,7500,3574.8,3580.0
2022-03-22 12:27:00,65.35,65.35,65.35,65.35,0,28.117348,7500,3574.8,3580.0
2022-03-22 12:28:00,65.35,65.35,65.35,65.35,0,28.117348,7500,3574.8,3580.0
2022-03-22 12:29:00,65.35,65.35,65.35,65.35,0,28.117348,7500,3574.8,3580.0
2022-03-22 12:30:00,65.35,65.35,65.35,65.35,0,28.117348,7500,3574.8,3580.0
2022-03-22 12:31:00,72.1,72.1,72.1,72.1,250,28.293219,4000,3567.6,3560.0
2022-03-22 12:32:00,72.1,72.1,72.1,72.1,0,28.293219,4000,3568.4,3560.0
2022-03-22 12:33:00,72.1,72.1,72.1,72.1,0,28.293219,4000,3567.6,3560.0
2022-03-22 12:34:00,72.1,73.05,72.1,73.05,250,28.339245,4250,3569.15,3560.0
2022-03-22 12:35:00,73.05,73.05,73.05,73.05,0,28.339245,4250,3569.15,3560.0
2022-03-22 12:36:00,73.05,73.05,73.05,73.05,0,28.339245,4250,3569.15,3560.0
2022-03-22 12:37:00,73.05,73.05,73.05,73.05,0,28.339245,4250,3569.15,3560.0
2022-03-22 12:38:00,73.05,73.05,73.05,73.05,0,28.339245,4250,3569.15,3560.0
2022-03-22 12:39:00,73.05,73.05,73.05,73.05,0,28.339245,4250,3569.15,3560.0
2022-03-22 12:40:00,73.05,73.05,73.05,73.05,0,28.339245,4250,3577.15,3580.0
2022-03-22 12:41:00,73.05,73.05,73.05,73.05,0,28.339245,4250,3586.45,3580.0
2022-03-22 12:42:00,60.0,62.5,60.0,62.5,2000,26.772173,76250,3594.7,3600.0
2022-03-22 12:43:00,63.0,63.3,61.3,62.35,2500,26.832774,76250,3594.15,3600.0
2022-03-22 12:44:00,62.3,63.15,62.3,63.15,1250,26.136709,76250,3598.7,3600.0
2022-03-22 12:45:00,63.15,64.0,63.15,64.0,1500,26.466748,77750,3598.9,3600.0
2022-03-22 12:46:00,64.8,65.7,63.15,64.8,1500,27.563452,77750,3595.7,3600.0
2022-03-22 12:47:00,64.8,64.8,62.15,62.15,500,26.611968,77750,3594.75,3600.0
2022-03-22 12:48:00,62.15,62.15,62.15,62.15,0,26.611968,77750,3594.75,3600.0
2022-03-22 12:49:00,61.1,61.1,61.1,61.1,1500,26.412934,79000,3593.6,3600.0
2022-03-22 12:50:00,61.1,61.1,61.1,61.1,0,26.412934,79000,3593.6,3600.0
2022-03-22 12:51:00,61.1,62.0,61.1,62.0,250,26.458676,79500,3595.15,3600.0
2022-03-22 12:52:00,62.0,62.75,61.95,62.75,1500,26.974394,79500,3594.35,3600.0
2022-03-22 12:53:00,62.75,63.15,62.35,63.15,4500,26.170439,79500,3598.6,3600.0
2022-03-22 12:54:00,63.15,63.15,62.0,62.0,750,26.335772,79500,3595.7,3600.0
2022-03-22 12:55:00,62.0,62.15,61.65,61.95,1000,26.544364,78250,3594.7,3600.0
2022-03-22 12:56:00,61.95,61.95,60.7,60.7,250,26.357951,78250,3593.1,3600.0
2022-03-22 12:57:00,60.55,62.0,60.55,61.5,2000,25.968402,78750,3596.35,3600.0
2022-03-22 12:58:00,61.5,64.0,61.5,64.0,750,26.023138,78750,3600.85,3600.0
2022-03-22 12:59:00,64.0,64.0,64.0,64.0,0,26.023138,78750,3600.85,3600.0
2022-03-22 13:00:00,65.0,67.5,65.0,66.5,3000,25.726615,78250,3606.7,3600.0
2022-03-22 13:01:00,66.5,67.5,66.2,66.2,750,25.040756,78250,3608.95,3600.0
2022-03-22 13:02:00,66.15,67.55,66.15,67.55,2250,25.654216,78250,3608.9,3600.0
2022-03-22 13:03:00,66.1,67.0,66.1,67.0,2750,26.122453,78500,3606.0,3600.0
2022-03-22 13:04:00,57.0,57.0,57.0,57.0,1000,25.077691,9500,3610.9,3620.0
2022-03-22 13:05:00,60.0,60.0,60.0,60.0,500,25.824564,9500,3613.45,3620.0
2022-03-22 13:06:00,60.0,63.0,60.0,63.0,250,26.540729,9000,3616.1,3620.0
2022-03-22 13:07:00,62.95,62.95,62.95,62.95,250,25.650803,9000,3619.85,3620.0
2022-03-22 13:08:00,62.95,63.9,62.5,62.5,1500,26.219826,9000,3616.55,3620.0
2022-03-22 13:09:00,61.55,61.55,61.55,61.55,250,24.100084,9000,3623.8,3620.0
2022-03-22 13:10:00,63.5,65.0,63.5,65.0,1000,25.09201,10000,3626.0,3620.0
2022-03-22 13:11:00,65.0,65.0,65.0,65.0,250,25.646976,10000,3623.7,3620.0
2022-03-22 13:12:00,65.05,65.05,65.05,65.05,250,25.213199,10000,3625.6,3620.0
2022-03-22 13:13:00,64.45,65.0,64.45,65.0,1000,25.541494,9250,3624.15,3620.0
2022-03-22 13:14:00,65.0,67.05,65.0,67.05,500,25.758418,9250,3627.0,3620.0
2022-03-22 13:15:00,67.05,67.05,67.05,67.05,0,25.758418,9250,3627.0,3620.0
2022-03-22 13:16:00,57.75,59.2,57.75,59.2,1000,24.938081,17000,3635.2,3640.0
2022-03-22 13:17:00,60.0,60.0,60.0,60.0,750,25.808746,17000,3632.9,3640.0
2022-03-22 13:18:00,60.0,60.0,60.0,60.0,0,25.808746,17000,3632.9,3640.0
2022-03-22 13:19:00,57.6,57.6,57.0,57.0,500,24.610801,17000,3632.4,3640.0
2022-03-22 13:20:00,67.0,67.0,67.0,67.0,250,25.290136,9250,3628.85,3620.0
2022-03-22 13:21:00,67.0,68.0,66.1,68.0,500,25.61027,9000,3629.35,3620.0
2022-03-22 13:22:00,67.0,67.0,66.45,66.45,750,25.636394,9000,3626.45,3620.0
2022-03-22 13:23:00,66.45,66.45,66.45,66.45,250,25.320538,9000,3627.75,3620.0
2022-03-22 13:24:00,66.45,66.45,66.45,66.45,0,25.320538,9000,3627.75,3620.0
2022-03-22 13:25:00,66.45,66.45,66.45,66.45,0,25.320538,9000,3627.75,3620.0
2022-03-22 13:26:00,57.0,57.0,57.0,57.0,250,24.752599,17750,3631.8,3640.0
2022-03-22 13:27:00,57.0,57.0,57.0,57.0,0,24.752599,17750,3631.8,3640.0
2022-03-22 13:28:00,60.0,60.05,60.0,60.05,1750,25.323307,18000,3635.2,3640.0
2022-03-22 13:29:00,60.05,60.05,60.05,60.05,0,25.323307,18000,3635.2,3640.0
2022-03-22 13:30:00,60.05,61.4,60.05,61.4,250,24.833857,18000,3639.9,3640.0
2022-03-22 13:31:00,61.4,62.9,61.4,62.9,250,26.16282,19000,3637.0,3640.0
2022-03-22 13:32:00,62.9,62.9,60.0,60.0,250,25.780838,19000,3633.1,3640.0
2022-03-22 13:33:00,60.0,60.0,60.0,60.0,0,25.780838,19000,3637.5,3640.0
2022-03-22 13:34:00,60.0,60.0,60.0,60.0,0,25.780838,19000,3638.8,3640.0
2022-03-22 13:35:00,60.0,60.0,60.0,60.0,750,25.35473,19000,3635.0,3640.0
2022-03-22 13:36:00,60.0,60.0,60.0,60.0,0,25.35473,19000,3635.0,3640.0
2022-03-22 13:37:00,60.0,60.0,60.0,60.0,250,25.334246,19250,3635.1,3640.0
2022-03-22 13:38:00,60.0,60.0,60.0,60.0,250,24.438999,19250,3639.0,3640.0
2022-03-22 13:39:00,60.0,61.55,60.0,61.55,250,25.327569,19250,3638.1,3640.0
2022-03-22 13:40:00,61.55,61.55,59.55,59.55,500,25.083717,19250,3635.35,3640.0
2022-03-22 13:41:00,59.55,59.55,59.55,59.55,0,25.083717,19250,3635.35,3640.0
2022-03-22 13:42:00,58.25,58.25,58.25,58.25,250,24.288343,19250,3636.35,3640.0
2022-03-22 13:43:00,58.25,61.25,58.25,61.25,250,24.782506,19750,3639.9,3640.0
2022-03-22 13:44:00,61.25,61.25,61.25,61.25,0,24.782506,19750,3639.9,3640.0
2022-03-22 13:45:00,64.15,64.3,63.9,64.3,1250,25.404146,19750,3642.95,3640.0
2022-03-22 13:46:00,63.9,64.8,63.9,64.8,750,24.518347,19750,3647.55,3640.0
2022-03-22 13:47:00,64.8,64.8,61.9,61.9,1500,23.572308,19750,3646.2,3640.0
2022-03-22 13:48:00,61.9,61.9,61.9,61.9,0,23.572308,19750,3646.2,3640.0
2022-03-22 13:49:00,61.9,64.0,61.9,63.0,1250,23.997563,18500,3646.45,3640.0
2022-03-22 13:50:00,63.0,63.0,63.0,63.0,0,23.997563,18500,3646.45,3640.0
2022-03-22 13:51:00,55.3,57.0,55.3,57.0,1750,24.310043,25000,3653.25,3660.0
2022-03-22 13:52:00,57.0,57.0,57.0,57.0,0,24.310043,25000,3653.25,3660.0
2022-03-22 13:53:00,57.0,57.0,55.5,55.5,750,24.192862,25000,3650.85,3660.0
2022-03-22 13:54:00,55.25,55.5,54.75,55.5,4250,24.326373,24750,3650.25,3660.0
2022-03-22 13:55:00,55.5,55.5,55.5,55.5,0,24.326373,24750,3651.35,3660.0
2022-03-22 13:56:00,55.5,55.5,55.5,55.5,0,24.326373,24750,3645.2,3640.0
2022-03-22 13:57:00,55.5,55.5,55.5,55.5,0,24.326373,24750,3650.25,3660.0
2022-03-22 13:58:00,61.9,61.9,61.9,61.9,750,23.958698,17500,3644.65,3640.0
2022-03-22 13:59:00,61.9,61.9,61.9,61.9,0,23.958698,17500,3644.65,3640.0
2022-03-22 14:00:00,61.9,61.9,61.9,61.9,0,23.958698,17500,3644.65,3640.0
2022-03-22 14:01:00,61.9,61.9,61.9,61.9,500,23.961937,17500,3644.65,3640.0
2022-03-22 14:02:00,61.9,61.9,59.6,59.6,500,23.454798,17500,3642.55,3640.0
2022-03-22 14:03:00,59.6,59.6,59.6,59.6,0,23.454798,17500,3642.55,3640.0
2022-03-22 14:04:00,59.6,59.6,59.6,59.6,0,23.454798,17500,3642.55,3640.0
2022-03-22 14:05:00,59.6,59.6,59.6,59.6,0,23.454798,17500,3642.55,3640.0
2022-03-22 14:06:00,59.6,59.6,59.6,59.6,0,23.454798,17500,3642.55,3640.0
2022-03-22 14:07:00,59.6,59.6,59.6,59.6,250,23.732676,17750,3641.4,3640.0
2022-03-22 14:08:00,59.6,59.6,59.6,59.6,0,23.732676,17750,3641.4,3640.0
2022-03-22 14:09:00,59.6,59.6,59.6,59.6,0,23.732676,17750,3641.4,3640.0
2022-03-22 14:10:00,60.95,60.95,60.95,60.95,250,25.099377,17500,3638.1,3640.0
2022-03-22 14:11:00,60.95,60.95,56.5,56.5,750,24.493318,17500,3632.2,3640.0
2022-03-22 14:12:00,56.5,56.5,56.35,56.35,250,23.568122,17500,3636.0,3640.0
2022-03-22 14:13:00,56.35,60.1,56.35,60.1,250,24.521111,17750,3639.0,3640.0
2022-03-22 14:14:00,60.1,60.1,60.1,60.1,0,24.521111,17750,3640.65,3640.0
2022-03-22 14:15:00,60.1,60.1,60.1,60.1,0,24.521111,17750,3639.0,3640.0
2022-03-22 14:16:00,61.0,61.0,61.0,61.0,500,24.427739,18000,3641.1,3640.0
2022-03-22 14:17:00,61.0,61.1,61.0,61.1,250,24.437395,18000,3641.25,3640.0
2022-03-22 14:18:00,61.1,61.1,61.1,61.1,0,24.437395,18000,3641.25,3640.0
2022-03-22 14:19:00,61.1,61.1,61.1,61.1,0,24.437395,18000,3641.25,3640.0
2022-03-22 14:20:00,61.1,61.1,61.1,61.1,0,24.437395,18000,3641.25,3640.0
2022-03-22 14:21:00,61.1,61.1,61.1,61.1,0,24.437395,18000,3641.25,3640.0
2022-03-22 14:22:00,61.1,61.1,61.1,61.1,0,24.437395,18000,3641.25,3640.0
2022-03-22 14:23:00,61.1,61.1,61.1,61.1,0,24.437395,18000,3641.25,3640.0
2022-03-22 14:24:00,61.1,61.1,57.35,57.35,500,24.700518,17500,3633.0,3640.0
2022-03-22 14:25:00,57.35,57.35,57.35,57.35,0,24.700518,17500,3633.0,3640.0
2022-03-22 14:26:00,57.35,57.35,57.35,57.35,0,24.700518,17500,3633.0,3640.0
2022-03-22 14:27:00,61.1,62.45,61.1,62.45,500,24.864198,17250,3642.0,3640.0
2022-03-22 14:28:00,62.45,62.45,62.45,62.45,0,24.864198,17250,3642.0,3640.0
2022-03-22 14:29:00,62.45,62.45,62.45,62.45,250,24.996354,17250,3641.45,3640.0
2022-03-22 14:30:00,62.45,62.45,62.45,62.45,0,24.996354,17250,3640.0,3640.0
2022-03-22 14:31:00,62.45,62.45,62.45,62.45,0,24.996354,17250,3641.45,3640.0
2022-03-22 14:32:00,62.45,62.45,62.45,62.45,0,24.996354,17250,3641.45,3640.0
2022-03-22 14:33:00,64.1,65.65,64.05,64.05,750,25.479218,17000,3642.4,3640.0
2022-03-22 14:34:00,64.05,64.05,63.9,63.9,750,26.90386,17000,3636.0,3640.0
2022-03-22 14:35:00,63.9,63.9,61.0,61.0,500,26.291372,17000,3633.1,3640.0
2022-03-22 14:36:00,61.0,61.0,58.9,58.9,250,24.758205,17000,3635.8,3640.0
2022-03-22 14:37:00,58.9,58.9,58.9,58.9,0,24.758205,17000,3635.8,3640.0
2022-03-22 14:38:00,58.9,58.9,58.9,58.9,0,24.758205,17000,3635.8,3640.0
2022-03-22 14:39:00,62.4,62.4,62.4,62.4,750,26.740879,17500,3633.85,3640.0
2022-03-22 14:40:00,62.4,62.4,59.8,59.8,500,25.635148,17000,3633.7,3640.0
2022-03-22 14:41:00,59.8,59.8,59.8,59.8,0,25.635148,17000,3633.7,3640.0
2022-03-22 14:42:00,59.8,59.8,59.8,59.8,0,25.635148,17000,3633.7,3640.0
2022-03-22 14:43:00,59.8,59.8,59.8,59.8,0,25.635148,17000,3633.7,3640.0
2022-03-22 14:44:00,59.8,59.8,59.8,59.8,0,25.635148,17000,3633.7,3640.0
2022-03-22 14:45:00,59.8,59.8,59.8,59.8,0,25.635148,17000,3633.7,3640.0
2022-03-22 14:46:00,59.8,59.8,59.8,59.8,0,25.635148,17000,3633.7,3640.0
2022-03-22 14:47:00,62.55,62.55,62.55,62.55,500,26.062693,17000,3637.15,3640.0
2022-03-22 14:48:00,62.55,62.55,62.55,62.55,0,26.062693,17000,3637.15,3640.0
2022-03-22 14:49:00,62.05,62.05,62.05,62.05,500,25.475296,17500,3638.75,3640.0
2022-03-22 14:50:00,62.05,62.05,62.05,62.05,0,25.475296,17500,3638.75,3640.0
2022-03-22 14:51:00,62.05,62.05,62.05,62.05,250,25.824743,17500,3637.25,3640.0
2022-03-22 14:52:00,62.05,62.5,62.05,62.5,250,24.925894,17750,3641.95,3640.0
2022-03-22 14:53:00,62.95,62.95,62.95,62.95,250,25.207623,17750,3641.6,3640.0
2022-03-22 14:54:00,64.3,64.6,64.3,64.6,1000,25.614455,17750,3642.95,3640.0
2022-03-22 14:55:00,64.6,68.0,64.6,68.0,500,25.920571,17000,3647.9,3640.0
2022-03-22 14:56:00,68.0,68.0,65.75,66.05,500,24.791503,17000,3649.0,3640.0
2022-03-22 14:57:00,66.05,66.05,66.05,66.05,0,24.791503,17000,3649.0,3640.0
2022-03-22 14:58:00,66.05,66.05,66.05,66.05,0,24.791503,17000,3649.0,3640.0
2022-03-22 14:59:00,66.05,66.05,66.05,66.05,0,24.791503,17000,3649.0,3640.0
2022-03-22 15:00:00,58.5,59.25,57.55,59.25,750,25.546876,21750,3652.45,3660.0
2022-03-22 15:01:00,60.0,60.2,60.0,60.2,3750,25.581026,23000,3654.15,3660.0
2022-03-22 15:02:00,61.8,62.0,61.8,61.9,2000,25.927968,23000,3655.9,3660.0
2022-03-22 15:03:00,61.9,61.9,61.05,61.05,500,24.984506,23000,3658.4,3660.0
2022-03-22 15:04:00,61.05,61.35,60.1,61.35,1250,25.220507,22250,3657.95,3660.0
2022-03-22 15:05:00,61.35,61.9,60.95,61.55,1000,24.892331,22250,3659.75,3660.0
2022-03-22 15:06:00,61.55,61.55,61.0,61.0,500,25.058289,21250,3658.0,3660.0
2022-03-22 15:07:00,60.75,60.95,60.75,60.95,500,24.806442,21250,3659.0,3660.0
2022-03-22 15:08:00,60.95,61.8,60.95,61.8,250,25.248573,21250,3658.7,3660.0
2022-03-22 15:09:00,61.8,61.8,61.0,61.3,500,25.330798,21250,3657.4,3660.0
2022-03-22 15:10:00,60.05,61.1,60.05,61.1,1000,25.152545,20750,3657.8,3660.0
2022-03-22 15:11:00,61.05,62.45,61.05,62.0,1000,25.084167,20750,3659.8,3660.0
2022-03-22 15:12:00,61.95,61.95,61.95,61.95,250,25.514805,20750,3657.85,3660.0
2022-03-22 15:13:00,61.55,61.55,60.0,60.0,750,25.31497,21250,3655.0,3660.0
2022-03-22 15:14:00,60.0,60.0,60.0,60.0,0,25.31497,21250,3655.0,3660.0
2022-03-22 15:15:00,60.0,60.0,59.25,59.25,250,24.567736,21250,3656.85,3660.0
2022-03-22 15:16:00,59.25,59.25,59.25,59.25,0,24.567736,21250,3656.85,3660.0
2022-03-22 15:17:00,59.25,59.25,59.15,59.15,250,24.503302,21250,3656.95,3660.0
2022-03-22 15:18:00,59.15,59.75,59.15,59.75,500,24.640383,21250,3657.5,3660.0
2022-03-22 15:19:00,59.75,59.75,59.6,59.6,500,24.34522,21250,3658.5,3660.0
2022-03-22 15:20:00,59.7,59.7,59.7,59.7,250,24.064789,21250,3659.9,3660.0
2022-03-22 15:21:00,59.7,59.7,58.25,58.25,1250,24.559092,21250,3655.0,3660.0
2022-03-22 15:22:00,56.45,56.45,56.3,56.3,1250,24.069289,21000,3653.4,3660.0
2022-03-22 15:23:00,56.3,56.3,56.0,56.0,750,24.174693,21000,3652.35,3660.0
2022-03-22 15:24:00,56.0,57.95,56.0,57.95,250,24.634959,21000,3654.1,3660.0
2022-03-22 15:25:00,57.0,57.0,57.0,57.0,250,24.209484,21000,3654.15,3660.0
2022-03-22 15:26:00,57.0,58.0,57.0,58.0,250,24.64773,21000,3654.15,3660.0
2022-03-22 15:27:00,58.0,58.0,58.0,58.0,250,25.243126,21000,3651.5,3660.0
2022-03-22 15:28:00,58.0,58.0,57.5,57.5,250,25.336246,21000,3650.1,3660.0
2022-03-22 15:29:00,57.5,57.5,57.5,57.5,0,25.336246,21000,3650.1,3660.0
2022-03-23 09:16:00,64.5,64.5,64.5,64.5,250,25.237504,21000,3669.0,3660.0
2022-03-23 09:17:00,64.5,64.5,64.4,64.4,250,26.326396,21000,3664.5,3660.0
2022-03-23 09:18:00,64.4,64.4,62.15,63.25,500,25.726941,21000,3664.8,3660.0
2022-03-23 09:19:00,63.25,63.25,62.5,62.5,250,24.946171,21000,3666.55,3660.0
2022-03-23 09:20:00,62.5,62.5,59.65,59.65,750,25.239811,22000,3660.1,3660.0
2022-03-23 09:21:00,59.65,59.65,59.65,59.65,0,25.239811,22000,3658.4,3660.0
2022-03-23 09:22:00,59.65,59.65,59.65,59.65,0,25.239811,22000,3660.25,3660.0
2022-03-23 09:23:00,59.65,59.65,59.65,59.65,0,25.239811,22000,3663.5,3680.0
2022-03-23 09:24:00,59.65,59.65,59.65,59.65,1250,26.441618,21750,3655.1,3660.0
2022-03-23 09:25:00,57.05,62.4,57.05,62.4,750,24.450782,21750,3668.35,3660.0
2022-03-23 09:26:00,62.4,62.4,62.4,62.4,0,24.450782,21750,3663.35,3680.0
2022-03-23 09:27:00,62.4,62.4,62.4,62.4,250,25.881819,22750,3662.65,3660.0
2022-03-23 09:28:00,62.4,62.4,57.15,58.85,500,24.981158,22750,3659.7,3660.0
2022-03-23 09:29:00,58.85,58.85,57.55,58.85,500,26.365167,22750,3653.9,3660.0
2022-03-23 09:30:00,57.1,57.1,57.1,57.1,500,25.000618,23000,3656.3,3660.0
2022-03-23 09:31:00,57.1,57.1,57.1,57.1,0,25.000618,23000,3655.7,3640.0
2022-03-23 09:32:00,57.1,57.1,57.1,57.1,0,25.000618,23000,3655.95,3640.0
2022-03-23 09:33:00,57.1,57.1,56.85,56.85,750,24.651567,23500,3657.3,3660.0
2022-03-23 09:34:00,56.85,56.85,55.3,55.3,750,24.820712,23500,3653.6,3660.0
2022-03-23 09:35:00,53.85,54.25,53.85,54.25,500,23.29828,23500,3658.0,3660.0
2022-03-23 09:36:00,56.5,56.5,56.5,56.5,250,24.195046,23750,3658.55,3660.0
2022-03-23 09:37:00,56.5,56.5,56.5,56.5,0,24.195046,23750,3659.3,3640.0
2022-03-23 09:38:00,56.5,56.5,56.5,56.5,0,24.195046,23750,3659.15,3640.0
2022-03-23 09:39:00,56.5,56.5,56.5,56.5,0,24.195046,23750,3656.65,3640.0
2022-03-23 09:40:00,56.5,56.5,54.9,54.9,500,24.785543,24000,3653.0,3660.0
2022-03-23 09:41:00,54.65,54.65,54.65,54.65,250,24.940174,24000,3651.85,3660.0
2022-03-23 09:42:00,68.0,68.0,60.0,60.0,250,23.482405,15750,3648.45,3640.0
2022-03-23 09:43:00,60.0,60.0,60.0,60.0,0,23.482405,15750,3645.8,3640.0
2022-03-23 09:44:00,60.65,60.65,59.0,59.0,750,23.408276,15750,3646.95,3640.0
2022-03-23 09:45:00,59.0,59.0,59.0,59.0,0,23.408276,15750,3643.7,3640.0
2022-03-23 09:46:00,59.0,60.0,57.3,60.0,3500,25.115535,16250,3642.0,3640.0
2022-03-23 09:47:00,60.0,60.0,56.35,56.35,500,24.003056,16250,3639.7,3640.0
2022-03-23 09:48:00,56.35,56.35,56.35,56.35,0,24.003056,16250,3636.3,3640.0
2022-03-23 09:49:00,56.35,56.35,56.35,56.35,0,24.003056,16250,3639.0,3640.0
2022-03-23 09:50:00,56.35,56.35,56.35,56.35,0,24.003056,16250,3637.5,3640.0
2022-03-23 09:51:00,56.35,56.35,56.0,56.0,250,24.836011,18250,3635.6,3640.0
2022-03-23 09:52:00,56.2,56.2,56.0,56.0,1250,23.281655,18250,3642.0,3640.0
2022-03-23 09:53:00,56.0,56.0,56.0,56.0,500,24.742982,18000,3636.0,3640.0
2022-03-23 09:54:00,56.0,57.45,56.0,57.45,250,25.434448,18000,3635.9,3640.0
2022-03-23 09:55:00,56.0,56.0,56.0,56.0,500,24.840841,18000,3635.6,3640.0
2022-03-23 09:56:00,56.0,57.65,56.0,57.65,250,25.600388,18000,3635.6,3640.0
2022-03-23 09:57:00,57.65,57.65,57.65,57.65,0,25.600388,18000,3629.25,3640.0
2022-03-23 09:58:00,57.65,57.65,57.65,57.65,0,25.600388,18000,3628.9,3640.0
2022-03-23 09:59:00,57.65,57.65,57.65,57.65,0,25.600388,18000,3628.45,3640.0
2022-03-23 10:00:00,57.65,57.65,57.65,57.65,0,25.600388,18000,3620.0,3640.0
2022-03-23 10:01:00,57.65,57.65,57.65,57.65,0,25.600388,18000,3621.4,3640.0
2022-03-23 10:02:00,57.65,57.65,57.65,57.65,0,25.600388,18000,3619.3,3600.0
2022-03-23 10:03:00,57.65,57.65,57.65,57.65,0,25.600388,18000,3620.9,3640.0
2022-03-23 10:04:00,57.65,57.65,57.65,57.65,0,25.600388,18000,3621.0,3640.0
2022-03-23 10:05:00,57.65,57.65,57.65,57.65,0,25.600388,18000,3622.25,3640.0
2022-03-23 10:06:00,57.65,57.65,57.65,57.65,0,25.600388,18000,3613.4,3620.0
2022-03-23 10:07:00,66.5,66.7,66.5,66.7,250,26.628621,69750,3609.6,3600.0
2022-03-23 10:08:00,64.15,64.15,62.95,62.95,750,25.973387,69750,3605.35,3600.0
2022-03-23 10:09:00,62.95,62.95,62.95,62.95,0,25.973387,69750,3611.3,3600.0
2022-03-23 10:10:00,62.95,62.95,62.95,62.95,0,25.973387,69750,3611.0,3600.0
2022-03-23 10:11:00,62.9,62.95,62.9,62.95,2000,25.413103,69750,3607.55,3600.0
2022-03-23 10:12:00,62.95,62.95,62.95,62.95,0,25.413103,69750,3618.6,3600.0
2022-03-23 10:13:00,55.75,62.25,55.75,62.25,250,27.443485,6000,3617.5,3620.0
2022-03-23 10:14:00,62.25,62.25,62.25,62.25,0,27.443485,6000,3610.85,3620.0
2022-03-23 10:15:00,62.25,62.25,62.25,62.25,0,27.443485,6000,3611.4,3600.0
2022-03-23 10:16:00,62.25,62.25,62.25,62.25,0,27.443485,6000,3610.25,3600.0
2022-03-23 10:17:00,62.25,62.25,62.25,62.25,0,27.443485,6000,3611.1,3600.0
2022-03-23 10:18:00,65.95,65.95,64.9,64.9,250,26.78104,70750,3605.8,3600.0
2022-03-23 10:19:00,63.7,63.7,63.7,63.7,4000,25.837926,70750,3607.3,3600.0
2022-03-23 10:20:00,66.0,66.0,66.0,66.0,250,26.370225,70750,3609.4,3600.0
2022-03-23 10:21:00,66.0,66.0,66.0,66.0,0,26.370225,70750,3606.2,3600.0
2022-03-23 10:22:00,66.0,66.0,66.0,66.0,0,26.370225,70750,3603.0,3600.0
2022-03-23 10:23:00,66.0,66.0,64.5,64.5,500,26.817072,70750,3604.95,3600.0
2022-03-23 10:24:00,64.7,64.75,64.7,64.75,750,27.010973,71000,3604.65,3600.0
2022-03-23 10:25:00,64.8,66.1,64.8,66.1,750,27.477099,71000,3605.3,3600.0
2022-03-23 10:26:00,66.1,66.1,61.55,61.55,750,26.350648,71000,3601.35,3600.0
2022-03-23 10:27:00,61.55,61.55,61.5,61.5,250,27.385831,71000,3597.05,3600.0
2022-03-23 10:28:00,61.55,64.35,61.55,64.35,2500,27.99155,71000,3600.0,3600.0
2022-03-23 10:29:00,63.25,63.25,63.1,63.1,500,26.814616,71000,3602.4,3600.0
2022-03-23 10:30:00,63.1,63.1,60.5,60.5,750,25.841677,71000,3601.45,3600.0
2022-03-23 10:31:00,60.5,60.5,60.5,60.5,0,25.841677,71000,3610.05,3600.0
2022-03-23 10:32:00,60.5,60.5,60.5,60.5,0,25.841677,71000,3611.95,3600.0
2022-03-23 10:33:00,67.55,68.0,66.9,66.9,1000,26.651662,71000,3610.0,3600.0
2022-03-23 10:34:00,66.9,67.25,66.9,67.25,250,27.193436,71000,3608.55,3600.0
2022-03-23 10:35:00,67.0,67.0,67.0,67.0,750,28.238833,71000,3604.0,3600.0
2022-03-23 10:36:00,67.0,67.0,67.0,67.0,0,28.238833,71000,3608.6,3600.0
2022-03-23 10:37:00,67.0,67.0,63.75,63.75,750,26.952547,71000,3603.1,3600.0
2022-03-23 10:38:00,63.75,64.0,61.95,61.95,1750,27.18255,71250,3598.8,3600.0
2022-03-23 10:39:00,61.0,63.85,61.0,63.85,2250,27.773487,71250,3600.0,3600.0
2022-03-23 10:40:00,63.85,63.85,63.85,63.85,0,27.773487,71250,3599.4,3600.0
2022-03-23 10:41:00,63.85,63.85,61.45,61.45,500,26.904511,71250,3599.0,3600.0
2022-03-23 10:42:00,61.45,61.45,61.15,61.15,250,26.51965,72000,3600.0,3600.0
2022-03-23 10:43:00,61.15,62.05,61.15,62.05,750,26.940256,72000,3600.0,3600.0
2022-03-23 10:44:00,62.05,62.2,62.05,62.2,1750,27.011449,72000,3600.0,3600.0
2022-03-23 10:45:00,62.2,62.2,62.2,62.2,0,27.011449,72000,3604.1,3600.0
2022-03-23 10:46:00,62.2,62.2,62.2,62.2,0,27.011449,72000,3607.0,3600.0
2022-03-23 10:47:00,62.2,62.2,62.2,62.2,0,27.011449,72000,3606.7,3600.0
2022-03-23 10:48:00,62.2,62.2,62.2,62.2,0,27.011449,72000,3605.0,3600.0
2022-03-23 10:49:00,63.0,63.0,63.0,63.0,250,26.768966,74500,3602.5,3600.0
2022-03-23 10:50:00,63.0,63.0,63.0,63.0,0,26.768966,74500,3609.2,3600.0
2022-03-23 10:51:00,64.8,64.8,64.8,64.8,250,26.004603,74500,3608.8,3600.0
2022-03-23 10:52:00,64.8,64.8,64.8,64.8,0,26.004603,74500,3610.15,3600.0
2022-03-23 10:53:00,64.8,66.0,64.8,66.0,250,26.334523,74750,3609.7,3600.0
2022-03-23 10:54:00,66.0,66.0,65.95,65.95,500,26.351552,74750,3609.55,3600.0
2022-03-23 10:55:00,59.4,59.4,59.4,59.4,250,27.387083,7000,3612.45,3620.0
2022-03-23 10:56:00,59.4,59.4,59.4,59.4,0,27.387083,7000,3614.4,3600.0
2022-03-23 10:57:00,59.4,59.4,59.4,59.4,0,27.387083,7000,3616.7,3600.0
2022-03-23 10:58:00,59.4,59.4,59.4,59.4,0,27.387083,7000,3628.6,3640.0
2022-03-23 10:59:00,54.0,56.6,54.0,56.6,1500,25.599127,20250,3633.9,3640.0
2022-03-23 11:00:00,56.6,58.6,56.6,57.65,1250,26.296728,20000,3633.0,3640.0
2022-03-23 11:01:00,57.65,57.65,55.8,55.8,500,26.099781,20000,3630.2,3640.0
2022-03-23 11:02:00,55.8,57.65,55.8,57.65,250,25.932653,20000,3634.55,3640.0
2022-03-23 11:03:00,57.65,57.65,56.35,56.35,500,25.830702,20750,3632.45,3640.0
2022-03-23 11:04:00,64.95,64.95,64.95,64.95,250,26.168231,6000,3627.9,3620.0
2022-03-23 11:05:00,64.95,64.95,64.95,64.95,0,26.168231,6000,3629.95,3640.0
2022-03-23 11:06:00,64.95,64.95,64.95,64.95,0,26.168231,6000,3626.2,3640.0
2022-03-23 11:07:00,64.95,65.0,64.95,65.0,250,26.336601,6250,3627.35,3620.0
2022-03-23 11:08:00,65.0,65.0,65.0,65.0,0,26.336601,6250,3627.4,3640.0
2022-03-23 11:09:00,65.0,65.0,65.0,65.0,250,26.937272,6500,3625.0,3620.0
2022-03-23 11:10:00,65.0,65.0,61.95,61.95,750,26.497821,6500,3621.1,3620.0
2022-03-23 11:11:00,61.95,61.95,61.95,61.95,0,26.497821,6500,3615.1,3600.0
2022-03-23 11:12:00,61.95,61.95,61.95,61.95,0,26.497821,6500,3617.6,3600.0
2022-03-23 11:13:00,59.45,59.45,59.45,59.45,500,25.042691,7000,3622.3,3620.0
2022-03-23 11:14:00,59.45,59.45,59.45,59.45,0,25.042691,7000,3622.45,3640.0
2022-03-23 11:15:00,59.45,59.45,59.45,59.45,0,25.042691,7000,3623.3,3640.0
2022-03-23 11:16:00,59.45,59.45,59.45,59.45,0,25.042691,7000,3625.8,3640.0
2022-03-23 11:17:00,59.45,59.45,59.45,59.45,0,25.042691,7000,3628.6,3640.0
2022-03-23 11:18:00,59.45,59.45,59.45,59.45,0,25.042691,7000,3627.9,3640.0
2022-03-23 11:19:00,59.45,59.45,59.45,59.45,0,25.042691,7000,3630.0,3640.0
2022-03-23 11:20:00,55.0,59.0,55.0,59.0,500,25.519342,21500,3638.95,3640.0
2022-03-23 11:21:00,59.0,59.0,59.0,59.0,0,25.519342,21500,3639.7,3640.0
2022-03-23 11:22:00,59.95,59.95,58.85,59.0,2000,25.509653,21250,3639.0,3640.0
2022-03-23 11:23:00,59.0,59.0,59.0,59.0,0,25.509653,21250,3638.0,3640.0
2022-03-23 11:24:00,59.0,59.0,59.0,59.0,0,25.509653,21250,3636.15,3640.0
2022-03-23 11:25:00,59.0,59.0,59.0,59.0,0,25.509653,21250,3637.0,3640.0
2022-03-23 11:26:00,59.0,59.0,59.0,59.0,0,25.509653,21250,3638.25,3640.0
2022-03-23 11:27:00,59.0,59.35,59.0,59.35,500,25.640872,22250,3639.15,3640.0
2022-03-23 11:28:00,59.35,61.2,59.35,61.2,1000,26.32513,22250,3639.85,3640.0
2022-03-23 11:29:00,61.2,61.2,60.1,60.1,250,25.806297,22250,3639.9,3640.0
2022-03-23 11:30:00,60.1,60.1,60.1,60.1,0,25.806297,22250,3642.55,3640.0
2022-03-23 11:31:00,60.1,60.1,60.1,60.1,250,26.645631,23500,3636.45,3640.0
2022-03-23 11:32:00,60.1,60.1,60.1,60.1,0,26.645631,23500,3632.6,3640.0
2022-03-23 11:33:00,60.1,60.1,60.1,60.1,0,26.645631,23500,3631.7,3640.0
2022-03-23 11:34:00,60.1,60.1,60.1,60.1,0,26.645631,23500,3639.15,3640.0
2022-03-23 11:35:00,60.1,60.1,60.1,60.1,0,26.645631,23500,3633.45,3640.0
2022-03-23 11:36:00,60.1,60.1,60.1,60.1,0,26.645631,23500,3630.9,3640.0
2022-03-23 11:37:00,60.1,60.1,60.1,60.1,0,26.645631,23500,3633.0,3640.0
2022-03-23 11:38:00,60.1,60.1,60.1,60.1,0,26.645631,23500,3633.9,3640.0
2022-03-23 11:39:00,60.1,60.1,60.1,60.1,0,26.645631,23500,3630.0,3640.0
2022-03-23 11:40:00,60.1,60.1,60.1,60.1,0,26.645631,23500,3628.8,3640.0
2022-03-23 11:41:00,60.1,60.1,60.1,60.1,0,26.645631,23500,3631.6,3640.0
2022-03-23 11:42:00,60.1,60.1,60.1,60.1,0,26.645631,23500,3631.45,3640.0
2022-03-23 11:43:00,60.1,60.1,60.1,60.1,0,26.645631,23500,3632.0,3640.0
2022-03-23 11:44:00,60.1,60.1,60.1,60.1,0,26.645631,23500,3630.05,3640.0
2022-03-23 11:45:00,60.1,60.1,60.1,60.1,0,26.645631,23500,3632.75,3640.0
2022-03-23 11:46:00,60.1,60.1,60.1,60.1,0,26.645631,23500,3630.0,3640.0
2022-03-23 11:47:00,60.1,60.1,60.1,60.1,0,26.645631,23500,3631.95,3640.0
2022-03-23 11:48:00,60.1,60.1,60.1,60.1,0,26.645631,23500,3632.05,3640.0
2022-03-23 11:49:00,60.1,60.1,60.1,60.1,0,26.645631,23500,3633.2,3640.0
2022-03-23 11:50:00,60.1,60.1,60.1,60.1,0,26.645631,23500,3633.0,3640.0
2022-03-23 11:51:00,60.1,60.1,60.1,60.1,0,26.645631,23500,3631.0,3640.0
2022-03-23 11:52:00,60.1,60.1,60.1,60.1,0,26.645631,23500,3628.85,3640.0
2022-03-23 11:53:00,60.1,60.1,60.1,60.1,0,26.645631,23500,3630.15,3640.0
2022-03-23 11:54:00,60.1,60.1,60.1,60.1,0,26.645631,23500,3630.15,3640.0
2022-03-23 11:55:00,60.1,60.1,60.1,60.1,0,26.645631,23500,3630.0,3640.0
2022-03-23 11:56:00,60.1,60.1,60.1,60.1,0,26.645631,23500,3630.0,3640.0
2022-03-23 11:57:00,60.1,60.1,60.1,60.1,0,26.645631,23500,3627.35,3640.0
2022-03-23 11:58:00,60.1,60.1,60.1,60.1,0,26.645631,23500,3625.6,3640.0
2022-03-23 11:59:00,60.1,60.1,60.1,60.1,0,26.645631,23500,3619.9,3600.0
2022-03-23 12:00:00,65.0,65.0,48.8,48.8,250,21.151924,6750,3618.25,3620.0
2022-03-23 12:01:00,48.8,48.8,48.8,48.8,0,21.151924,6750,3615.95,3600.0
2022-03-23 12:02:00,48.8,48.8,48.8,48.8,0,21.151924,6750,3618.0,3600.0
2022-03-23 12:03:00,48.8,48.8,48.8,48.8,0,21.151924,6750,3622.0,3640.0
2022-03-23 12:04:00,48.8,48.8,48.8,48.8,0,21.151924,6750,3620.15,3640.0
2022-03-23 12:05:00,48.8,48.8,48.8,48.8,0,21.151924,6750,3621.0,3640.0
2022-03-23 12:06:00,48.8,48.8,48.8,48.8,0,21.151924,6750,3615.0,3600.0
2022-03-23 12:07:00,48.8,48.8,48.8,48.8,0,21.151924,6750,3616.0,3620.0
2022-03-23 12:08:00,48.8,48.8,48.8,48.8,0,21.151924,6750,3620.6,3640.0
2022-03-23 12:09:00,48.8,48.8,48.8,48.8,0,21.151924,6750,3620.55,3640.0
2022-03-23 12:10:00,48.8,48.8,48.8,48.8,0,21.151924,6750,3618.45,3600.0
2022-03-23 12:11:00,48.8,48.8,48.8,48.8,0,21.151924,6750,3620.7,3640.0
2022-03-23 12:12:00,48.8,48.8,48.8,48.8,0,21.151924,6750,3625.35,3640.0
2022-03-23 12:13:00,48.8,48.8,48.8,48.8,0,21.151924,6750,3627.8,3640.0
2022-03-23 12:14:00,48.8,48.8,48.8,48.8,0,21.151924,6750,3628.5,3640.0
2022-03-23 12:15:00,48.8,48.8,48.8,48.8,0,21.151924,6750,3627.25,3640.0
2022-03-23 12:16:00,48.8,48.8,48.8,48.8,0,21.151924,6750,3626.25,3640.0
2022-03-23 12:17:00,48.8,48.8,48.8,48.8,0,21.151924,6750,3624.9,3640.0
2022-03-23 12:18:00,48.8,48.8,48.8,48.8,0,21.151924,6750,3625.3,3620.0
2022-03-23 12:19:00,48.8,48.8,48.8,48.8,0,21.151924,6750,3627.05,3640.0
2022-03-23 12:20:00,48.8,48.8,48.8,48.8,0,21.151924,6750,3625.3,3640.0
2022-03-23 12:21:00,48.8,48.8,48.8,48.8,0,21.151924,6750,3625.5,3640.0
2022-03-23 12:22:00,48.8,48.8,48.8,48.8,0,21.151924,6750,3625.5,3640.0
2022-03-23 12:23:00,48.8,48.8,48.8,48.8,0,21.151924,6750,3626.85,3640.0
2022-03-23 12:24:00,48.8,48.8,48.8,48.8,0,21.151924,6750,3634.0,3640.0
2022-03-23 12:25:00,48.8,48.8,48.8,48.8,0,21.151924,6750,3630.25,3640.0
2022-03-23 12:26:00,48.8,48.8,48.8,48.8,0,21.151924,6750,3629.95,3640.0
2022-03-23 12:27:00,48.8,48.8,48.8,48.8,0,21.151924,6750,3626.85,3640.0
2022-03-23 12:28:00,48.8,48.8,48.8,48.8,0,21.151924,6750,3625.85,3640.0
2022-03-23 12:29:00,48.8,48.8,48.8,48.8,0,21.151924,6750,3626.4,3640.0
2022-03-23 12:30:00,48.8,48.8,48.8,48.8,0,21.151924,6750,3626.5,3640.0
2022-03-23 12:31:00,48.8,48.8,48.8,48.8,0,21.151924,6750,3628.0,3640.0
2022-03-23 12:32:00,48.8,48.8,48.8,48.8,0,21.151924,6750,3622.3,3640.0
2022-03-23 12:33:00,48.8,48.8,48.8,48.8,0,21.151924,6750,3624.75,3640.0
2022-03-23 12:34:00,48.8,48.8,48.8,48.8,0,21.151924,6750,3621.55,3640.0
2022-03-23 12:35:00,48.8,48.8,48.8,48.8,0,21.151924,6750,3618.6,3600.0
2022-03-23 12:36:00,48.8,48.8,48.8,48.8,0,21.151924,6750,3624.1,3640.0
2022-03-23 12:37:00,48.8,48.8,48.8,48.8,0,21.151924,6750,3620.55,3640.0
2022-03-23 12:38:00,48.8,48.8,48.8,48.8,0,21.151924,6750,3622.85,3640.0
2022-03-23 12:39:00,48.8,48.8,48.8,48.8,0,21.151924,6750,3622.95,3640.0
2022-03-23 12:40:00,48.8,48.8,48.8,48.8,0,21.151924,6750,3624.3,3640.0
2022-03-23 12:41:00,48.8,48.8,48.8,48.8,0,21.151924,6750,3623.85,3640.0
2022-03-23 12:42:00,48.8,48.8,48.8,48.8,0,21.151924,6750,3620.0,3640.0
2022-03-23 12:43:00,48.8,48.8,48.8,48.8,0,21.151924,6750,3620.1,3640.0
2022-03-23 12:44:00,48.8,48.8,48.8,48.8,0,21.151924,6750,3620.55,3640.0
2022-03-23 12:45:00,48.8,48.8,48.8,48.8,0,21.151924,6750,3621.8,3640.0
2022-03-23 12:46:00,48.8,48.8,48.8,48.8,0,21.151924,6750,3620.9,3640.0
2022-03-23 12:47:00,48.8,48.8,48.8,48.8,0,21.151924,6750,3621.05,3640.0
2022-03-23 12:48:00,48.8,48.8,48.8,48.8,0,21.151924,6750,3622.0,3640.0
2022-03-23 12:49:00,48.8,48.8,48.8,48.8,0,21.151924,6750,3619.4,3600.0
2022-03-23 12:50:00,48.8,48.8,48.8,48.8,0,21.151924,6750,3619.7,3600.0
2022-03-23 12:51:00,48.8,48.8,48.8,48.8,0,21.151924,6750,3621.1,3640.0
2022-03-23 12:52:00,48.8,48.8,48.8,48.8,0,21.151924,6750,3624.35,3640.0
2022-03-23 12:53:00,48.8,48.8,48.8,48.8,0,21.151924,6750,3624.0,3640.0
2022-03-23 12:54:00,48.8,48.8,48.8,48.8,0,21.151924,6750,3617.85,3600.0
2022-03-23 12:55:00,48.8,48.8,48.8,48.8,0,21.151924,6750,3617.3,3600.0
2022-03-23 12:56:00,48.8,48.8,48.8,48.8,0,21.151924,6750,3617.0,3600.0
2022-03-23 12:57:00,48.8,48.8,48.8,48.8,0,21.151924,6750,3612.9,3600.0
2022-03-23 12:58:00,48.8,48.8,48.8,48.8,0,21.151924,6750,3614.2,3600.0
2022-03-23 12:59:00,48.8,48.8,48.8,48.8,0,21.151924,6750,3612.35,3600.0
2022-03-23 13:00:00,70.0,70.0,64.0,64.0,500,26.028577,73250,3607.9,3600.0
2022-03-23 13:01:00,64.0,64.0,64.0,64.0,0,26.028577,73250,3607.4,3600.0
2022-03-23 13:02:00,63.0,63.0,63.0,63.0,250,25.430164,73250,3608.4,3600.0
2022-03-23 13:03:00,63.0,63.0,63.0,63.0,0,25.430164,73250,3610.0,3600.0
2022-03-23 13:04:00,63.0,63.0,63.0,63.0,0,25.430164,73250,3610.0,3600.0
2022-03-23 13:05:00,63.0,63.0,63.0,63.0,0,25.430164,73250,3610.75,3600.0
2022-03-23 13:06:00,63.0,63.0,63.0,63.0,0,25.430164,73250,3612.65,3600.0
2022-03-23 13:07:00,63.0,63.0,63.0,63.0,0,25.430164,73250,3612.5,3600.0
2022-03-23 13:08:00,65.0,65.0,64.0,64.0,250,26.012858,73250,3608.0,3600.0
2022-03-23 13:09:00,64.0,64.0,64.0,64.0,0,26.012858,73250,3609.65,3600.0
2022-03-23 13:10:00,64.0,64.0,64.0,64.0,0,26.012858,73250,3610.0,3600.0
2022-03-23 13:11:00,64.0,64.0,64.0,64.0,0,26.012858,73250,3611.8,3600.0
2022-03-23 13:12:00,64.0,64.0,64.0,64.0,0,26.012858,73250,3609.9,3600.0
2022-03-23 13:13:00,64.0,64.0,64.0,64.0,0,26.012858,73250,3608.2,3600.0
2022-03-23 13:14:00,64.0,64.0,63.3,64.0,500,25.496212,73250,3610.0,3600.0
2022-03-23 13:15:00,64.0,64.0,64.0,64.0,0,25.496212,73250,3608.25,3600.0
2022-03-23 13:16:00,64.0,64.0,64.0,64.0,0,25.496212,73250,3606.9,3600.0
2022-03-23 13:17:00,64.0,64.0,64.0,64.0,0,25.496212,73250,3608.0,3600.0
2022-03-23 13:18:00,64.0,64.0,64.0,64.0,0,25.496212,73250,3607.0,3600.0
2022-03-23 13:19:00,64.0,64.0,64.0,64.0,0,25.496212,73250,3607.35,3600.0
2022-03-23 13:20:00,64.0,64.0,61.0,61.0,500,25.392354,73250,3605.0,3600.0
2022-03-23 13:21:00,61.0,61.0,60.5,60.5,500,24.641896,73250,3607.0,3600.0
2022-03-23 13:22:00,60.5,60.5,60.5,60.5,0,24.641896,73250,3609.4,3600.0
2022-03-23 13:23:00,60.5,60.5,60.5,60.5,0,24.641896,73250,3610.4,3600.0
2022-03-23 13:24:00,60.5,60.5,60.5,60.5,0,24.641896,73250,3607.2,3600.0
2022-03-23 13:25:00,60.5,60.5,60.5,60.5,0,24.641896,73250,3608.5,3600.0
2022-03-23 13:26:00,60.5,62.9,60.5,62.9,250,25.426492,73250,3608.35,3600.0
2022-03-23 13:27:00,62.9,62.9,62.9,62.9,0,25.426492,73250,3606.8,3600.0
2022-03-23 13:28:00,62.9,62.9,60.2,60.2,1000,25.282122,73500,3604.0,3600.0
2022-03-23 13:29:00,60.2,61.95,60.2,61.95,750,26.042142,73500,3604.25,3600.0
2022-03-23 13:30:00,61.95,61.95,61.95,61.95,0,26.042142,73500,3608.2,3600.0
2022-03-23 13:31:00,61.95,61.95,61.95,61.95,0,26.042142,73500,3606.7,3600.0
2022-03-23 13:32:00,61.95,62.85,61.95,62.85,1250,26.418036,74250,3604.45,3600.0
2022-03-23 13:33:00,62.25,62.45,62.25,62.45,1000,25.626977,74750,3606.8,3600.0
2022-03-23 13:34:00,62.45,62.45,62.45,62.45,0,25.626977,74750,3608.5,3600.0
2022-03-23 13:35:00,62.9,62.9,61.5,61.5,500,26.28247,74750,3602.5,3600.0
2022-03-23 13:36:00,61.5,62.35,61.5,62.35,250,25.583709,74750,3606.8,3600.0
2022-03-23 13:37:00,62.35,63.4,62.35,63.4,250,26.105261,74000,3606.7,3600.0
2022-03-23 13:38:00,63.4,63.4,63.4,63.4,0,26.105261,74000,3608.1,3600.0
2022-03-23 13:39:00,63.4,63.4,61.0,61.0,750,24.612483,73750,3608.1,3600.0
2022-03-23 13:40:00,61.0,61.0,61.0,61.0,0,24.612483,73750,3609.35,3600.0
2022-03-23 13:41:00,62.0,62.0,61.0,61.0,750,24.902158,73750,3607.0,3600.0
2022-03-23 13:42:00,61.0,62.35,61.0,62.35,250,26.029633,73750,3605.1,3600.0
2022-03-23 13:43:00,62.35,62.35,62.35,62.35,0,26.029633,73750,3605.05,3600.0
2022-03-23 13:44:00,62.35,62.35,60.6,60.6,250,25.997378,74500,3602.0,3600.0
2022-03-23 13:45:00,59.15,59.15,58.0,58.0,1250,25.278667,74500,3600.0,3600.0
2022-03-23 13:46:00,58.0,58.0,58.0,58.0,0,25.278667,74500,3598.9,3600.0
2022-03-23 13:47:00,59.9,60.35,59.05,59.05,1000,26.269721,74500,3598.0,3600.0
2022-03-23 13:48:00,59.05,59.1,59.05,59.1,750,26.047487,74000,3599.0,3600.0
2022-03-23 13:49:00,59.1,59.2,59.1,59.2,750,26.342722,74000,3598.0,3600.0
2022-03-23 13:50:00,59.2,59.2,59.2,59.2,250,26.748519,74000,3596.35,3600.0
2022-03-23 13:51:00,57.6,57.6,57.6,57.6,500,26.568721,74000,3594.0,3600.0
2022-03-23 13:52:00,57.6,57.6,57.6,57.6,0,26.568721,74000,3593.15,3600.0
2022-03-23 13:53:00,57.6,57.6,55.45,55.45,250,25.706449,75250,3593.4,3600.0
2022-03-23 13:54:00,55.45,56.65,55.45,56.65,250,26.546369,75250,3592.25,3600.0
2022-03-23 13:55:00,56.65,56.65,56.65,56.65,0,26.546369,75250,3592.5,3600.0
2022-03-23 13:56:00,56.65,57.25,56.65,57.25,500,25.926297,75500,3596.0,3600.0
2022-03-23 13:57:00,57.25,57.25,57.25,57.25,0,25.926297,75500,3596.0,3600.0
2022-03-23 13:58:00,57.25,57.25,57.25,57.25,0,25.926297,75500,3597.0,3600.0
2022-03-23 13:59:00,57.25,57.25,57.0,57.0,500,25.236101,75500,3598.35,3600.0
2022-03-23 14:00:00,57.0,57.0,57.0,57.0,0,25.236101,75500,3601.4,3600.0
2022-03-23 14:01:00,57.0,57.0,57.0,57.0,0,25.236101,75500,3601.15,3600.0
2022-03-23 14:02:00,57.0,59.35,57.0,59.35,250,26.244848,75500,3598.75,3600.0
2022-03-23 14:03:00,59.35,60.85,59.35,60.85,500,25.746797,75250,3603.55,3600.0
2022-03-23 14:04:00,60.85,61.65,60.85,61.65,500,25.59977,75250,3605.6,3600.0
2022-03-23 14:05:00,61.65,61.65,61.65,61.65,750,24.622407,75250,3609.35,3600.0
2022-03-23 14:06:00,62.8,62.8,62.0,62.0,500,25.313851,75250,3607.35,3600.0
2022-03-23 14:07:00,61.3,61.3,61.3,61.3,250,24.366709,74500,3609.7,3600.0
2022-03-23 14:08:00,61.3,61.3,61.3,61.3,0,24.366709,74500,3609.25,3600.0
2022-03-23 14:09:00,61.3,61.3,61.3,61.3,0,24.366709,74500,3609.3,3600.0
2022-03-23 14:10:00,61.3,61.3,61.3,61.3,0,24.366709,74500,3612.0,3600.0
2022-03-23 14:11:00,61.3,61.3,61.3,61.3,0,24.366709,74500,3608.65,3600.0
2022-03-23 14:12:00,61.3,61.3,61.3,61.3,0,24.366709,74500,3607.0,3600.0
2022-03-23 14:13:00,63.95,63.95,61.3,61.3,250,26.073092,75000,3603.15,3600.0
2022-03-23 14:14:00,61.3,61.3,61.3,61.3,0,26.073092,75000,3603.05,3600.0
2022-03-23 14:15:00,61.3,61.3,61.3,61.3,0,26.073092,75000,3603.4,3600.0
2022-03-23 14:16:00,61.3,61.3,61.3,61.3,0,26.073092,75000,3605.0,3600.0
2022-03-23 14:17:00,61.3,61.3,61.3,61.3,0,26.073092,75000,3604.15,3600.0
2022-03-23 14:18:00,61.3,61.3,61.3,61.3,0,26.073092,75000,3606.6,3600.0
2022-03-23 14:19:00,61.3,61.3,61.3,61.3,0,26.073092,75000,3609.95,3600.0
2022-03-23 14:20:00,61.3,61.3,61.3,61.3,0,26.073092,75000,3611.4,3600.0
2022-03-23 14:21:00,61.3,62.6,61.3,62.6,1000,24.919382,75000,3610.0,3600.0
2022-03-23 14:22:00,62.6,62.6,62.6,62.6,0,24.919382,75000,3609.1,3600.0
2022-03-23 14:23:00,62.6,62.6,62.6,62.6,0,24.919382,75000,3612.6,3600.0
2022-03-23 14:24:00,51.15,56.65,51.15,56.65,250,24.793179,6250,3619.0,3620.0
2022-03-23 14:25:00,56.65,56.65,56.65,56.65,250,25.891327,6500,3614.5,3620.0
2022-03-23 14:26:00,56.65,56.65,56.65,56.65,0,25.891327,6500,3611.15,3600.0
2022-03-23 14:27:00,56.65,56.65,56.65,56.65,0,25.891327,6500,3609.55,3600.0
2022-03-23 14:28:00,56.65,56.65,56.65,56.65,0,25.891327,6500,3609.15,3600.0
2022-03-23 14:29:00,56.65,56.65,56.65,56.65,0,25.891327,6500,3610.0,3600.0
2022-03-23 14:30:00,56.65,56.65,56.65,56.65,0,25.891327,6500,3614.0,3600.0
2022-03-23 14:31:00,56.65,56.65,56.65,56.65,0,25.891327,6500,3613.65,3600.0
2022-03-23 14:32:00,56.65,56.65,56.65,56.65,0,25.891327,6500,3612.6,3600.0
2022-03-23 14:33:00,56.65,56.65,56.65,56.65,0,25.891327,6500,3614.2,3600.0
2022-03-23 14:34:00,56.65,56.65,56.65,56.65,0,25.891327,6500,3615.0,3600.0
2022-03-23 14:35:00,56.65,56.65,56.65,56.65,0,25.891327,6500,3613.65,3600.0
2022-03-23 14:36:00,56.65,56.65,56.65,56.65,0,25.891327,6500,3613.0,3600.0
2022-03-23 14:37:00,56.65,56.65,56.65,56.65,0,25.891327,6500,3611.1,3600.0
2022-03-23 14:38:00,56.65,56.65,56.65,56.65,0,25.891327,6500,3611.9,3600.0
2022-03-23 14:39:00,56.65,56.65,56.65,56.65,0,25.891327,6500,3610.2,3600.0
2022-03-23 14:40:00,56.65,56.65,56.65,56.65,0,25.891327,6500,3610.4,3600.0
2022-03-23 14:41:00,56.65,56.65,56.65,56.65,0,25.891327,6500,3610.5,3600.0
2022-03-23 14:42:00,64.0,64.0,62.05,62.05,1000,26.818122,75000,3601.75,3600.0
2022-03-23 14:43:00,60.0,61.75,60.0,61.75,1000,25.059429,75250,3608.05,3600.0
2022-03-23 14:44:00,61.75,62.65,61.75,62.65,250,25.669093,75250,3607.35,3600.0
2022-03-23 14:45:00,62.65,62.65,62.65,62.65,0,25.669093,75250,3606.0,3600.0
2022-03-23 14:46:00,62.65,63.7,62.65,63.7,250,26.180703,75750,3607.3,3600.0
2022-03-23 14:47:00,63.7,63.7,63.7,63.7,0,26.180703,75750,3609.0,3600.0
2022-03-23 14:48:00,63.7,63.7,63.7,63.7,0,26.180703,75750,3610.55,3600.0
2022-03-23 14:49:00,55.2,55.2,55.2,55.2,250,25.971898,6750,3611.45,3620.0
2022-03-23 14:50:00,55.2,55.2,55.2,55.2,0,25.971898,6750,3611.5,3600.0
2022-03-23 14:51:00,55.2,55.2,55.2,55.2,0,25.971898,6750,3611.55,3600.0
2022-03-23 14:52:00,55.2,55.2,55.2,55.2,0,25.971898,6750,3612.45,3600.0
2022-03-23 14:53:00,65.0,65.0,64.8,64.8,250,27.328761,75250,3604.9,3600.0
2022-03-23 14:54:00,64.8,64.8,61.7,61.7,250,25.583883,75250,3606.0,3600.0
2022-03-23 14:55:00,61.7,61.7,61.7,61.7,0,25.583883,75250,3605.6,3600.0
2022-03-23 14:56:00,61.7,61.7,61.7,61.7,0,25.583883,75250,3606.9,3600.0
2022-03-23 14:57:00,61.7,61.7,61.5,61.5,250,25.272551,75500,3606.85,3600.0
2022-03-23 14:58:00,61.5,61.5,61.5,61.5,0,25.272551,75500,3604.15,3600.0
2022-03-23 14:59:00,61.5,61.5,61.5,61.5,0,25.272551,75500,3603.4,3600.0
2022-03-23 15:00:00,61.5,61.5,61.5,61.5,500,25.561772,75750,3605.75,3600.0
2022-03-23 15:01:00,62.6,62.6,62.55,62.55,750,26.252117,75750,3605.0,3600.0
2022-03-23 15:02:00,62.55,62.55,61.0,61.0,250,25.701499,75750,3604.3,3600.0
2022-03-23 15:03:00,61.0,61.0,61.0,61.0,0,25.701499,75750,3605.05,3600.0
2022-03-23 15:04:00,61.0,61.0,61.0,61.0,250,25.768087,76250,3604.05,3600.0
2022-03-23 15:05:00,61.0,61.0,61.0,61.0,0,25.768087,76250,3604.25,3600.0
2022-03-23 15:06:00,61.0,61.0,61.0,61.0,0,25.768087,76250,3603.15,3600.0
2022-03-23 15:07:00,61.0,61.4,61.0,61.4,500,26.570118,76250,3601.65,3600.0
2022-03-23 15:08:00,61.4,61.4,61.4,61.4,0,26.570118,76250,3600.35,3600.0
2022-03-23 15:09:00,61.4,61.4,61.4,61.4,0,26.570118,76250,3601.9,3600.0
2022-03-23 15:10:00,61.4,61.4,61.4,61.4,500,25.720831,76500,3605.0,3600.0
2022-03-23 15:11:00,61.4,61.75,61.4,61.75,250,26.06712,76500,3604.3,3600.0
2022-03-23 15:12:00,61.75,61.75,61.75,61.75,0,26.06712,76500,3603.75,3600.0
2022-03-23 15:13:00,61.75,63.0,61.4,61.4,1750,26.22356,76000,3603.05,3600.0
2022-03-23 15:14:00,61.4,61.4,61.4,61.4,0,26.22356,76000,3602.95,3600.0
2022-03-23 15:15:00,61.4,62.95,61.4,62.95,250,25.667782,76000,3608.05,3600.0
2022-03-23 15:16:00,62.95,62.95,62.95,62.95,0,25.667782,76000,3606.0,3600.0
2022-03-23 15:17:00,62.95,62.95,62.95,62.95,0,25.667782,76000,3604.35,3600.0
2022-03-23 15:18:00,62.95,62.95,60.35,60.6,1500,26.068297,75750,3602.2,3600.0
2022-03-23 15:19:00,60.6,60.6,60.0,60.0,500,26.039034,76750,3601.2,3600.0
2022-03-23 15:20:00,60.0,60.0,58.1,59.0,1000,26.379493,76750,3597.95,3600.0
2022-03-23 15:21:00,59.0,59.0,59.0,59.0,0,26.379493,76750,3604.65,3600.0
2022-03-23 15:22:00,59.0,59.0,59.0,59.0,0,26.379493,76750,3603.3,3600.0
2022-03-23 15:23:00,61.5,61.5,61.5,61.5,750,26.194704,78000,3603.4,3600.0
2022-03-23 15:24:00,61.5,61.5,61.2,61.2,750,25.811415,78000,3604.35,3600.0
2022-03-23 15:25:00,61.2,61.2,60.55,60.55,250,25.888851,78500,3602.85,3600.0
2022-03-23 15:26:00,60.3,60.3,60.3,60.3,250,27.086517,78500,3597.6,3600.0
2022-03-23 15:27:00,59.55,59.55,59.55,59.55,250,26.400079,78500,3598.95,3600.0
2022-03-23 15:28:00,58.85,58.85,58.85,58.85,250,27.333368,79000,3593.8,3600.0
2022-03-23 15:29:00,58.85,58.85,57.5,57.5,500,24.796552,79000,3601.5,3600.0
2022-03-24 09:18:00,56.8,57.85,56.8,56.9,500,27.417675,79250,3595.75,3600.0
2022-03-24 09:19:00,59.0,59.0,59.0,59.0,250,28.864939,79250,3594.15,3600.0
2022-03-24 09:20:00,61.25,63.1,61.25,63.1,750,29.247464,79250,3600.55,3600.0
2022-03-24 09:21:00,63.1,65.7,63.1,65.7,1000,29.451749,78750,3604.65,3600.0
2022-03-24 09:22:00,66.5,66.55,66.5,66.55,750,29.619981,78750,3605.6,3600.0
2022-03-24 09:23:00,67.8,67.8,66.15,66.15,750,29.731439,78750,3604.45,3600.0
2022-03-24 09:24:00,58.0,60.0,58.0,60.0,500,28.125663,6000,3618.35,3620.0
2022-03-24 09:25:00,63.05,63.05,63.05,63.05,250,29.782738,6000,3617.75,3620.0
2022-03-24 09:26:00,63.05,63.05,63.05,63.05,0,29.782738,6000,3617.75,3620.0
2022-03-24 09:27:00,63.05,63.05,63.05,63.05,250,29.009886,6250,3620.75,3620.0
2022-03-24 09:28:00,63.05,63.05,63.05,63.05,0,29.009886,6250,3620.75,3620.0
2022-03-24 09:29:00,63.05,63.05,63.05,63.05,0,29.009886,6250,3620.75,3620.0
2022-03-24 09:30:00,55.0,55.0,55.0,55.0,750,27.220445,25000,3631.6,3640.0
2022-03-24 09:31:00,55.0,55.0,55.0,55.0,0,27.220445,25000,3631.6,3640.0
2022-03-24 09:32:00,55.0,55.0,55.0,55.0,0,27.220445,25000,3631.6,3640.0
2022-03-24 09:33:00,52.05,63.05,52.05,63.05,500,29.58973,6250,3618.55,3620.0
2022-03-24 09:34:00,63.05,63.05,63.05,63.05,0,29.58973,6250,3618.55,3620.0
2022-03-24 09:35:00,63.05,63.05,63.05,63.05,0,29.58973,6250,3618.55,3620.0
2022-03-24 09:36:00,53.0,53.0,53.0,53.0,250,25.149615,24750,3636.0,3640.0
2022-03-24 09:37:00,58.0,60.15,58.0,59.95,1000,29.730162,24750,3631.3,3640.0
2022-03-24 09:38:00,59.95,59.95,59.95,59.95,0,29.730162,24750,3631.3,3640.0
2022-03-24 09:39:00,59.95,59.95,59.95,59.95,0,29.730162,24750,3631.3,3640.0
2022-03-24 09:40:00,63.05,63.05,63.05,63.05,250,27.947711,6250,3624.85,3620.0
2022-03-24 09:41:00,63.05,63.05,63.05,63.05,0,27.947711,6250,3624.85,3620.0
2022-03-24 09:42:00,63.05,63.05,63.05,63.05,0,27.947711,6250,3624.85,3620.0
2022-03-24 09:43:00,63.05,63.05,63.05,63.05,0,27.947711,6250,3624.85,3620.0
2022-03-24 09:44:00,63.05,63.05,63.05,63.05,0,27.947711,6250,3624.85,3620.0
2022-03-24 09:45:00,63.05,63.05,63.05,63.05,500,28.181923,6250,3624.0,3620.0
2022-03-24 09:46:00,63.05,63.05,63.05,63.05,0,28.181923,6250,3624.0,3620.0
2022-03-24 09:47:00,63.05,63.05,63.05,63.05,0,28.181923,6250,3624.0,3620.0
2022-03-24 09:48:00,63.05,63.05,63.05,63.05,0,28.181923,6250,3624.0,3620.0
2022-03-24 09:49:00,63.05,63.05,63.05,63.05,0,28.181923,6250,3624.0,3620.0
2022-03-24 09:50:00,63.05,63.05,63.05,63.05,0,28.181923,6250,3624.0,3620.0
2022-03-24 09:51:00,63.05,63.05,63.05,63.05,0,28.181923,6250,3624.0,3620.0
2022-03-24 09:52:00,63.05,63.05,63.05,63.05,0,28.181923,6250,3624.0,3620.0
2022-03-24 09:53:00,63.05,63.05,63.05,63.05,0,28.181923,6250,3624.0,3620.0
2022-03-24 09:54:00,63.05,63.05,63.05,63.05,0,28.181923,6250,3624.0,3620.0
2022-03-24 09:55:00,63.05,63.05,63.05,63.05,0,28.181923,6250,3624.0,3620.0
2022-03-24 09:56:00,63.05,63.05,63.05,63.05,0,28.181923,6250,3624.0,3620.0
2022-03-24 09:57:00,63.05,63.05,63.05,63.05,0,28.181923,6250,3624.0,3620.0
2022-03-24 09:58:00,63.05,63.05,63.05,63.05,0,28.181923,6250,3624.0,3620.0
2022-03-24 09:59:00,63.05,63.05,63.05,63.05,0,28.181923,6250,3624.0,3620.0
2022-03-24 10:00:00,63.05,63.05,63.05,63.05,0,28.181923,6250,3624.0,3620.0
2022-03-24 10:01:00,63.05,63.05,60.0,60.0,250,29.291241,5750,3614.0,3620.0
2022-03-24 10:02:00,58.1,58.1,58.1,58.1,500,28.657478,5750,3612.8,3620.0
2022-03-24 10:03:00,60.85,60.85,60.5,60.5,500,30.042786,5750,3612.0,3620.0
2022-03-24 10:04:00,60.5,61.05,60.5,61.05,1000,27.726712,5750,3622.1,3620.0
2022-03-24 10:05:00,61.05,63.25,61.05,63.25,250,29.842473,5750,3618.15,3620.0
2022-03-24 10:06:00,63.25,63.25,63.25,63.25,0,29.842473,5750,3618.15,3620.0
2022-03-24 10:07:00,63.25,63.25,63.25,63.25,0,29.842473,5750,3618.15,3620.0
2022-03-24 10:08:00,63.25,63.25,63.25,63.25,0,29.842473,5750,3618.15,3620.0
2022-03-24 10:09:00,63.25,63.25,63.25,63.25,0,29.842473,5750,3618.15,3620.0
2022-03-24 10:10:00,63.25,63.25,63.25,63.25,0,29.842473,5750,3618.15,3620.0
2022-03-24 10:11:00,63.25,63.25,63.25,63.25,0,29.842473,5750,3618.15,3620.0
2022-03-24 10:12:00,63.25,63.25,63.25,63.25,0,29.842473,5750,3618.15,3620.0
2022-03-24 10:13:00,63.25,63.25,63.25,63.25,0,29.842473,5750,3618.15,3620.0
2022-03-24 10:14:00,63.25,63.25,63.25,63.25,0,29.842473,5750,3618.15,3620.0
2022-03-24 10:15:00,63.25,63.25,63.25,63.25,0,29.842473,5750,3618.15,3620.0
2022-03-24 10:16:00,63.25,63.25,63.25,63.25,0,29.842473,5750,3604.55,3600.0
2022-03-24 10:17:00,70.3,70.3,63.0,65.0,1000,28.02417,77750,3608.95,3600.0
2022-03-24 10:18:00,65.0,65.0,65.0,65.0,250,27.79087,77250,3609.8,3600.0
2022-03-24 10:19:00,55.0,57.05,55.0,57.05,250,28.713751,7500,3610.6,3620.0
2022-03-24 10:20:00,57.0,57.0,57.0,57.0,500,27.587801,7500,3615.0,3620.0
2022-03-24 10:21:00,57.0,57.0,57.0,57.0,0,27.587801,7500,3615.0,3620.0
2022-03-24 10:22:00,57.0,57.0,57.0,57.0,0,27.587801,7500,3615.0,3620.0
2022-03-24 10:23:00,57.0,57.0,57.0,57.0,0,27.587801,7500,3615.0,3620.0
2022-03-24 10:24:00,57.0,57.0,57.0,57.0,0,27.587801,7500,3615.0,3620.0
2022-03-24 10:25:00,57.0,57.0,57.0,57.0,0,27.587801,7500,3615.0,3620.0
2022-03-24 10:26:00,57.0,57.0,57.0,57.0,500,27.16356,8250,3616.7,3620.0
2022-03-24 10:27:00,57.0,57.0,57.0,57.0,0,27.16356,8250,3616.7,3620.0
2022-03-24 10:28:00,57.0,57.2,57.0,57.2,750,27.21401,8750,3616.9,3620.0
2022-03-24 10:29:00,57.2,57.2,57.2,57.2,0,27.21401,8750,3616.9,3620.0
2022-03-24 10:30:00,57.2,57.2,57.2,57.2,0,27.21401,8750,3616.9,3620.0
2022-03-24 10:31:00,57.2,57.2,57.2,57.2,0,27.21401,8750,3616.9,3620.0
2022-03-24 10:32:00,57.2,57.2,57.2,57.2,0,27.21401,8750,3616.9,3620.0
2022-03-24 10:33:00,57.2,57.2,57.2,57.2,0,27.21401,8750,3616.9,3620.0
2022-03-24 10:34:00,57.2,57.2,57.2,57.2,0,27.21401,8750,3616.9,3620.0
2022-03-24 10:35:00,57.2,57.2,57.2,57.2,0,27.21401,8750,3616.9,3620.0
2022-03-24 10:36:00,57.2,60.8,57.2,60.8,250,26.93286,9500,3624.8,3620.0
2022-03-24 10:37:00,60.8,62.4,60.8,62.4,250,30.292918,9500,3614.95,3620.0
2022-03-24 10:38:00,62.4,62.4,56.65,56.65,750,28.07206,9500,3612.5,3620.0
2022-03-24 10:39:00,56.65,56.65,56.65,56.65,0,28.07206,9500,3612.5,3620.0
2022-03-24 10:40:00,56.65,56.65,56.65,56.65,0,28.07206,9500,3612.5,3620.0
2022-03-24 10:41:00,69.65,69.65,63.95,63.95,1500,29.163381,78750,3602.95,3600.0
2022-03-24 10:42:00,64.0,64.8,64.0,64.8,500,29.039026,79000,3605.0,3600.0
2022-03-24 10:43:00,64.8,64.8,64.8,64.8,0,29.039026,79000,3605.0,3600.0
2022-03-24 10:44:00,64.8,64.8,64.8,64.8,0,29.039026,79000,3605.0,3600.0
2022-03-24 10:45:00,55.7,55.85,55.7,55.85,250,27.58709,8750,3612.9,3620.0
2022-03-24 10:46:00,55.85,55.85,55.85,55.85,0,27.58709,8750,3612.9,3620.0
2022-03-24 10:47:00,55.85,55.85,55.85,55.85,0,27.58709,8750,3612.9,3620.0
2022-03-24 10:48:00,55.85,55.85,55.85,55.85,0,27.58709,8750,3612.9,3620.0
2022-03-24 10:49:00,55.85,58.0,55.85,58.0,250,29.030994,8500,3611.4,3620.0
2022-03-24 10:50:00,58.0,58.0,58.0,58.0,0,29.030994,8500,3609.85,3600.0
2022-03-24 10:51:00,58.0,58.0,58.0,58.0,0,29.030994,8500,3611.4,3620.0
2022-03-24 10:52:00,58.0,58.0,58.0,58.0,0,29.030994,8500,3611.4,3620.0
2022-03-24 10:53:00,68.0,68.0,67.8,67.8,250,29.709756,78250,3608.1,3600.0
2022-03-24 10:54:00,67.8,67.8,67.8,67.8,0,29.709756,78250,3608.1,3600.0
2022-03-24 10:55:00,67.8,67.8,67.8,67.8,0,29.709756,78250,3608.1,3600.0
2022-03-24 10:56:00,67.8,67.8,67.8,67.8,0,29.709756,78250,3608.1,3600.0
2022-03-24 10:57:00,67.8,67.8,67.8,67.8,0,29.709756,78250,3608.1,3600.0
2022-03-24 10:58:00,67.8,67.8,67.8,67.8,0,29.709756,78250,3608.1,3600.0
2022-03-24 10:59:00,58.0,58.0,58.0,58.0,250,29.320219,8250,3610.3,3620.0
2022-03-24 11:00:00,68.0,68.0,66.5,66.5,250,28.907893,78750,3608.7,3600.0
2022-03-24 11:01:00,66.5,66.5,66.5,66.5,0,28.907893,78750,3608.7,3600.0
2022-03-24 11:02:00,64.8,64.8,64.8,64.8,500,29.977918,78750,3601.6,3600.0
2022-03-24 11:03:00,64.8,66.3,64.2,66.3,500,28.495251,79000,3609.85,3600.0
2022-03-24 11:04:00,66.3,66.3,66.3,66.3,0,28.495251,79000,3609.85,3600.0
2022-03-24 11:05:00,66.3,66.3,66.3,66.3,0,28.495251,79000,3609.85,3600.0
2022-03-24 11:06:00,66.3,66.3,66.3,66.3,0,28.495251,79000,3609.85,3600.0
2022-03-24 11:07:00,66.3,66.3,66.3,66.3,0,28.495251,79000,3609.85,3600.0
2022-03-24 11:08:00,66.3,66.3,66.3,66.3,0,28.495251,79000,3609.85,3600.0
2022-03-24 11:09:00,66.3,66.3,66.3,66.3,0,28.495251,79000,3609.85,3600.0
2022-03-24 11:10:00,54.4,59.45,54.4,59.45,250,29.039754,8250,3614.35,3620.0
2022-03-24 11:11:00,59.45,59.45,59.45,59.45,0,29.039754,8250,3614.35,3620.0
2022-03-24 11:12:00,59.45,59.45,59.45,59.45,250,28.928762,8500,3614.8,3620.0
2022-03-24 11:13:00,59.45,59.45,59.0,59.0,250,28.56783,8500,3615.35,3620.0
2022-03-24 11:14:00,59.15,59.15,59.15,59.15,250,28.503312,8500,3615.9,3620.0
2022-03-24 11:15:00,59.15,59.15,59.15,59.15,0,28.503312,8500,3615.9,3620.0
2022-03-24 11:16:00,59.15,59.15,59.15,59.15,0,28.503312,8500,3615.9,3620.0
2022-03-24 11:17:00,59.15,59.15,59.15,59.15,0,28.503312,8500,3615.9,3620.0
2022-03-24 11:18:00,59.15,59.15,59.15,59.15,0,28.503312,8500,3615.9,3620.0
2022-03-24 11:19:00,66.05,66.05,64.05,64.05,750,28.057579,78250,3607.45,3600.0
2022-03-24 11:20:00,64.05,64.1,64.05,64.1,500,27.891899,78250,3608.15,3600.0
2022-03-24 11:21:00,64.1,64.1,64.1,64.1,0,27.891899,78250,3608.15,3600.0
2022-03-24 11:22:00,64.1,65.8,64.1,65.8,250,28.949688,78250,3607.4,3600.0
2022-03-24 11:23:00,65.8,65.8,65.8,65.8,0,28.949688,78250,3607.4,3600.0
2022-03-24 11:24:00,56.1,59.0,56.1,59.0,500,28.419003,8500,3616.0,3620.0
2022-03-24 11:25:00,59.4,59.4,59.4,59.4,250,27.96199,8500,3618.55,3620.0
2022-03-24 11:26:00,59.4,59.4,59.4,59.4,500,28.299401,8500,3617.25,3620.0
2022-03-24 11:27:00,59.4,59.4,59.4,59.4,0,28.299401,8500,3617.25,3620.0
2022-03-24 11:28:00,59.4,60.0,59.4,60.0,250,27.386646,7500,3621.9,3620.0
2022-03-24 11:29:00,60.0,60.0,60.0,60.0,0,27.386646,7500,3621.9,3620.0
2022-03-24 11:30:00,60.0,60.0,60.0,60.0,250,27.902285,7250,3619.95,3620.0
2022-03-24 11:31:00,60.0,60.0,60.0,60.0,0,27.902285,7250,3619.95,3620.0
2022-03-24 11:32:00,60.0,60.0,60.0,60.0,0,27.902285,7250,3619.95,3620.0
2022-03-24 11:33:00,60.0,60.0,60.0,60.0,0,27.902285,7250,3619.95,3620.0
2022-03-24 11:34:00,60.0,60.0,60.0,60.0,0,27.902285,7250,3619.95,3620.0
2022-03-24 11:35:00,60.0,60.0,60.0,60.0,0,27.902285,7250,3619.95,3620.0
2022-03-24 11:36:00,60.0,60.0,60.0,60.0,0,27.902285,7250,3619.95,3620.0
2022-03-24 11:37:00,60.0,60.0,60.0,60.0,0,27.902285,7250,3619.95,3620.0
2022-03-24 11:38:00,60.0,60.0,60.0,60.0,0,27.902285,7250,3619.95,3620.0
2022-03-24 11:39:00,60.0,60.0,60.0,60.0,0,27.902285,7250,3619.95,3620.0
2022-03-24 11:40:00,60.0,60.0,60.0,60.0,0,27.902285,7250,3619.95,3620.0
2022-03-24 11:41:00,60.0,60.0,60.0,60.0,0,27.902285,7250,3619.95,3620.0
2022-03-24 11:42:00,60.0,60.0,60.0,60.0,0,27.902285,7250,3619.95,3620.0
2022-03-24 11:43:00,60.0,60.0,60.0,60.0,0,27.902285,7250,3619.95,3620.0
2022-03-24 11:44:00,60.0,60.0,60.0,60.0,0,27.902285,7250,3619.95,3620.0
2022-03-24 11:45:00,60.0,60.0,60.0,60.0,0,27.902285,7250,3619.95,3620.0
2022-03-24 11:46:00,60.0,60.0,60.0,60.0,0,27.902285,7250,3619.95,3620.0
2022-03-24 11:47:00,57.2,57.2,57.2,57.2,250,27.228684,7500,3617.3,3620.0
2022-03-24 11:48:00,57.2,57.2,57.2,57.2,0,27.228684,7500,3617.3,3620.0
2022-03-24 11:49:00,57.2,57.2,57.2,57.2,0,27.228684,7500,3617.3,3620.0
2022-03-24 11:50:00,57.2,58.35,57.2,58.35,250,27.062298,7250,3620.15,3620.0
2022-03-24 11:51:00,58.35,60.0,58.35,60.0,250,28.247264,7000,3618.75,3620.0
2022-03-24 11:52:00,60.0,60.0,60.0,60.0,0,28.247264,7000,3618.75,3620.0
2022-03-24 11:53:00,60.0,60.0,60.0,60.0,0,28.247264,7000,3618.75,3620.0
2022-03-24 11:54:00,60.0,60.0,60.0,60.0,0,28.247264,7000,3618.75,3620.0
2022-03-24 11:55:00,60.0,60.0,60.0,60.0,0,28.247264,7000,3618.75,3620.0
2022-03-24 11:56:00,60.0,60.0,60.0,60.0,0,28.247264,7000,3618.75,3620.0
2022-03-24 11:57:00,60.0,60.0,60.0,60.0,0,28.247264,7000,3618.75,3620.0
2022-03-24 11:58:00,60.0,60.0,60.0,60.0,0,28.247264,7000,3618.75,3620.0
2022-03-24 11:59:00,60.0,60.0,60.0,60.0,0,28.247264,7000,3618.75,3620.0
2022-03-24 12:00:00,60.0,60.0,60.0,60.0,0,28.247264,7000,3618.75,3620.0
2022-03-24 12:01:00,60.0,60.0,60.0,60.0,0,28.247264,7000,3618.75,3620.0
2022-03-24 12:02:00,60.0,60.0,60.0,60.0,0,28.247264,7000,3618.75,3620.0
2022-03-24 12:03:00,68.0,68.0,67.65,67.65,250,29.237865,76250,3609.95,3600.0
2022-03-24 12:04:00,67.65,67.65,67.65,67.65,0,29.237865,76250,3609.95,3600.0
2022-03-24 12:05:00,65.0,65.0,65.0,65.0,250,27.899148,76250,3610.0,3600.0
2022-03-24 12:06:00,65.05,65.05,65.05,65.05,500,28.161991,76250,3609.15,3600.0
2022-03-24 12:07:00,65.05,65.05,65.05,65.05,0,28.161991,76250,3609.15,3600.0
2022-03-24 12:08:00,65.05,65.05,65.05,65.05,0,28.161991,76250,3609.15,3600.0
2022-03-24 12:09:00,53.8,56.1,53.8,56.1,250,27.305714,7250,3615.0,3620.0
2022-03-24 12:10:00,56.1,56.1,56.1,56.1,0,27.305714,7250,3615.0,3620.0
2022-03-24 12:11:00,56.1,56.1,56.1,56.1,0,27.305714,7250,3615.0,3620.0
2022-03-24 12:12:00,56.1,56.1,56.1,56.1,0,27.305714,7250,3615.0,3620.0
2022-03-24 12:13:00,56.1,56.1,56.1,56.1,0,27.305714,7250,3615.0,3620.0
2022-03-24 12:14:00,56.1,56.1,50.8,50.8,250,25.926199,7500,3610.05,3620.0
2022-03-24 12:15:00,50.8,50.8,50.8,50.8,0,25.926199,7500,3609.0,3600.0
2022-03-24 12:16:00,64.0,64.0,60.0,60.0,1250,28.125106,75500,3600.0,3600.0
2022-03-24 12:17:00,60.0,60.0,58.95,58.95,750,27.602435,75500,3600.0,3600.0
2022-03-24 12:18:00,58.95,59.1,58.95,59.1,250,27.980909,75750,3598.85,3600.0
2022-03-24 12:19:00,59.1,59.1,59.1,59.1,250,28.774179,75750,3595.8,3600.0
2022-03-24 12:20:00,58.35,58.35,58.35,58.35,750,27.54405,75750,3599.1,3600.0
2022-03-24 12:21:00,60.2,60.2,60.2,60.2,250,27.875638,75750,3601.35,3600.0
2022-03-24 12:22:00,60.5,60.5,60.5,60.5,250,30.028213,75750,3593.65,3600.0
2022-03-24 12:23:00,60.5,60.5,56.55,56.55,250,28.488573,75750,3591.95,3600.0
2022-03-24 12:24:00,56.55,58.5,56.55,58.5,1750,28.636769,76000,3595.2,3600.0
2022-03-24 12:25:00,58.5,58.95,58.5,58.95,750,27.916764,76000,3598.85,3600.0
2022-03-24 12:26:00,58.95,60.0,58.95,60.0,250,28.508025,76000,3598.6,3600.0
2022-03-24 12:27:00,60.0,60.0,60.0,60.0,0,28.508025,76000,3598.6,3600.0
2022-03-24 12:28:00,60.0,61.9,60.0,61.9,500,28.682705,75500,3601.55,3600.0
2022-03-24 12:29:00,61.9,62.15,61.9,62.15,250,28.622879,75500,3602.25,3600.0
2022-03-24 12:30:00,62.15,62.15,62.15,62.15,0,28.622879,75500,3602.25,3600.0
2022-03-24 12:31:00,62.15,63.2,62.15,63.2,1250,28.249045,75250,3605.6,3600.0
2022-03-24 12:32:00,63.2,63.2,63.15,63.15,500,28.116663,75250,3606.0,3600.0
2022-03-24 12:33:00,63.15,64.5,63.15,64.5,750,28.08056,75250,3608.6,3600.0
2022-03-24 12:34:00,53.85,53.85,53.85,53.85,500,27.296779,6750,3610.75,3620.0
2022-03-24 12:35:00,53.85,53.85,53.85,53.85,0,27.296779,6750,3610.75,3620.0
2022-03-24 12:36:00,53.85,53.85,53.85,53.85,0,27.296779,6750,3610.75,3620.0
2022-03-24 12:37:00,62.7,62.7,62.7,62.7,500,27.939952,75250,3605.85,3600.0
2022-03-24 12:38:00,62.7,62.7,62.7,62.7,0,27.939952,75250,3606.35,3600.0
2022-03-24 12:39:00,62.7,64.5,62.7,64.5,250,28.489361,75250,3607.15,3600.0
2022-03-24 12:40:00,64.5,64.5,64.5,64.5,0,28.489361,75250,3607.15,3600.0
2022-03-24 12:41:00,64.5,64.5,64.5,64.5,0,28.489361,75250,3609.5,3600.0
2022-03-24 12:42:00,64.5,64.5,64.5,64.5,0,28.489361,75250,3607.15,3600.0
2022-03-24 12:43:00,64.5,64.5,64.5,64.5,0,28.489361,75250,3607.15,3600.0
2022-03-24 12:44:00,53.85,56.0,53.85,56.0,250,28.093017,6750,3611.9,3620.0
2022-03-24 12:45:00,67.0,67.0,64.75,64.75,250,29.587317,75250,3603.6,3600.0
2022-03-24 12:46:00,64.75,64.75,63.3,63.3,500,28.14532,75250,3606.25,3600.0
2022-03-24 12:47:00,63.3,63.3,63.3,63.3,0,28.14532,75250,3606.25,3600.0
2022-03-24 12:48:00,63.3,63.3,63.3,63.3,0,28.14532,75250,3605.6,3600.0
2022-03-24 12:49:00,63.3,63.3,63.3,63.3,0,28.14532,75250,3606.25,3600.0
2022-03-24 12:50:00,63.3,63.3,63.3,63.3,0,28.14532,75250,3608.9,3600.0
2022-03-24 12:51:00,63.3,63.3,63.3,63.3,0,28.14532,75250,3606.25,3600.0
2022-03-24 12:52:00,63.3,63.3,63.3,63.3,0,28.14532,75250,3606.7,3600.0
2022-03-24 12:53:00,63.15,63.15,63.15,63.15,1250,28.176571,75250,3605.9,3600.0
2022-03-24 12:54:00,63.15,63.15,62.2,62.2,250,28.713951,75250,3602.15,3600.0
2022-03-24 12:55:00,62.2,62.2,61.6,61.6,250,27.945648,76250,3603.9,3600.0
2022-03-24 12:56:00,61.6,61.6,61.6,61.6,0,27.945648,76250,3603.9,3600.0
2022-03-24 12:57:00,61.6,61.6,61.6,61.6,0,27.945648,76250,3603.9,3600.0
2022-03-24 12:58:00,61.6,61.6,60.0,60.0,500,27.951984,76250,3600.9,3600.0
2022-03-24 12:59:00,60.0,60.0,60.0,60.0,0,27.951984,76250,3600.9,3600.0
2022-03-24 13:00:00,60.0,60.0,60.0,60.0,0,27.951984,76250,3600.9,3600.0
2022-03-24 13:01:00,60.0,60.0,60.0,60.0,0,27.951984,76250,3600.9,3600.0
2022-03-24 13:02:00,60.0,60.15,60.0,60.15,750,27.606677,76250,3602.5,3600.0
2022-03-24 13:03:00,60.15,60.15,60.15,60.15,0,27.606677,76250,3602.5,3600.0
2022-03-24 13:04:00,60.15,61.8,60.15,61.8,250,28.342192,76250,3602.85,3600.0
2022-03-24 13:05:00,61.8,61.8,61.8,61.8,0,28.342192,76250,3602.85,3600.0
2022-03-24 13:06:00,61.8,61.8,60.05,60.05,250,28.227573,76250,3600.0,3600.0
2022-03-24 13:07:00,60.05,60.05,60.05,60.05,0,28.227573,76250,3600.0,3600.0
2022-03-24 13:08:00,60.05,60.05,60.05,60.05,0,28.227573,76250,3600.0,3600.0
2022-03-24 13:09:00,59.0,59.0,59.0,59.0,250,28.08812,76250,3598.55,3600.0
2022-03-24 13:10:00,59.0,59.7,59.0,59.7,250,28.058612,76250,3600.0,3600.0
2022-03-24 13:11:00,59.7,59.7,59.7,59.7,0,28.058612,76250,3600.0,3600.0
2022-03-24 13:12:00,59.7,59.7,59.7,59.7,0,28.058612,76250,3599.7,3600.0
2022-03-24 13:13:00,59.7,59.7,58.0,58.0,250,28.835047,76250,3593.75,3600.0
2022-03-24 13:14:00,58.0,58.0,56.2,56.2,250,28.126802,76250,3593.0,3600.0
2022-03-24 13:15:00,56.2,57.55,56.2,57.55,250,27.698123,76500,3597.3,3600.0
2022-03-24 13:16:00,57.55,57.55,57.55,57.55,0,27.698123,76500,3596.35,3600.0
2022-03-24 13:17:00,57.55,57.55,57.05,57.05,250,27.045641,76500,3598.85,3600.0
2022-03-24 13:18:00,59.4,59.4,59.4,59.4,250,28.052699,76500,3599.5,3600.0
2022-03-24 13:19:00,59.4,59.4,59.4,59.4,0,28.052699,76500,3599.5,3600.0
2022-03-24 13:20:00,59.4,59.4,59.4,59.4,0,28.052699,76500,3599.5,3600.0
2022-03-24 13:21:00,59.4,59.4,59.4,59.4,0,28.052699,76500,3599.5,3600.0
2022-03-24 13:22:00,59.4,59.4,59.4,59.4,1250,27.926955,76500,3600.0,3600.0
2022-03-24 13:23:00,59.4,59.4,58.95,58.95,250,27.966669,76500,3599.0,3600.0
2022-03-24 13:24:00,58.95,58.95,58.7,58.7,750,27.843018,76500,3599.0,3600.0
2022-03-24 13:25:00,58.7,58.7,58.7,58.7,0,27.843018,76500,3599.0,3600.0
2022-03-24 13:26:00,58.7,58.7,58.7,58.7,0,27.843018,76500,3599.6,3600.0
2022-03-24 13:27:00,58.7,58.7,58.7,58.7,0,27.843018,76500,3599.0,3600.0
2022-03-24 13:28:00,58.7,58.7,58.7,58.7,0,27.843018,76500,3603.0,3600.0
2022-03-24 13:29:00,58.7,58.7,58.7,58.7,0,27.843018,76500,3600.05,3600.0
2022-03-24 13:30:00,58.7,58.8,58.7,58.8,250,27.63869,76750,3600.0,3600.0
2022-03-24 13:31:00,58.8,58.8,58.8,58.8,0,27.63869,76750,3600.0,3600.0
2022-03-24 13:32:00,58.8,61.75,58.8,61.75,250,28.428062,76750,3602.6,3600.0
2022-03-24 13:33:00,61.75,61.75,61.35,61.35,250,28.148534,76750,3602.9,3600.0
2022-03-24 13:34:00,61.35,61.35,61.35,61.35,250,28.377884,76750,3602.05,3600.0
2022-03-24 13:35:00,61.35,61.35,61.35,61.35,0,28.377884,76750,3602.05,3600.0
2022-03-24 13:36:00,61.35,61.35,61.35,61.35,0,28.377884,76750,3602.05,3600.0
2022-03-24 13:37:00,61.35,61.35,57.35,57.35,1250,26.896159,76500,3600.1,3600.0
2022-03-24 13:38:00,57.35,57.35,57.35,57.35,0,26.896159,76500,3600.1,3600.0
2022-03-24 13:39:00,57.35,57.35,57.35,57.35,0,26.896159,76500,3599.25,3600.0
2022-03-24 13:40:00,57.35,57.35,57.35,57.35,0,26.896159,76500,3600.1,3600.0
2022-03-24 13:41:00,57.35,57.35,57.0,57.0,500,27.200995,76500,3598.3,3600.0
2022-03-24 13:42:00,57.0,57.0,57.0,57.0,0,27.200995,76500,3598.9,3600.0
2022-03-24 13:43:00,57.0,57.0,57.0,57.0,0,27.200995,76500,3598.3,3600.0
2022-03-24 13:44:00,57.0,57.0,57.0,57.0,0,27.200995,76500,3598.3,3600.0
2022-03-24 13:45:00,57.0,57.0,57.0,57.0,0,27.200995,76500,3598.3,3600.0
2022-03-24 13:46:00,57.0,57.0,57.0,57.0,0,27.200995,76500,3597.7,3600.0
2022-03-24 13:47:00,57.0,57.0,57.0,57.0,0,27.200995,76500,3598.3,3600.0
2022-03-24 13:48:00,58.0,58.0,58.0,58.0,750,27.52904,77000,3599.0,3600.0
2022-03-24 13:49:00,58.0,58.0,57.55,57.55,250,28.461537,77000,3594.55,3600.0
2022-03-24 13:50:00,57.55,57.55,57.25,57.25,250,28.081093,77000,3595.45,3600.0
2022-03-24 13:51:00,57.25,57.25,54.25,54.25,2000,27.900928,77000,3590.25,3600.0
2022-03-24 13:52:00,54.25,54.25,54.25,54.25,0,27.900928,77000,3590.35,3600.0
2022-03-24 13:53:00,54.25,54.25,54.25,54.25,0,27.900928,77000,3590.25,3600.0
2022-03-24 13:54:00,54.25,54.25,54.25,54.25,0,27.900928,77000,3590.25,3600.0
2022-03-24 13:55:00,54.25,54.25,54.25,54.25,0,27.900928,77000,3587.5,3580.0
2022-03-24 13:56:00,54.25,54.25,54.25,54.25,0,27.900928,77000,3590.25,3600.0
2022-03-24 13:57:00,54.25,54.25,54.25,54.25,0,27.900928,77000,3585.65,3580.0
2022-03-24 13:58:00,54.25,54.25,54.25,54.25,0,27.900928,77000,3590.25,3600.0
2022-03-24 13:59:00,54.25,54.25,54.25,54.25,0,27.900928,77000,3589.65,3580.0
2022-03-24 14:00:00,53.9,54.8,53.9,54.8,500,28.115488,77250,3590.55,3600.0
2022-03-24 14:01:00,54.8,54.8,54.8,54.8,0,28.115488,77250,3590.55,3600.0
2022-03-24 14:02:00,54.8,54.8,54.8,54.8,0,28.115488,77250,3589.5,3580.0
2022-03-24 14:03:00,54.8,54.8,54.8,54.8,0,28.115488,77250,3590.55,3600.0
2022-03-24 14:04:00,54.8,54.8,54.8,54.8,0,28.115488,77250,3590.55,3600.0
2022-03-24 14:05:00,54.8,54.8,54.8,54.8,0,28.115488,77250,3594.1,3600.0
2022-03-24 14:06:00,55.65,55.65,55.65,55.65,500,27.867742,76500,3593.25,3600.0
2022-03-24 14:07:00,55.65,55.65,55.65,55.65,0,27.867742,76500,3593.25,3600.0
2022-03-24 14:08:00,56.6,57.0,56.6,57.0,500,28.878859,76500,3591.95,3600.0
2022-03-24 14:09:00,57.0,57.0,57.0,57.0,0,28.878859,76500,3591.95,3600.0
2022-03-24 14:10:00,57.0,57.0,57.0,57.0,0,28.878859,76500,3591.95,3600.0
2022-03-24 14:11:00,57.0,57.0,57.0,57.0,0,28.878859,76500,3591.95,3600.0
2022-03-24 14:12:00,66.7,66.7,65.8,65.8,500,29.229202,6500,3588.0,3580.0
2022-03-24 14:13:00,65.8,65.8,65.8,65.8,0,29.229202,6500,3588.0,3580.0
2022-03-24 14:14:00,65.8,65.8,65.8,65.8,0,29.229202,6500,3588.0,3580.0
2022-03-24 14:15:00,65.8,65.8,65.8,65.8,0,29.229202,6500,3588.0,3580.0
2022-03-24 14:16:00,65.8,65.8,65.8,65.8,0,29.229202,6500,3588.0,3580.0
2022-03-24 14:17:00,65.8,65.8,65.8,65.8,0,29.229202,6500,3588.0,3580.0
2022-03-24 14:18:00,65.8,65.8,65.8,65.8,0,29.229202,6500,3581.6,3580.0
2022-03-24 14:19:00,65.8,65.8,65.8,65.8,0,29.229202,6500,3580.4,3580.0
2022-03-24 14:20:00,65.8,65.8,65.8,65.8,0,29.229202,6500,3588.0,3580.0
2022-03-24 14:21:00,65.8,65.8,65.8,65.8,0,29.229202,6500,3588.0,3580.0
2022-03-24 14:22:00,65.8,65.8,65.8,65.8,0,29.229202,6500,3588.0,3580.0
2022-03-24 14:23:00,65.8,65.8,65.8,65.8,0,29.229202,6500,3586.3,3580.0
2022-03-24 14:24:00,65.8,65.8,65.8,65.8,0,29.229202,6500,3588.5,3580.0
2022-03-24 14:25:00,65.8,65.8,65.8,65.8,0,29.229202,6500,3588.0,3580.0
2022-03-24 14:26:00,55.75,55.75,55.75,55.75,250,28.608043,76500,3590.65,3600.0
2022-03-24 14:27:00,55.75,55.75,55.75,55.75,250,28.710265,76500,3590.25,3600.0
2022-03-24 14:28:00,55.75,55.75,55.75,55.75,0,28.710265,76500,3591.0,3600.0
2022-03-24 14:29:00,55.75,55.75,55.75,55.75,0,28.710265,76500,3582.7,3580.0
2022-03-24 14:30:00,55.75,55.75,55.75,55.75,0,28.710265,76500,3590.25,3600.0
2022-03-24 14:31:00,55.75,55.75,55.75,55.75,0,28.710265,76500,3590.25,3600.0
2022-03-24 14:32:00,55.75,55.75,55.75,55.75,0,28.710265,76500,3590.25,3600.0
2022-03-24 14:33:00,55.75,55.75,55.75,55.75,0,28.710265,76500,3590.25,3600.0
2022-03-24 14:34:00,55.75,55.75,55.75,55.75,0,28.710265,76500,3590.25,3600.0
2022-03-24 14:35:00,55.75,55.75,55.75,55.75,0,28.710265,76500,3590.25,3600.0
2022-03-24 14:36:00,55.75,55.75,55.75,55.75,0,28.710265,76500,3590.25,3600.0
2022-03-24 14:37:00,55.75,55.75,55.75,55.75,0,28.710265,76500,3590.25,3600.0
2022-03-24 14:38:00,55.75,55.75,55.75,55.75,0,28.710265,76500,3590.25,3600.0
2022-03-24 14:39:00,55.75,55.75,55.75,55.75,0,28.710265,76500,3590.25,3600.0
2022-03-24 14:40:00,55.75,55.75,55.75,55.75,0,28.710265,76500,3590.25,3600.0
2022-03-24 14:41:00,59.5,60.6,59.05,60.6,1500,30.944231,63000,3591.15,3600.0
2022-03-24 14:42:00,60.6,60.6,60.6,60.6,0,30.944231,63000,3591.15,3600.0
2022-03-24 14:43:00,60.6,60.6,60.6,60.6,0,30.944231,63000,3591.15,3600.0
2022-03-24 14:44:00,60.6,60.6,60.6,60.6,0,30.944231,63000,3591.15,3600.0
2022-03-24 14:45:00,60.6,61.0,60.6,61.0,500,30.167866,62000,3595.0,3600.0
2022-03-24 14:46:00,61.0,63.4,61.0,63.4,500,31.156056,62000,3595.85,3600.0
2022-03-24 14:47:00,63.4,63.4,63.4,63.4,0,31.156056,62000,3595.85,3600.0
2022-03-24 14:48:00,63.35,63.35,63.35,63.35,250,30.573897,62000,3598.0,3600.0
2022-03-24 14:49:00,63.05,63.3,63.05,63.3,500,30.248111,62500,3599.15,3600.0
2022-03-24 14:50:00,63.3,63.3,62.25,62.25,1750,29.97173,62500,3598.2,3600.0
2022-03-24 14:51:00,62.25,62.25,60.9,60.9,500,29.80382,62500,3596.25,3600.0
2022-03-24 14:52:00,60.9,60.9,60.15,60.15,250,29.868128,62750,3594.55,3600.0
2022-03-24 14:53:00,60.15,60.15,59.85,59.85,750,29.628689,62750,3594.9,3600.0
2022-03-24 14:54:00,59.85,59.9,59.85,59.9,250,29.110611,62750,3597.0,3600.0
2022-03-24 14:55:00,59.9,59.9,59.9,59.9,0,29.110611,62750,3597.0,3600.0
2022-03-24 14:56:00,59.9,60.8,59.85,60.8,500,29.644672,63500,3596.7,3600.0
2022-03-24 14:57:00,60.8,60.8,60.4,60.4,250,29.834369,63500,3595.2,3600.0
2022-03-24 14:58:00,59.9,60.95,59.9,60.95,500,29.12052,63000,3599.0,3600.0
2022-03-24 14:59:00,60.25,60.25,60.25,60.25,750,29.372943,63000,3596.7,3600.0
2022-03-24 15:00:00,60.25,60.25,60.25,60.25,0,29.372943,63000,3596.7,3600.0
2022-03-24 15:01:00,60.25,60.25,59.7,59.7,500,28.955997,63500,3597.25,3600.0
2022-03-24 15:02:00,59.75,59.75,59.75,59.75,500,28.930457,63500,3597.45,3600.0
2022-03-24 15:03:00,59.0,59.0,59.0,59.0,250,28.463052,63500,3597.8,3600.0
2022-03-24 15:04:00,59.0,59.0,58.0,58.0,250,29.344224,63750,3592.45,3600.0
2022-03-24 15:05:00,58.0,58.0,58.0,58.0,500,29.409519,63750,3592.2,3600.0
2022-03-24 15:06:00,58.0,58.0,58.0,58.0,0,29.409519,63750,3583.85,3580.0
2022-03-24 15:07:00,58.0,58.0,58.0,58.0,0,29.409519,63750,3579.05,3580.0
2022-03-24 15:08:00,58.0,58.0,58.0,58.0,0,29.409519,63750,3580.0,3580.0
2022-03-24 15:09:00,58.0,58.0,58.0,58.0,0,29.409519,63750,3576.8,3580.0
2022-03-24 15:10:00,58.0,58.0,58.0,58.0,0,29.409519,63750,3592.2,3600.0
2022-03-24 15:11:00,65.8,65.8,65.5,65.5,250,31.97412,6250,3577.65,3580.0
2022-03-24 15:12:00,65.5,65.5,65.5,65.5,0,31.97412,6250,3577.65,3580.0
2022-03-24 15:13:00,65.5,65.5,65.5,65.5,0,31.97412,6250,3577.65,3580.0
2022-03-24 15:14:00,65.5,65.5,65.5,65.5,0,31.97412,6250,3577.65,3580.0
2022-03-24 15:15:00,65.5,65.5,64.9,64.9,250,31.545587,6250,3578.15,3580.0
2022-03-24 15:16:00,64.9,64.9,64.9,64.9,0,31.545587,6250,3578.15,3580.0
2022-03-24 15:17:00,64.9,64.9,64.9,64.9,0,31.545587,6250,3578.15,3580.0
2022-03-24 15:18:00,64.9,64.9,64.9,64.9,0,31.545587,6250,3578.15,3580.0
2022-03-24 15:19:00,64.9,65.85,64.9,65.85,250,30.465542,6250,3584.0,3580.0
2022-03-24 15:20:00,65.85,65.85,65.85,65.85,0,30.465542,6250,3584.0,3580.0
2022-03-24 15:21:00,65.85,65.85,65.85,65.85,0,30.465542,6250,3584.95,3580.0
2022-03-24 15:22:00,65.85,65.85,65.85,65.85,0,30.465542,6250,3584.0,3580.0
2022-03-24 15:23:00,65.85,65.85,65.85,65.85,0,30.465542,6250,3584.0,3580.0
2022-03-24 15:24:00,65.85,65.85,65.85,65.85,0,30.465542,6250,3584.0,3580.0
2022-03-24 15:25:00,65.85,65.85,65.85,65.85,0,30.465542,6250,3584.0,3580.0
2022-03-24 15:26:00,65.85,65.85,65.85,65.85,0,30.465542,6250,3582.75,3580.0
2022-03-24 15:27:00,65.85,65.85,65.85,65.85,0,30.465542,6250,3584.0,3580.0
2022-03-24 15:28:00,65.85,65.85,65.85,65.85,0,30.465542,6250,3579.8,3580.0
2022-03-24 15:29:00,65.85,65.85,65.85,65.85,0,30.465542,6250,3584.0,3580.0
2022-03-25 09:15:00,60.0,60.0,58.3,58.3,1000,30.733549,66500,3595.0,3600.0
2022-03-25 09:16:00,55.8,61.25,55.8,61.25,1250,30.856898,66500,3600.25,3600.0
2022-03-25 09:17:00,61.25,61.25,59.2,59.2,500,29.358441,66500,3601.7,3600.0
2022-03-25 09:18:00,60.0,60.0,60.0,60.0,500,30.012199,66500,3600.9,3600.0
2022-03-25 09:19:00,60.0,60.0,60.0,60.0,1500,27.455076,66500,3609.75,3600.0
2022-03-25 09:20:00,60.0,64.0,60.0,64.0,3000,29.804984,65750,3609.05,3600.0
2022-03-25 09:21:00,64.0,64.0,64.0,64.0,0,29.804984,65750,3611.0,3600.0
2022-03-25 09:22:00,55.0,59.35,55.0,58.0,1500,29.105059,7250,3619.75,3620.0
2022-03-25 09:23:00,58.0,58.0,57.95,58.0,750,29.632464,7500,3617.85,3620.0
2022-03-25 09:24:00,60.0,64.95,60.0,64.95,2250,30.289442,7500,3628.55,3620.0
2022-03-25 09:25:00,51.8,53.4,51.8,53.4,7500,29.049749,23750,3630.35,3640.0
2022-03-25 09:26:00,54.35,60.0,54.35,57.95,9000,29.178734,29000,3638.8,3640.0
2022-03-25 09:27:00,60.0,61.95,60.0,61.95,8750,28.735371,29000,3647.85,3640.0
2022-03-25 09:28:00,60.9,62.0,60.9,62.0,2000,30.07865,29000,3643.25,3640.0
2022-03-25 09:29:00,62.0,62.0,60.1,61.1,3750,29.956861,31750,3642.0,3640.0
2022-03-25 09:30:00,61.9,61.95,61.25,61.95,3750,29.84407,31750,3644.0,3640.0
2022-03-25 09:31:00,61.15,61.15,57.95,58.0,10750,30.611719,31750,3633.65,3640.0
2022-03-25 09:32:00,57.4,58.0,57.4,58.0,1250,31.331517,38750,3630.95,3640.0
2022-03-25 09:33:00,67.0,67.05,67.0,67.05,1000,32.446451,11750,3625.0,3620.0
2022-03-25 09:34:00,68.1,68.1,64.7,64.7,1250,32.219388,11750,3621.4,3620.0
2022-03-25 09:35:00,64.7,64.7,62.2,62.2,500,31.840101,12750,3618.0,3620.0
2022-03-25 09:36:00,58.05,59.25,58.05,59.25,2000,29.332026,12750,3621.4,3620.0
2022-03-25 09:37:00,60.6,61.0,60.6,61.0,2750,28.982289,12750,3625.9,3620.0
2022-03-25 09:38:00,63.5,64.95,63.5,64.95,1250,30.606833,12750,3627.55,3620.0
2022-03-25 09:39:00,64.7,64.7,60.0,60.0,7250,29.170436,16500,3623.4,3620.0
2022-03-25 09:40:00,63.0,63.0,61.9,61.9,1250,32.061361,16500,3616.65,3620.0
2022-03-25 09:41:00,61.9,61.9,60.9,61.0,1500,31.954041,16750,3615.3,3620.0
2022-03-25 09:42:00,59.95,60.75,59.95,60.0,2750,30.146581,16750,3619.95,3620.0
2022-03-25 09:43:00,60.0,60.9,60.0,60.9,250,30.834405,16750,3619.2,3620.0
2022-03-25 09:44:00,60.9,62.0,60.9,62.0,500,31.197605,16750,3620.0,3620.0
2022-03-25 09:45:00,62.0,62.0,61.65,61.65,250,31.013805,18250,3620.0,3620.0
2022-03-25 09:46:00,60.0,60.1,58.2,58.2,1250,29.449038,18250,3619.05,3620.0
2022-03-25 09:47:00,58.2,58.2,58.2,58.2,0,29.449038,18250,3618.0,3600.0
2022-03-25 09:48:00,58.0,58.8,54.1,55.75,3500,28.84128,18250,3616.55,3620.0
2022-03-25 09:49:00,52.0,54.65,52.0,54.65,1500,26.828334,18250,3621.7,3620.0
2022-03-25 09:50:00,56.2,57.0,56.2,57.0,1750,27.267088,18250,3624.55,3620.0
2022-03-25 09:51:00,57.0,57.0,56.25,56.25,1000,27.027761,19750,3624.0,3620.0
2022-03-25 09:52:00,56.25,57.8,56.25,57.8,500,27.566589,19750,3625.0,3620.0
2022-03-25 09:53:00,57.8,57.8,57.8,57.8,0,27.566589,19750,3623.95,3640.0
2022-03-25 09:54:00,58.4,58.4,58.4,58.4,500,28.104533,20000,3624.25,3620.0
2022-03-25 09:55:00,59.2,59.2,59.2,59.2,1250,27.73759,20000,3627.0,3620.0
2022-03-25 09:56:00,59.2,61.0,59.2,61.0,1000,28.259563,20000,3628.5,3620.0
2022-03-25 09:57:00,61.0,61.0,61.0,61.0,250,28.128951,20000,3628.95,3620.0
2022-03-25 09:58:00,53.95,54.0,53.9,54.0,5000,27.644749,45000,3637.0,3640.0
2022-03-25 09:59:00,53.5,55.7,53.5,55.6,3750,27.512148,47000,3640.55,3640.0
2022-03-25 10:00:00,55.7,58.6,55.7,57.25,4750,26.85497,47000,3645.95,3640.0
2022-03-25 10:01:00,57.25,58.3,56.5,58.3,1500,27.109024,47000,3647.0,3640.0
2022-03-25 10:02:00,58.4,58.55,57.5,57.5,2750,27.606567,46500,3643.8,3640.0
2022-03-25 10:03:00,58.0,58.0,56.05,56.05,2250,26.798425,46500,3643.95,3640.0
2022-03-25 10:04:00,56.4,57.0,56.4,57.0,2000,28.009043,46500,3641.45,3640.0
2022-03-25 10:05:00,55.5,55.5,53.0,53.0,3000,27.468682,45000,3635.75,3640.0
2022-03-25 10:06:00,53.0,55.0,52.5,54.8,1750,27.254591,45000,3640.0,3640.0
2022-03-25 10:07:00,54.8,54.8,54.15,54.15,1250,27.46563,45000,3638.0,3640.0
2022-03-25 10:08:00,54.15,54.15,54.0,54.0,500,27.112514,45000,3639.0,3640.0
2022-03-25 10:09:00,54.0,55.55,53.9,55.4,1500,27.646287,45000,3639.75,3640.0
2022-03-25 10:10:00,55.4,55.4,55.15,55.15,250,27.751263,45000,3638.9,3640.0
2022-03-25 10:11:00,55.15,55.5,55.15,55.4,500,27.898921,45750,3638.85,3640.0
2022-03-25 10:12:00,55.4,55.4,54.05,54.05,500,28.035496,45750,3635.75,3640.0
2022-03-25 10:13:00,61.9,61.9,61.9,61.9,2000,29.656465,19250,3625.45,3620.0
2022-03-25 10:14:00,49.0,50.6,49.0,50.6,1250,26.821719,47500,3633.5,3640.0
2022-03-25 10:15:00,50.6,52.5,50.6,52.5,750,26.675973,47500,3637.75,3640.0
2022-03-25 10:16:00,52.5,53.0,52.5,53.0,500,27.433286,47500,3635.95,3640.0
2022-03-25 10:17:00,53.0,53.0,51.3,51.3,2250,27.009121,48250,3634.2,3640.0
2022-03-25 10:18:00,51.3,52.3,51.3,52.3,250,27.24287,48250,3635.3,3640.0
2022-03-25 10:19:00,52.3,53.0,52.3,53.0,250,27.709176,48250,3634.95,3640.0
2022-03-25 10:20:00,53.0,53.0,53.0,53.0,500,27.926383,48250,3634.15,3640.0
2022-03-25 10:21:00,53.0,53.0,51.0,51.0,1250,27.946065,49250,3630.1,3640.0
2022-03-25 10:22:00,51.0,51.0,50.0,50.0,750,27.405435,49250,3630.15,3640.0
2022-03-25 10:23:00,50.0,50.0,50.0,50.0,0,27.405435,49250,3631.1,3640.0
2022-03-25 10:24:00,50.0,50.0,50.0,50.0,500,27.435091,50750,3630.05,3640.0
2022-03-25 10:25:00,58.75,58.75,58.15,58.15,1000,26.536993,19750,3629.35,3620.0
2022-03-25 10:26:00,58.15,58.15,58.15,58.15,0,26.536993,19750,3629.2,3640.0
2022-03-25 10:27:00,58.15,58.15,58.15,58.15,0,26.536993,19750,3628.85,3640.0
2022-03-25 10:28:00,58.15,58.15,58.15,58.15,0,26.536993,19750,3629.0,3640.0
2022-03-25 10:29:00,58.15,58.15,58.1,58.1,250,26.442561,18750,3629.6,3620.0
2022-03-25 10:30:00,56.65,56.65,53.3,53.3,2250,25.837438,18750,3622.9,3620.0
2022-03-25 10:31:00,53.3,54.45,53.3,54.45,500,26.19404,18750,3623.8,3620.0
2022-03-25 10:32:00,56.05,56.05,55.9,55.9,1000,26.810413,18750,3624.35,3620.0
2022-03-25 10:33:00,55.9,55.9,55.9,55.9,250,26.421651,19250,3625.7,3620.0
2022-03-25 10:34:00,55.9,55.9,55.25,55.25,500,25.740553,19250,3626.85,3620.0
2022-03-25 10:35:00,55.25,55.9,55.25,55.9,750,26.424997,19250,3625.7,3620.0
2022-03-25 10:36:00,55.9,55.9,55.2,55.2,250,26.227286,19250,3625.1,3620.0
2022-03-25 10:37:00,55.2,55.2,55.0,55.0,750,26.525894,19250,3623.7,3620.0
2022-03-25 10:38:00,55.0,55.0,55.0,55.0,0,26.525894,19250,3624.3,3640.0
2022-03-25 10:39:00,55.0,55.0,55.0,55.0,0,26.525894,19250,3624.15,3640.0
2022-03-25 10:40:00,55.0,55.0,55.0,55.0,0,26.525894,19250,3622.5,3640.0
2022-03-25 10:41:00,55.0,55.0,55.0,55.0,250,25.838003,19250,3626.1,3620.0
2022-03-25 10:42:00,55.0,55.0,53.55,54.5,750,25.235135,19000,3627.25,3620.0
2022-03-25 10:43:00,47.25,50.0,47.25,50.0,1000,25.878183,52000,3636.0,3640.0
2022-03-25 10:44:00,50.0,50.5,50.0,50.5,500,26.158076,52000,3635.95,3640.0
2022-03-25 10:45:00,50.5,50.5,50.5,50.5,500,26.417268,52500,3635.0,3640.0
2022-03-25 10:46:00,50.5,52.0,50.5,52.0,3250,27.172465,52500,3635.15,3640.0
2022-03-25 10:47:00,52.0,52.0,50.15,50.15,500,26.113477,52500,3635.45,3640.0
2022-03-25 10:48:00,50.15,50.15,49.4,49.4,1000,26.749461,53500,3631.6,3640.0
2022-03-25 10:49:00,48.05,50.0,48.0,50.0,750,25.724444,53500,3636.6,3640.0
2022-03-25 10:50:00,50.0,50.0,50.0,50.0,500,25.231578,53500,3638.4,3640.0
2022-03-25 10:51:00,51.0,52.05,51.0,52.05,3500,24.555445,53250,3644.65,3640.0
2022-03-25 10:52:00,52.05,54.0,52.05,54.0,500,25.950765,53250,3643.4,3640.0
2022-03-25 10:53:00,52.95,54.0,52.95,54.0,2250,25.838129,53250,3643.8,3640.0
2022-03-25 10:54:00,54.0,55.0,54.0,55.0,1750,25.620399,51500,3646.4,3640.0
2022-03-25 10:55:00,55.0,55.0,54.45,54.45,1250,25.095692,51500,3647.2,3640.0
2022-03-25 10:56:00,54.45,54.45,54.45,54.45,0,25.095692,51500,3645.3,3640.0
2022-03-25 10:57:00,54.45,55.0,54.45,55.0,1500,25.872108,50500,3645.55,3640.0
2022-03-25 10:58:00,55.0,55.0,54.0,54.7,1750,26.00287,50500,3644.55,3640.0
2022-03-25 10:59:00,54.7,54.7,53.4,53.4,250,25.615271,50500,3643.5,3640.0
2022-03-25 11:00:00,53.4,53.4,53.4,53.4,0,25.615271,50500,3642.7,3640.0
2022-03-25 11:01:00,53.4,53.4,53.4,53.4,0,25.615271,50500,3643.55,3640.0
2022-03-25 11:02:00,52.45,52.45,52.45,52.45,1500,25.528475,50000,3642.05,3640.0
2022-03-25 11:03:00,53.1,54.0,53.1,54.0,1000,25.73989,50000,3644.2,3640.0
2022-03-25 11:04:00,54.85,55.1,54.5,54.5,2750,25.661287,50000,3645.4,3640.0
2022-03-25 11:05:00,55.0,55.5,55.0,55.5,3500,26.16554,50000,3645.5,3640.0
2022-03-25 11:06:00,55.75,56.0,55.75,56.0,1250,26.562859,52500,3645.05,3640.0
2022-03-25 11:07:00,56.0,57.3,56.0,57.3,2000,25.865029,52500,3649.8,3640.0
2022-03-25 11:08:00,48.0,51.5,48.0,50.2,10500,25.887276,51750,3655.95,3660.0
2022-03-25 11:09:00,50.6,53.0,50.6,51.0,4500,26.567148,51750,3655.0,3660.0
2022-03-25 11:10:00,61.0,61.0,58.5,58.5,3000,26.480344,52750,3649.9,3640.0
2022-03-25 11:11:00,49.6,50.6,49.35,50.6,2500,26.628015,53750,3654.0,3660.0
2022-03-25 11:12:00,50.6,51.0,50.0,51.0,4750,27.465342,53750,3651.65,3660.0
2022-03-25 11:13:00,51.3,51.3,50.0,50.0,2250,26.421867,53750,3653.6,3660.0
2022-03-25 11:14:00,50.9,50.9,50.85,50.85,1250,27.191168,53750,3652.4,3660.0
2022-03-25 11:15:00,50.85,50.85,50.05,50.05,2000,27.206203,58000,3650.75,3660.0
2022-03-25 11:16:00,59.0,59.0,58.75,58.95,750,26.700811,49750,3650.0,3640.0
2022-03-25 11:17:00,50.1,52.0,50.1,52.0,2750,26.292483,57750,3658.0,3660.0
2022-03-25 11:18:00,51.95,51.95,51.9,51.9,3750,26.922052,57750,3655.5,3660.0
2022-03-25 11:19:00,51.9,52.2,51.9,52.0,2250,27.379991,57750,3654.0,3660.0
2022-03-25 11:20:00,52.25,53.0,52.25,53.0,5750,27.640616,57750,3655.0,3660.0
2022-03-25 11:21:00,52.25,52.25,51.8,51.8,4750,27.277914,62750,3654.0,3660.0
2022-03-25 11:22:00,50.05,51.0,50.05,50.15,4500,26.529367,62750,3653.55,3660.0
2022-03-25 11:23:00,50.15,51.7,50.15,51.65,1000,27.469273,62750,3653.0,3660.0
2022-03-25 11:24:00,51.65,51.65,50.5,50.5,750,27.076543,63500,3652.2,3660.0
2022-03-25 11:25:00,50.5,50.95,50.5,50.95,3000,27.368776,63500,3652.0,3660.0
2022-03-25 11:26:00,51.0,51.0,50.1,50.5,2000,26.747484,63500,3653.45,3660.0
2022-03-25 11:27:00,50.5,51.0,50.5,51.0,250,27.066446,65250,3653.25,3660.0
2022-03-25 11:28:00,59.9,59.9,58.75,59.65,750,27.094918,48500,3650.0,3640.0
2022-03-25 11:29:00,50.0,50.5,50.0,50.5,3000,27.13804,65250,3652.0,3660.0
2022-03-25 11:30:00,50.5,51.05,50.25,50.25,1250,27.324338,67500,3650.8,3660.0
2022-03-25 11:31:00,50.25,51.0,50.05,51.0,1000,27.405499,67500,3652.0,3660.0
2022-03-25 11:32:00,50.8,50.8,50.75,50.75,2250,27.394213,67500,3651.55,3660.0
2022-03-25 11:33:00,50.75,50.75,50.0,50.0,250,27.210552,67500,3650.75,3660.0
2022-03-25 11:34:00,49.5,50.1,49.5,50.1,750,27.317652,67500,3650.55,3660.0
2022-03-25 11:35:00,60.0,60.0,56.0,56.0,750,25.677527,48250,3648.25,3640.0
2022-03-25 11:36:00,56.55,56.55,56.55,56.55,1000,26.14937,47750,3647.65,3640.0
2022-03-25 11:37:00,56.55,56.55,56.55,56.55,0,26.14937,47750,3650.0,3640.0
2022-03-25 11:38:00,56.55,56.55,56.55,56.55,0,26.14937,47750,3651.5,3640.0
2022-03-25 11:39:00,48.0,49.1,48.0,49.1,250,26.415465,66000,3652.0,3660.0
2022-03-25 11:40:00,49.5,49.9,49.5,49.9,1250,26.945627,66000,3651.6,3660.0
2022-03-25 11:41:00,49.9,50.5,49.9,50.5,1000,27.065727,66000,3652.35,3660.0
2022-03-25 11:42:00,50.5,50.5,50.5,50.5,1250,27.160252,67000,3652.0,3660.0
2022-03-25 11:43:00,50.5,50.5,50.15,50.15,500,27.33326,67000,3650.65,3660.0
2022-03-25 11:44:00,49.0,49.0,49.0,49.0,250,26.634954,67000,3651.0,3660.0
2022-03-25 11:45:00,49.0,49.0,49.0,49.0,0,26.634954,67000,3647.6,3640.0
2022-03-25 11:46:00,57.8,57.95,57.8,57.95,500,26.544535,47250,3648.9,3640.0
2022-03-25 11:47:00,57.95,57.95,57.95,57.95,0,26.544535,47250,3649.0,3640.0
2022-03-25 11:48:00,57.95,57.95,57.95,57.95,0,26.544535,47250,3649.25,3640.0
2022-03-25 11:49:00,57.95,57.95,57.95,57.95,0,26.544535,47250,3649.0,3640.0
2022-03-25 11:50:00,57.95,57.95,57.95,57.95,0,26.544535,47250,3648.0,3640.0
2022-03-25 11:51:00,57.05,57.05,56.35,56.35,500,25.979374,46750,3647.95,3640.0
2022-03-25 11:52:00,56.35,56.35,56.35,56.35,250,26.128202,46750,3647.45,3640.0
2022-03-25 11:53:00,56.35,56.35,54.8,54.8,1000,25.508139,46750,3646.75,3640.0
2022-03-25 11:54:00,54.8,54.8,53.15,54.3,2250,25.549631,45250,3645.7,3640.0
2022-03-25 11:55:00,54.0,54.0,54.0,54.0,500,24.981663,45250,3647.1,3640.0
2022-03-25 11:56:00,54.0,54.0,54.0,54.0,0,24.981663,45250,3647.75,3640.0
2022-03-25 11:57:00,56.15,56.2,55.0,55.0,1000,26.072873,44000,3645.2,3640.0
2022-03-25 11:58:00,55.0,55.0,54.0,54.0,250,25.700647,44000,3644.65,3640.0
2022-03-25 11:59:00,54.0,55.5,54.0,55.5,750,26.081375,44000,3646.1,3640.0
2022-03-25 12:00:00,55.0,55.0,55.0,55.0,500,26.809881,44250,3642.65,3640.0
2022-03-25 12:01:00,55.0,55.0,55.0,55.0,0,26.809881,44250,3643.0,3640.0
2022-03-25 12:02:00,55.0,55.0,55.0,55.0,0,26.809881,44250,3645.55,3640.0
2022-03-25 12:03:00,55.0,55.0,55.0,55.0,0,26.809881,44250,3642.0,3640.0
2022-03-25 12:04:00,52.0,52.0,52.0,52.0,1750,24.889611,44250,3643.8,3640.0
2022-03-25 12:05:00,51.75,51.75,51.0,51.0,1000,24.944466,44250,3641.75,3640.0
2022-03-25 12:06:00,51.0,51.0,51.0,51.0,0,24.944466,44250,3641.15,3640.0
2022-03-25 12:07:00,51.0,51.0,51.0,51.0,0,24.944466,44250,3640.6,3640.0
2022-03-25 12:08:00,51.0,51.0,51.0,51.0,250,24.878239,42500,3642.0,3640.0
2022-03-25 12:09:00,51.0,51.0,50.0,50.0,1250,24.574274,42500,3641.2,3640.0
2022-03-25 12:10:00,50.0,52.75,50.0,52.75,1000,25.05377,42500,3644.65,3640.0
2022-03-25 12:11:00,53.15,53.15,51.75,51.75,1750,24.303874,42500,3645.4,3640.0
2022-03-25 12:12:00,51.75,53.95,51.75,53.95,500,24.923398,42000,3647.3,3640.0
2022-03-25 12:13:00,53.95,53.95,53.95,53.95,0,24.923398,42000,3646.9,3640.0
2022-03-25 12:14:00,53.1,53.95,53.1,53.95,500,24.376858,42000,3649.15,3640.0
2022-03-25 12:15:00,53.95,53.95,52.55,52.55,1000,24.911659,42500,3644.8,3640.0
2022-03-25 12:16:00,52.75,52.75,52.75,52.75,500,24.347264,42500,3647.1,3640.0
2022-03-25 12:17:00,52.75,52.75,52.75,52.75,0,24.347264,42500,3647.3,3640.0
2022-03-25 12:18:00,52.75,52.75,52.75,52.75,0,24.347264,42500,3647.1,3640.0
2022-03-25 12:19:00,54.0,54.0,54.0,54.0,1000,24.990893,42000,3647.2,3640.0
2022-03-25 12:20:00,53.35,53.35,52.0,52.0,1750,25.145027,42000,3643.0,3640.0
2022-03-25 12:21:00,52.0,52.0,52.0,52.0,0,25.145027,42000,3641.95,3640.0
2022-03-25 12:22:00,52.0,52.0,52.0,52.0,0,25.145027,42000,3640.75,3640.0
2022-03-25 12:23:00,52.0,52.0,50.6,50.6,500,24.986846,42250,3640.95,3640.0
2022-03-25 12:24:00,50.6,50.6,50.6,50.6,0,24.986846,42250,3642.45,3640.0
2022-03-25 12:25:00,52.0,52.0,51.4,51.4,2000,25.132909,42000,3641.95,3640.0
2022-03-25 12:26:00,51.4,51.4,51.4,51.4,0,25.132909,42000,3642.0,3640.0
2022-03-25 12:27:00,51.4,51.4,51.4,51.4,0,25.132909,42000,3642.4,3640.0
2022-03-25 12:28:00,51.4,51.4,51.4,51.4,0,25.132909,42000,3641.05,3640.0
2022-03-25 12:29:00,50.1,50.1,50.1,50.1,250,24.574172,43750,3641.5,3640.0
2022-03-25 12:30:00,50.1,50.1,50.1,50.1,0,24.574172,43750,3641.3,3640.0
2022-03-25 12:31:00,50.1,50.1,50.1,50.1,0,24.574172,43750,3641.05,3640.0
2022-03-25 12:32:00,50.1,50.1,50.05,50.05,250,24.43852,43500,3641.9,3640.0
2022-03-25 12:33:00,50.05,51.05,50.0,51.05,1500,25.087067,43250,3641.5,3640.0
2022-03-25 12:34:00,51.05,53.0,51.05,53.0,750,25.153563,43250,3644.9,3640.0
2022-03-25 12:35:00,53.0,53.95,53.0,53.95,500,25.004744,43250,3647.15,3640.0
2022-03-25 12:36:00,53.95,53.95,53.3,53.3,500,24.996529,43750,3646.0,3640.0
2022-03-25 12:37:00,53.3,54.3,53.3,54.3,250,25.239472,43750,3647.0,3640.0
2022-03-25 12:38:00,54.3,55.8,54.3,55.8,1000,25.511215,43750,3648.8,3640.0
2022-03-25 12:39:00,55.8,55.8,55.8,55.8,250,25.153763,43500,3650.0,3640.0
2022-03-25 12:40:00,46.55,46.55,46.55,46.55,750,24.899803,65750,3653.0,3660.0
2022-03-25 12:41:00,46.55,47.45,46.55,47.45,1250,24.90867,65750,3654.75,3660.0
2022-03-25 12:42:00,48.0,48.0,47.0,47.95,2250,25.68515,65750,3652.85,3660.0
2022-03-25 12:43:00,47.55,47.55,46.65,46.65,2250,25.236936,65750,3651.95,3660.0
2022-03-25 12:44:00,46.65,47.6,46.65,47.6,250,25.636056,65750,3652.35,3660.0
2022-03-25 12:45:00,47.6,47.75,46.5,46.5,1000,25.173872,65750,3651.9,3660.0
2022-03-25 12:46:00,46.5,46.5,46.5,46.5,500,25.63697,65750,3650.15,3660.0
2022-03-25 12:47:00,46.5,46.5,46.5,46.5,0,25.63697,65750,3650.2,3640.0
2022-03-25 12:48:00,46.5,46.5,46.5,46.5,0,25.63697,65750,3651.9,3660.0
2022-03-25 12:49:00,46.65,47.55,46.65,47.55,500,25.856493,65750,3651.45,3660.0
2022-03-25 12:50:00,47.55,48.25,47.55,48.25,1500,25.844023,65750,3652.9,3660.0
2022-03-25 12:51:00,48.25,48.25,48.25,48.25,0,25.844023,65750,3649.4,3640.0
2022-03-25 12:52:00,47.3,47.3,47.0,47.15,500,25.978687,64500,3650.2,3660.0
2022-03-25 12:53:00,47.15,48.0,47.15,48.0,750,26.43156,64500,3650.2,3660.0
2022-03-25 12:54:00,48.0,48.0,48.0,48.0,0,26.43156,64500,3649.95,3640.0
2022-03-25 12:55:00,56.9,57.5,56.9,57.0,1250,26.99233,41500,3646.05,3640.0
2022-03-25 12:56:00,57.0,57.0,57.0,57.0,0,26.99233,41500,3647.8,3640.0
2022-03-25 12:57:00,57.0,57.0,54.0,54.95,750,25.737872,41250,3646.6,3640.0
2022-03-25 12:58:00,54.95,54.95,54.95,54.95,0,25.737872,41250,3646.5,3640.0
2022-03-25 12:59:00,54.95,54.95,54.95,54.95,0,25.737872,41250,3645.1,3640.0
2022-03-25 13:00:00,53.9,53.9,53.85,53.85,750,26.227019,41250,3642.9,3640.0
2022-03-25 13:01:00,53.35,53.35,53.35,53.35,750,25.846861,41500,3643.3,3640.0
2022-03-25 13:02:00,53.35,53.35,53.35,53.35,0,25.846861,41500,3643.55,3640.0
2022-03-25 13:03:00,53.35,53.5,53.35,53.5,250,25.584271,40750,3644.5,3640.0
2022-03-25 13:04:00,53.5,53.5,53.5,53.5,0,25.584271,40750,3645.8,3640.0
2022-03-25 13:05:00,53.5,53.5,53.5,53.5,0,25.584271,40750,3646.8,3640.0
2022-03-25 13:06:00,53.5,56.2,53.5,56.2,500,25.816802,41000,3648.65,3640.0
2022-03-25 13:07:00,56.2,56.2,56.2,56.2,0,25.816802,41000,3649.2,3640.0
2022-03-25 13:08:00,56.2,57.0,56.2,57.0,500,25.935953,41000,3649.7,3640.0
2022-03-25 13:09:00,47.45,47.45,47.45,47.45,1000,25.690487,63750,3652.0,3660.0
2022-03-25 13:10:00,47.45,48.0,47.45,48.0,750,26.31526,63750,3650.75,3660.0
2022-03-25 13:11:00,48.0,48.0,47.75,47.75,250,26.118107,63750,3651.0,3660.0
2022-03-25 13:12:00,57.0,57.0,55.8,55.8,250,25.492767,42000,3649.05,3640.0
2022-03-25 13:13:00,55.8,55.8,55.75,55.75,500,25.6614,41750,3648.4,3640.0
2022-03-25 13:14:00,55.75,55.75,55.75,55.75,0,25.6614,41750,3648.7,3640.0
2022-03-25 13:15:00,55.75,55.75,55.3,55.3,500,25.303917,41750,3648.8,3640.0
2022-03-25 13:16:00,55.3,55.3,55.3,55.3,0,25.303917,41750,3648.45,3640.0
2022-03-25 13:17:00,55.3,55.3,54.65,54.65,500,24.612504,41750,3649.95,3640.0
2022-03-25 13:18:00,54.65,54.65,54.65,54.65,0,24.612504,41750,3650.95,3640.0
2022-03-25 13:19:00,54.65,54.65,54.65,54.65,0,24.612504,41750,3648.9,3640.0
2022-03-25 13:20:00,54.35,54.35,54.35,54.35,250,25.129547,41500,3647.7,3640.0
2022-03-25 13:21:00,54.35,54.35,53.1,53.1,500,24.652953,41500,3647.05,3640.0
2022-03-25 13:22:00,53.1,53.1,53.1,53.1,0,24.652953,41500,3647.3,3640.0
2022-03-25 13:23:00,53.1,53.1,53.1,53.1,0,24.652953,41500,3647.7,3640.0
2022-03-25 13:24:00,53.1,53.1,53.0,53.0,250,26.070116,41500,3642.0,3640.0
2022-03-25 13:25:00,51.9,51.9,51.0,51.0,500,24.801738,41500,3642.7,3640.0
2022-03-25 13:26:00,51.0,51.0,49.3,49.3,1500,24.079992,41500,3642.05,3640.0
2022-03-25 13:27:00,50.0,50.0,50.0,50.0,750,24.284138,41500,3642.65,3640.0
2022-03-25 13:28:00,50.0,50.0,50.0,50.0,0,24.284138,41500,3642.95,3640.0
2022-03-25 13:29:00,50.0,50.0,49.5,49.5,500,24.191716,42500,3642.05,3640.0
2022-03-25 13:30:00,49.5,51.0,49.5,51.0,250,24.289532,42500,3644.5,3640.0
2022-03-25 13:31:00,51.0,51.0,51.0,51.0,0,24.289532,42500,3644.15,3640.0
2022-03-25 13:32:00,51.0,52.9,51.0,52.9,500,25.048651,42500,3645.4,3640.0
2022-03-25 13:33:00,52.9,53.0,52.9,53.0,250,24.514775,42500,3647.4,3640.0
2022-03-25 13:34:00,53.0,53.0,53.0,53.0,500,24.634952,42500,3647.0,3640.0
2022-03-25 13:35:00,53.0,53.0,53.0,53.0,0,24.634952,42500,3645.35,3640.0
2022-03-25 13:36:00,53.0,53.0,53.0,53.0,0,24.634952,42500,3645.35,3640.0
2022-03-25 13:37:00,53.0,53.0,53.0,53.0,0,24.634952,42500,3642.05,3640.0
2022-03-25 13:38:00,53.0,53.0,51.3,51.3,1000,25.169481,42500,3642.05,3640.0
2022-03-25 13:39:00,51.6,51.6,51.6,51.6,250,25.630543,42500,3641.0,3640.0
2022-03-25 13:40:00,51.6,51.6,50.0,50.0,750,25.479575,43000,3638.5,3640.0
2022-03-25 13:41:00,50.0,50.0,50.0,50.0,0,25.479575,43000,3642.0,3640.0
2022-03-25 13:42:00,50.0,50.0,50.0,50.0,0,25.479575,43000,3641.6,3640.0
2022-03-25 13:43:00,50.0,50.0,49.65,49.8,1250,24.503016,43500,3641.6,3640.0
2022-03-25 13:44:00,49.8,50.6,49.8,50.6,500,24.989902,43500,3641.4,3640.0
2022-03-25 13:45:00,49.9,49.9,49.9,49.9,1250,24.158269,44750,3643.0,3640.0
2022-03-25 13:46:00,49.85,50.75,49.85,50.75,500,24.61533,44750,3643.0,3640.0
2022-03-25 13:47:00,50.75,50.75,50.75,50.75,0,24.61533,44750,3642.0,3640.0
2022-03-25 13:48:00,50.75,50.75,48.6,48.6,1500,24.096141,44750,3640.8,3640.0
2022-03-25 13:49:00,48.6,48.6,48.6,48.6,0,24.096141,44750,3640.0,3640.0
2022-03-25 13:50:00,48.6,49.0,48.6,49.0,2750,23.101649,44750,3645.0,3640.0
2022-03-25 13:51:00,50.3,50.3,50.2,50.2,750,23.762086,42500,3644.95,3640.0
2022-03-25 13:52:00,50.2,51.35,50.2,51.35,1250,24.715514,42500,3643.8,3640.0
2022-03-25 13:53:00,51.35,51.35,51.35,51.35,0,24.715514,42500,3643.45,3640.0
2022-03-25 13:54:00,51.35,51.35,51.35,51.35,0,24.715514,42500,3643.1,3640.0
2022-03-25 13:55:00,51.35,51.35,49.6,49.6,250,23.912058,43750,3643.35,3640.0
2022-03-25 13:56:00,49.6,49.6,48.9,48.9,250,24.226775,43750,3640.95,3640.0
2022-03-25 13:57:00,48.9,48.9,48.9,48.9,0,24.226775,43750,3643.45,3640.0
2022-03-25 13:58:00,48.9,48.9,48.9,48.9,0,24.226775,43750,3642.15,3640.0
2022-03-25 13:59:00,48.9,48.9,48.9,48.9,0,24.226775,43750,3643.6,3640.0
2022-03-25 14:00:00,48.9,48.9,48.9,48.9,0,24.226775,43750,3645.5,3640.0
2022-03-25 14:01:00,51.35,51.5,51.35,51.5,750,23.931014,43750,3646.8,3640.0
2022-03-25 14:02:00,51.5,51.5,51.5,51.5,0,23.931014,43750,3648.05,3640.0
2022-03-25 14:03:00,51.5,51.5,51.5,51.5,0,23.931014,43750,3649.05,3640.0
2022-03-25 14:04:00,51.5,52.95,51.5,52.95,250,23.771096,44000,3649.95,3640.0
2022-03-25 14:05:00,52.95,52.95,51.35,51.35,1250,24.108043,44000,3645.95,3640.0
2022-03-25 14:06:00,51.35,52.0,51.35,51.9,1250,23.751453,43500,3648.15,3640.0
2022-03-25 14:07:00,51.9,51.9,51.9,51.9,0,23.751453,43500,3642.9,3640.0
2022-03-25 14:08:00,51.9,51.9,49.75,49.75,500,23.824276,43500,3644.0,3640.0
2022-03-25 14:09:00,49.75,51.55,49.75,51.55,250,24.51548,42500,3644.95,3640.0
2022-03-25 14:10:00,51.55,51.55,50.95,50.95,250,24.83318,42500,3642.75,3640.0
2022-03-25 14:11:00,50.95,50.95,48.35,48.35,500,23.46852,42500,3642.65,3640.0
2022-03-25 14:12:00,48.35,48.35,48.35,48.35,0,23.46852,42500,3642.55,3640.0
2022-03-25 14:13:00,48.35,49.1,48.35,49.1,250,23.205124,42250,3644.95,3640.0
2022-03-25 14:14:00,49.1,49.1,49.1,49.1,0,23.205124,42250,3642.7,3640.0
2022-03-25 14:15:00,49.1,49.1,49.1,49.1,0,23.205124,42250,3645.0,3640.0
2022-03-25 14:16:00,50.8,50.8,50.8,50.8,250,23.814817,42000,3646.0,3640.0
2022-03-25 14:17:00,50.8,50.8,50.8,50.8,0,23.814817,42000,3646.5,3640.0
2022-03-25 14:18:00,50.85,50.85,50.85,50.85,250,23.443858,42000,3647.35,3640.0
2022-03-25 14:19:00,50.85,50.9,50.85,50.9,750,23.991272,42000,3645.6,3640.0
2022-03-25 14:20:00,50.9,50.9,50.9,50.9,0,23.991272,42000,3645.65,3640.0
2022-03-25 14:21:00,50.85,50.85,50.85,50.85,250,24.754093,42000,3642.9,3640.0
2022-03-25 14:22:00,50.85,50.85,49.85,49.85,250,23.885352,42000,3644.05,3640.0
2022-03-25 14:23:00,49.85,50.1,49.85,50.1,250,24.224531,42000,3643.35,3640.0
2022-03-25 14:24:00,50.1,50.1,50.1,50.1,0,24.224531,42000,3647.0,3640.0
2022-03-25 14:25:00,50.1,50.1,50.1,50.1,0,24.224531,42000,3647.15,3640.0
2022-03-25 14:26:00,52.45,52.45,52.45,52.45,250,23.823582,42250,3649.0,3640.0
2022-03-25 14:27:00,53.4,53.4,52.15,52.15,500,23.964189,42000,3648.0,3640.0
2022-03-25 14:28:00,52.15,52.15,52.15,52.15,0,23.964189,42000,3648.1,3640.0
2022-03-25 14:29:00,52.15,52.15,52.0,52.0,1000,24.1999,42000,3646.95,3640.0
2022-03-25 14:30:00,52.0,52.0,52.0,52.0,500,23.601991,42000,3648.95,3640.0
2022-03-25 14:31:00,53.35,53.35,53.35,53.35,250,24.915489,41250,3647.0,3640.0
2022-03-25 14:32:00,53.3,53.3,53.3,53.3,250,24.756436,41250,3647.45,3640.0
2022-03-25 14:33:00,53.3,53.3,52.2,52.2,250,24.565771,41250,3646.1,3640.0
2022-03-25 14:34:00,52.2,53.3,52.2,53.3,250,24.580573,40750,3648.05,3640.0
2022-03-25 14:35:00,53.3,53.55,53.05,53.05,500,24.938092,40750,3646.4,3640.0
2022-03-25 14:36:00,51.75,51.75,51.75,51.75,250,24.372567,40750,3645.95,3640.0
2022-03-25 14:37:00,51.75,51.75,51.75,51.75,0,24.372567,40750,3646.45,3640.0
2022-03-25 14:38:00,51.75,51.75,51.75,51.75,0,24.372567,40750,3646.4,3640.0
2022-03-25 14:39:00,51.75,51.75,51.75,51.75,0,24.372567,40750,3646.05,3640.0
2022-03-25 14:40:00,51.75,51.75,51.75,51.75,0,24.372567,40750,3646.9,3640.0
2022-03-25 14:41:00,51.75,51.75,51.75,51.75,0,24.372567,40750,3647.0,3640.0
2022-03-25 14:42:00,51.75,51.75,51.75,51.75,0,24.372567,40750,3647.8,3640.0
2022-03-25 14:43:00,51.75,51.75,51.75,51.75,0,24.372567,40750,3648.5,3640.0
2022-03-25 14:44:00,51.75,51.75,51.2,51.2,500,24.368691,40000,3645.0,3640.0
2022-03-25 14:45:00,51.2,51.2,51.2,51.2,0,24.368691,40000,3644.55,3640.0
2022-03-25 14:46:00,51.2,51.2,51.2,51.2,0,24.368691,40000,3643.35,3640.0
2022-03-25 14:47:00,51.2,51.2,51.2,51.2,0,24.368691,40000,3643.3,3640.0
2022-03-25 14:48:00,51.2,51.2,48.3,48.3,750,24.072343,40250,3640.65,3640.0
2022-03-25 14:49:00,48.3,48.3,48.25,48.25,500,23.961582,40250,3640.95,3640.0
2022-03-25 14:50:00,48.25,48.25,48.25,48.25,0,23.961582,40250,3644.0,3640.0
2022-03-25 14:51:00,50.0,50.0,50.0,50.0,750,24.200758,40250,3643.4,3640.0
2022-03-25 14:52:00,50.0,50.0,50.0,50.0,0,24.200758,40250,3643.2,3640.0
2022-03-25 14:53:00,50.0,50.0,48.25,48.25,500,23.623926,40250,3642.15,3640.0
2022-03-25 14:54:00,48.25,48.25,48.25,48.25,0,23.623926,40250,3641.55,3640.0
2022-03-25 14:55:00,48.25,48.25,48.25,48.25,0,23.623926,40250,3641.25,3640.0
2022-03-25 14:56:00,48.25,49.45,48.25,49.0,4750,24.461184,40500,3640.65,3640.0
2022-03-25 14:57:00,49.15,49.3,49.15,49.3,2250,22.471362,40500,3648.0,3640.0
2022-03-25 14:58:00,50.5,51.0,50.0,50.3,28500,23.950254,44750,3644.85,3640.0
2022-03-25 14:59:00,50.95,51.0,50.3,50.3,18750,24.171296,44750,3644.1,3640.0
2022-03-25 15:00:00,50.3,52.05,50.3,52.05,10000,24.513717,49750,3646.15,3640.0
2022-03-25 15:01:00,43.0,45.2,43.0,44.15,6000,24.192476,62250,3651.7,3660.0
2022-03-25 15:02:00,54.0,54.0,53.0,53.2,1000,24.073893,49750,3649.7,3640.0
2022-03-25 15:03:00,45.0,45.35,45.0,45.35,1250,25.142504,62250,3650.55,3660.0
2022-03-25 15:04:00,45.35,45.35,45.35,45.35,0,25.142504,62250,3651.0,3640.0
2022-03-25 15:05:00,45.35,45.35,45.0,45.0,250,24.812801,64750,3651.1,3660.0
2022-03-25 15:06:00,45.5,47.0,45.0,47.0,7250,25.295075,64500,3653.3,3660.0
2022-03-25 15:07:00,47.4,47.4,46.0,46.0,5000,24.76225,64500,3653.3,3660.0
2022-03-25 15:08:00,46.75,46.75,46.75,46.75,1250,24.97568,64500,3654.0,3660.0
2022-03-25 15:09:00,46.4,46.5,46.4,46.5,2500,24.694546,69000,3654.55,3660.0
2022-03-25 15:10:00,46.5,48.0,46.5,48.0,2750,25.074532,69000,3656.1,3660.0
2022-03-25 15:11:00,48.0,49.3,48.0,49.3,1000,25.550796,69000,3656.9,3660.0
2022-03-25 15:12:00,48.9,48.95,48.85,48.95,4750,25.831925,69000,3655.2,3660.0
2022-03-25 15:13:00,49.0,49.05,49.0,49.05,2000,25.571997,67750,3656.35,3660.0
2022-03-25 15:14:00,49.0,49.0,47.2,47.2,2000,24.954337,67750,3655.0,3660.0
2022-03-25 15:15:00,47.3,47.75,47.3,47.75,3250,25.003936,67750,3655.9,3660.0
2022-03-25 15:16:00,47.7,47.7,47.0,47.0,3250,24.522252,67500,3656.2,3660.0
2022-03-25 15:17:00,48.0,48.0,48.0,48.0,250,25.509456,67500,3654.55,3660.0
2022-03-25 15:18:00,46.0,46.0,46.0,46.0,3500,24.685548,67500,3653.65,3660.0
2022-03-25 15:19:00,44.1,44.1,44.1,44.1,2500,24.100736,66750,3652.05,3660.0
2022-03-25 15:20:00,45.0,45.0,45.0,45.0,1250,23.404159,66750,3656.4,3660.0
2022-03-25 15:21:00,45.5,45.5,45.0,45.1,2000,23.582859,66750,3655.95,3660.0
2022-03-25 15:22:00,44.65,44.65,38.05,38.05,4500,19.510446,63250,3657.05,3660.0
2022-03-25 15:23:00,43.0,43.0,39.9,39.9,2250,20.390383,63250,3657.45,3660.0
2022-03-25 15:24:00,39.9,43.55,39.9,43.0,1750,22.423091,59250,3656.1,3660.0
2022-03-25 15:25:00,43.0,43.15,43.0,43.15,500,22.353354,59250,3656.65,3660.0
2022-03-25 15:26:00,43.15,43.7,42.4,43.7,4250,22.773021,59250,3656.2,3660.0
2022-03-25 15:27:00,43.7,43.7,42.45,42.45,1250,22.064531,59250,3656.35,3660.0
2022-03-25 15:28:00,44.0,44.0,43.0,43.0,1000,22.470232,58750,3655.95,3660.0
2022-03-25 15:29:00,43.0,43.0,41.2,41.2,1250,21.945359,58750,3654.35,3660.0
2022-03-25 15:30:00,41.2,41.2,41.2,41.2,750,21.946813,58750,3654.35,3660.0
2022-03-28 09:15:00,45.6,45.6,39.0,39.0,1000,26.178858,59750,3662.35,3660.0
2022-03-28 09:16:00,41.8,41.9,41.8,41.9,750,28.393548,29000,3681.65,3680.0
2022-03-28 09:17:00,41.85,41.85,37.8,37.8,3250,24.686985,29000,3683.6,3680.0
2022-03-28 09:18:00,41.85,41.85,41.85,41.85,1750,25.520155,28250,3688.9,3680.0
2022-03-28 09:19:00,37.55,40.0,37.55,40.0,29750,30.034738,171250,3693.0,3700.0
2022-03-28 09:20:00,39.95,41.0,39.0,41.0,96750,29.449777,171000,3696.65,3700.0
2022-03-28 09:21:00,41.0,45.05,40.6,41.8,66500,28.121293,171000,3701.8,3700.0
2022-03-28 09:22:00,51.85,51.85,50.95,50.95,2250,31.940607,26000,3689.4,3680.0
2022-03-28 09:23:00,40.05,42.0,40.05,41.95,16000,31.78571,191750,3692.05,3700.0
2022-03-28 09:24:00,41.8,43.0,41.8,43.0,28250,32.385839,191750,3692.5,3700.0
2022-03-28 09:25:00,42.5,43.1,42.0,43.1,38000,32.284507,191750,3693.0,3700.0
2022-03-28 09:26:00,44.0,47.25,44.0,46.05,35500,31.866178,193750,3700.0,3700.0
2022-03-28 09:27:00,46.05,50.0,45.05,49.7,57750,34.807131,193750,3699.15,3700.0
2022-03-28 09:28:00,49.95,50.2,49.0,50.0,56750,32.434292,193750,3706.0,3700.0
2022-03-28 09:29:00,49.5,49.5,48.8,48.95,44000,33.325225,207000,3701.7,3700.0
2022-03-28 09:30:00,48.85,52.0,48.85,52.0,44250,34.267631,207000,3705.0,3700.0
2022-03-28 09:31:00,53.95,55.0,52.05,52.05,58500,36.122374,207000,3700.2,3700.0
2022-03-28 09:32:00,53.9,53.9,53.45,53.45,24250,35.510675,196750,3704.5,3700.0
2022-03-28 09:33:00,44.0,46.9,44.0,45.95,8500,35.138691,65500,3710.25,3720.0
2022-03-28 09:34:00,45.95,45.95,43.9,45.65,12250,33.251417,65500,3715.0,3720.0
2022-03-28 09:35:00,44.9,44.9,43.0,44.9,19500,33.093194,79000,3713.95,3720.0
2022-03-28 09:36:00,44.35,46.5,44.35,46.5,14000,32.928054,79000,3717.6,3720.0
2022-03-28 09:37:00,47.45,48.95,47.45,48.7,27000,34.359496,79000,3718.0,3720.0
2022-03-28 09:38:00,48.25,48.95,46.45,47.9,16250,33.534809,84500,3718.7,3720.0
2022-03-28 09:39:00,47.9,51.45,47.9,50.25,23250,32.47339,84500,3726.0,3720.0
2022-03-28 09:40:00,51.65,52.0,47.5,51.95,12250,33.231368,84500,3727.2,3720.0
2022-03-28 09:41:00,44.0,46.6,44.0,46.45,18500,34.828198,55750,3731.7,3740.0
2022-03-28 09:42:00,47.0,50.0,47.0,50.0,24500,35.873012,55750,3735.9,3740.0
2022-03-28 09:43:00,57.0,59.4,55.1,56.4,16000,35.852008,70000,3728.7,3720.0
2022-03-28 09:44:00,47.7,49.4,46.6,48.7,16000,36.75917,66500,3730.8,3740.0
2022-03-28 09:45:00,56.45,57.3,47.85,49.05,15750,34.824062,63500,3717.5,3720.0
2022-03-28 09:46:00,47.0,50.05,47.0,50.05,6500,35.562257,63500,3717.45,3720.0
2022-03-28 09:47:00,50.05,51.95,48.0,50.35,6250,37.133221,63250,3713.7,3720.0
2022-03-28 09:48:00,50.35,51.2,50.05,50.5,2250,36.18363,63250,3716.65,3720.0
2022-03-28 09:49:00,51.85,51.85,50.2,51.05,2750,38.212042,63250,3712.1,3720.0
2022-03-28 09:50:00,49.95,49.95,49.35,49.35,7250,37.384686,65500,3711.0,3720.0
2022-03-28 09:51:00,49.6,53.85,49.6,53.85,9750,36.734412,65500,3721.7,3720.0
2022-03-28 09:52:00,54.1,54.1,52.0,52.3,6250,36.353718,65500,3719.75,3720.0
2022-03-28 09:53:00,52.85,52.9,52.85,52.9,2000,36.954027,61500,3719.3,3720.0
2022-03-28 09:54:00,52.9,53.95,52.9,53.95,1750,36.32998,61500,3723.0,3720.0
2022-03-28 09:55:00,54.0,54.0,52.35,53.3,2000,36.244518,61500,3722.0,3720.0
2022-03-28 09:56:00,52.75,52.75,50.25,50.25,2000,35.398653,60750,3718.4,3720.0
2022-03-28 09:57:00,52.0,52.0,50.55,51.25,1750,36.540188,60750,3717.25,3720.0
2022-03-28 09:58:00,50.75,53.0,50.75,53.0,3500,36.713709,60750,3720.2,3720.0
2022-03-28 09:59:00,52.75,53.45,52.75,53.45,3250,35.498892,60250,3724.3,3720.0
2022-03-28 10:00:00,55.0,55.0,53.3,53.3,1500,36.564866,60250,3721.2,3720.0
2022-03-28 10:01:00,53.7,53.7,51.5,51.5,6250,36.057708,60250,3719.1,3720.0
2022-03-28 10:02:00,51.35,52.8,50.75,52.8,5000,37.325242,61250,3718.2,3720.0
2022-03-28 10:03:00,52.7,53.85,52.7,53.75,8000,38.139218,61250,3717.85,3720.0
2022-03-28 10:04:00,53.5,54.9,53.5,54.5,12500,38.351091,61250,3718.75,3720.0
2022-03-28 10:05:00,53.55,53.55,53.0,53.55,5500,37.949478,61250,3718.0,3720.0
2022-03-28 10:06:00,53.3,53.8,52.5,52.5,7500,38.290769,75250,3715.0,3720.0
2022-03-28 10:07:00,52.5,53.0,52.5,53.0,2250,38.923931,75250,3714.25,3720.0
2022-03-28 10:08:00,53.0,53.0,51.9,51.9,1500,37.868725,77750,3715.0,3720.0
2022-03-28 10:09:00,51.9,52.0,51.1,52.0,3000,37.565303,77750,3716.05,3720.0
2022-03-28 10:10:00,52.05,53.45,52.05,52.65,2500,37.872879,77750,3716.5,3720.0
2022-03-28 10:11:00,52.5,52.8,52.0,52.1,3500,38.025353,78000,3715.0,3720.0
2022-03-28 10:12:00,52.0,52.0,50.5,50.5,750,37.596973,78000,3713.0,3720.0
2022-03-28 10:13:00,51.1,51.45,51.1,51.45,3250,37.33237,78000,3715.65,3720.0
2022-03-28 10:14:00,51.95,51.95,49.05,49.05,1750,36.116641,79000,3714.25,3720.0
2022-03-28 10:15:00,58.2,58.2,57.9,58.0,5250,37.225836,149500,3709.0,3700.0
2022-03-28 10:16:00,55.6,55.6,46.45,48.5,33250,32.782422,149500,3702.75,3700.0
2022-03-28 10:17:00,48.5,48.5,45.0,47.9,13250,34.372113,139000,3697.35,3700.0
2022-03-28 10:18:00,43.8,47.5,43.8,47.5,13250,33.142701,139000,3699.9,3700.0
2022-03-28 10:19:00,48.05,51.0,47.6,51.0,14750,35.637625,139000,3700.0,3700.0
2022-03-28 10:20:00,51.0,52.05,51.0,51.0,4250,35.09739,140250,3701.45,3700.0
2022-03-28 10:21:00,51.75,52.0,50.95,51.0,5000,34.207848,140250,3703.8,3700.0
2022-03-28 10:22:00,51.0,53.0,51.0,53.0,3250,34.419451,140250,3707.0,3700.0
2022-03-28 10:23:00,53.0,53.95,52.0,52.05,3500,34.513575,138000,3705.0,3700.0
2022-03-28 10:24:00,52.55,52.55,52.05,52.5,1750,34.804618,138000,3705.1,3700.0
2022-03-28 10:25:00,51.5,52.7,51.5,52.2,2500,34.552807,138000,3705.2,3700.0
2022-03-28 10:26:00,52.2,53.15,52.2,53.1,3000,34.898152,139500,3706.0,3700.0
2022-03-28 10:27:00,52.4,52.95,52.1,52.1,3000,34.527098,139500,3705.1,3700.0
2022-03-28 10:28:00,51.55,51.55,49.15,49.15,6250,34.336852,139500,3700.0,3700.0
2022-03-28 10:29:00,49.15,50.4,49.1,49.4,4750,33.93874,141250,3701.55,3700.0
2022-03-28 10:30:00,48.7,49.0,47.0,48.95,4500,33.692694,141250,3701.35,3700.0
2022-03-28 10:31:00,48.6,50.0,48.6,50.0,2500,32.691164,141250,3705.95,3700.0
2022-03-28 10:32:00,51.05,51.2,50.95,51.2,4750,33.271688,141250,3706.7,3700.0
2022-03-28 10:33:00,50.6,52.0,50.6,52.0,1000,33.185625,141250,3708.4,3700.0
2022-03-28 10:34:00,42.6,46.2,42.6,46.2,5000,34.057609,76750,3714.5,3720.0
2022-03-28 10:35:00,46.05,46.05,45.3,46.0,5000,33.845626,77250,3714.7,3720.0
2022-03-28 10:36:00,46.0,47.55,45.75,47.55,8500,33.526224,77250,3718.65,3720.0
2022-03-28 10:37:00,47.95,49.0,47.5,48.75,3250,34.264625,77250,3719.0,3720.0
2022-03-28 10:38:00,48.75,49.0,47.3,47.6,4250,33.403612,77250,3719.1,3720.0
2022-03-28 10:39:00,47.6,48.3,47.6,47.65,3250,34.17931,75750,3717.1,3720.0
2022-03-28 10:40:00,47.65,48.1,47.0,47.0,3500,34.188342,75750,3715.8,3720.0
2022-03-28 10:41:00,45.9,46.05,45.55,45.55,3500,33.796173,75500,3714.0,3720.0
2022-03-28 10:42:00,45.55,45.55,43.5,43.5,2000,33.385615,75500,3711.0,3720.0
2022-03-28 10:43:00,43.05,44.45,43.05,43.85,750,33.34274,75500,3711.85,3720.0
2022-03-28 10:44:00,43.85,44.65,43.85,44.65,500,34.223578,75500,3711.0,3720.0
2022-03-28 10:45:00,53.65,54.0,53.65,54.0,2250,34.10842,138750,3709.85,3700.0
2022-03-28 10:46:00,44.35,46.0,44.35,46.0,2500,35.153414,75500,3711.15,3720.0
2022-03-28 10:47:00,47.0,48.2,47.0,48.2,2500,35.479033,75500,3714.7,3720.0
2022-03-28 10:48:00,48.15,48.5,45.2,45.2,5250,34.970165,76750,3710.05,3720.0
2022-03-28 10:49:00,54.65,55.75,54.0,54.0,4250,34.064208,144000,3710.0,3700.0
2022-03-28 10:50:00,45.8,45.8,45.8,45.8,1750,35.394363,76750,3710.1,3720.0
2022-03-28 10:51:00,55.5,55.5,53.2,53.2,2250,34.286825,147500,3708.0,3700.0
2022-03-28 10:52:00,53.0,53.0,51.6,51.6,4000,34.303271,147500,3705.0,3700.0
2022-03-28 10:53:00,51.6,53.1,51.6,52.25,6000,34.214373,150000,3706.45,3700.0
2022-03-28 10:54:00,52.25,52.3,50.4,51.1,2500,34.966643,150000,3702.35,3700.0
2022-03-28 10:55:00,51.35,51.55,49.8,49.8,8000,34.840869,150000,3700.2,3700.0
2022-03-28 10:56:00,49.7,50.2,48.65,50.2,4250,35.191357,152250,3700.05,3700.0
2022-03-28 10:57:00,50.2,50.2,49.1,50.15,3250,34.365612,152250,3702.15,3700.0
2022-03-28 10:58:00,50.15,50.15,49.1,49.6,3750,34.745483,152250,3700.1,3700.0
2022-03-28 10:59:00,49.2,49.4,49.0,49.4,750,34.585634,152250,3700.15,3700.0
2022-03-28 11:00:00,49.8,50.25,49.8,50.25,1500,34.867395,156750,3701.05,3700.0
2022-03-28 11:01:00,49.8,49.8,49.8,49.8,1000,34.733498,156750,3700.55,3700.0
2022-03-28 11:02:00,50.0,50.15,49.8,49.8,1000,34.699857,156750,3700.65,3700.0
2022-03-28 11:03:00,50.4,50.4,50.1,50.4,3500,35.177129,157500,3700.55,3700.0
2022-03-28 11:04:00,50.3,50.3,50.0,50.0,4250,35.097684,157500,3700.0,3700.0
2022-03-28 11:05:00,50.1,50.15,50.1,50.15,1250,34.264196,157500,3702.5,3700.0
2022-03-28 11:06:00,51.5,51.8,51.0,51.0,4000,35.076175,157500,3702.0,3700.0
2022-03-28 11:07:00,50.15,51.1,49.0,51.1,2750,34.790345,157500,3702.95,3700.0
2022-03-28 11:08:00,51.1,51.2,51.1,51.1,500,35.441626,157500,3701.25,3700.0
2022-03-28 11:09:00,50.0,50.0,50.0,50.0,250,34.665591,157250,3701.2,3700.0
2022-03-28 11:10:00,50.05,50.8,45.35,45.35,10500,34.832855,157250,3691.55,3700.0
2022-03-28 11:11:00,51.1,51.7,49.75,51.7,2000,33.120765,11750,3688.85,3680.0
2022-03-28 11:12:00,44.05,46.3,42.8,45.4,9750,34.376863,158750,3692.95,3700.0
2022-03-28 11:13:00,45.9,45.9,44.7,45.2,11500,34.396682,158750,3692.5,3700.0
2022-03-28 11:14:00,45.2,45.6,44.8,45.15,1500,33.824845,158750,3694.0,3700.0
2022-03-28 11:15:00,46.0,46.0,45.05,45.55,4750,34.659405,165000,3692.5,3700.0
2022-03-28 11:16:00,45.0,45.0,44.05,44.25,5250,34.534544,165000,3690.2,3700.0
2022-03-28 11:17:00,53.0,53.0,53.0,53.0,750,34.077946,11500,3688.9,3680.0
2022-03-28 11:18:00,45.3,46.4,45.3,45.75,3000,35.049589,170500,3691.85,3700.0
2022-03-28 11:19:00,46.0,46.0,45.9,46.0,3000,35.110624,170500,3692.2,3700.0
2022-03-28 11:20:00,46.0,46.9,45.0,45.8,3000,34.682143,169500,3693.0,3700.0
2022-03-28 11:21:00,45.8,47.2,45.8,47.2,2750,35.035977,169500,3694.85,3700.0
2022-03-28 11:22:00,47.2,47.95,47.05,47.05,4000,34.766918,169500,3695.3,3700.0
2022-03-28 11:23:00,55.3,55.3,51.8,51.8,2250,33.261111,11500,3688.8,3680.0
2022-03-28 11:24:00,51.8,51.8,51.8,51.8,0,33.261111,11500,3689.6,3680.0
2022-03-28 11:25:00,43.95,45.8,43.95,45.8,2750,34.377766,176750,3693.9,3700.0
2022-03-28 11:26:00,45.95,45.95,45.9,45.9,3250,34.833198,176750,3692.85,3700.0
2022-03-28 11:27:00,46.0,46.55,46.0,46.0,1750,35.071682,176750,3692.4,3700.0
2022-03-28 11:28:00,53.9,53.9,53.0,53.25,750,33.902124,11750,3689.9,3680.0
2022-03-28 11:29:00,53.25,53.25,53.25,53.25,0,33.902124,11750,3689.15,3680.0
2022-03-28 11:30:00,53.25,53.25,49.35,49.35,1000,33.430237,11750,3683.9,3680.0
2022-03-28 11:31:00,50.3,51.7,49.4,51.7,1750,33.460082,11750,3688.2,3680.0
2022-03-28 11:32:00,51.7,51.7,51.7,51.7,0,33.460082,11750,3689.8,3680.0
2022-03-28 11:33:00,45.95,45.95,45.5,45.8,3000,34.896563,180750,3692.55,3700.0
2022-03-28 11:34:00,45.55,45.55,45.55,45.55,1750,34.556561,180750,3693.0,3700.0
2022-03-28 11:35:00,45.55,45.65,45.55,45.65,1000,34.992478,182500,3692.0,3700.0
2022-03-28 11:36:00,53.75,53.75,53.35,53.35,500,34.351127,12500,3689.05,3680.0
2022-03-28 11:37:00,53.35,53.35,50.25,51.15,750,33.299787,12500,3687.65,3680.0
2022-03-28 11:38:00,51.15,51.7,51.15,51.7,250,34.461341,12500,3685.75,3680.0
2022-03-28 11:39:00,51.7,51.7,50.15,50.15,2250,33.62268,11750,3685.0,3680.0
2022-03-28 11:40:00,50.15,50.15,50.15,50.15,0,33.62268,11750,3684.85,3680.0
2022-03-28 11:41:00,50.0,50.0,50.0,50.0,1750,33.383003,11750,3685.35,3680.0
2022-03-28 11:42:00,50.0,50.0,50.0,50.0,0,33.383003,11750,3685.9,3680.0
2022-03-28 11:43:00,51.2,52.3,51.2,52.3,750,34.028926,13250,3688.0,3680.0
2022-03-28 11:44:00,44.55,45.7,44.3,45.7,5500,35.494243,184250,3690.8,3700.0
2022-03-28 11:45:00,45.7,46.0,45.45,45.8,5500,35.03536,184250,3692.3,3700.0
2022-03-28 11:46:00,45.95,46.0,45.3,45.9,7250,34.824591,184250,3693.1,3700.0
2022-03-28 11:47:00,46.0,46.0,45.95,46.0,1750,34.212215,184250,3695.0,3700.0
2022-03-28 11:48:00,46.25,49.0,46.25,49.0,6750,34.417029,181500,3700.35,3700.0
2022-03-28 11:49:00,49.0,49.0,47.75,48.65,6250,34.505066,181500,3699.45,3700.0
2022-03-28 11:50:00,48.65,48.85,47.25,47.25,5500,34.456873,181500,3696.85,3700.0
2022-03-28 11:51:00,47.25,47.45,46.8,46.8,1250,33.891801,183750,3697.5,3700.0
2022-03-28 11:52:00,46.8,49.0,46.8,48.15,4750,33.945166,183750,3700.0,3700.0
2022-03-28 11:53:00,48.15,48.95,48.15,48.75,2500,34.763262,183750,3699.0,3700.0
2022-03-28 11:54:00,48.75,49.15,48.0,48.05,3250,33.880173,182750,3700.0,3700.0
2022-03-28 11:55:00,48.05,48.5,48.05,48.2,1000,34.238545,182750,3699.35,3700.0
2022-03-28 11:56:00,48.2,49.0,48.2,48.55,1500,34.25321,182750,3700.0,3700.0
2022-03-28 11:57:00,48.55,48.55,48.55,48.55,250,34.502161,180750,3699.35,3700.0
2022-03-28 11:58:00,48.55,48.7,48.55,48.7,500,34.351938,180750,3700.05,3700.0
2022-03-28 11:59:00,48.7,49.0,48.7,48.95,2750,34.877568,180750,3699.15,3700.0
2022-03-28 12:00:00,48.8,48.8,46.85,47.35,8250,34.08745,180750,3698.15,3700.0
2022-03-28 12:01:00,47.9,47.9,46.7,46.7,5750,32.921982,180750,3700.0,3700.0
2022-03-28 12:02:00,46.7,46.7,46.0,46.0,3750,32.959796,180750,3698.55,3700.0
2022-03-28 12:03:00,44.0,45.0,44.0,44.7,6500,33.599741,180750,3694.25,3700.0
2022-03-28 12:04:00,54.5,54.5,51.15,51.15,1000,32.45541,12250,3690.0,3680.0
2022-03-28 12:05:00,43.5,44.7,43.5,44.65,2000,33.66195,180750,3694.0,3700.0
2022-03-28 12:06:00,44.65,44.75,44.65,44.7,2500,33.593438,186500,3694.3,3700.0
2022-03-28 12:07:00,44.7,44.7,44.55,44.6,1000,34.408998,186500,3691.85,3700.0
2022-03-28 12:08:00,44.6,44.6,44.45,44.5,1750,33.998328,186500,3692.8,3700.0
2022-03-28 12:09:00,44.5,44.5,43.85,43.85,3250,34.40283,187250,3690.35,3700.0
2022-03-28 12:10:00,52.9,52.9,51.0,51.0,250,32.916769,13750,3688.65,3680.0
2022-03-28 12:11:00,50.05,51.0,50.05,51.0,1000,33.303451,13750,3687.7,3680.0
2022-03-28 12:12:00,43.05,43.95,43.05,43.85,2250,33.80811,188750,3692.05,3700.0
2022-03-28 12:13:00,44.75,44.75,44.6,44.65,2500,33.693739,188750,3694.0,3700.0
2022-03-28 12:14:00,46.0,46.0,45.5,45.5,6500,33.588064,188750,3696.0,3700.0
2022-03-28 12:15:00,47.0,48.95,47.0,47.95,3750,33.777534,188500,3700.3,3700.0
2022-03-28 12:16:00,48.45,48.45,46.65,46.65,3500,33.37751,188500,3698.85,3700.0
2022-03-28 12:17:00,45.6,47.1,45.6,47.1,4500,33.390608,188500,3699.7,3700.0
2022-03-28 12:18:00,47.1,47.45,46.55,46.55,3500,33.293457,187500,3698.9,3700.0
2022-03-28 12:19:00,46.55,46.55,45.0,45.05,2250,32.834618,187500,3697.2,3700.0
2022-03-28 12:20:00,45.05,46.5,45.05,46.5,1000,33.433607,187500,3698.45,3700.0
2022-03-28 12:21:00,46.5,47.1,46.5,47.0,2750,33.84106,188250,3698.35,3700.0
2022-03-28 12:22:00,47.0,47.0,45.95,45.95,1750,33.579551,188250,3697.0,3700.0
2022-03-28 12:23:00,45.95,46.2,45.85,46.2,750,33.225836,188250,3698.45,3700.0
2022-03-28 12:24:00,46.2,46.2,45.65,45.65,750,33.330672,185500,3697.1,3700.0
2022-03-28 12:25:00,45.65,45.65,44.5,44.5,5250,33.504144,185500,3694.35,3700.0
2022-03-28 12:26:00,44.15,44.15,43.85,44.0,5750,33.305449,185500,3693.9,3700.0
2022-03-28 12:27:00,44.0,44.1,43.0,43.65,4750,33.757238,183250,3691.95,3700.0
2022-03-28 12:28:00,43.65,45.4,43.65,45.4,2250,33.144743,183250,3697.15,3700.0
2022-03-28 12:29:00,45.4,45.75,44.9,45.1,1250,34.142151,183250,3693.85,3700.0
2022-03-28 12:30:00,45.1,47.0,45.1,46.15,3250,33.497401,186500,3697.7,3700.0
2022-03-28 12:31:00,46.15,47.1,46.0,46.95,3500,33.411829,186500,3699.5,3700.0
2022-03-28 12:32:00,47.5,47.75,47.5,47.5,6250,33.344655,186500,3700.75,3700.0
2022-03-28 12:33:00,47.5,47.5,46.25,46.45,2750,32.578789,181250,3700.75,3700.0
2022-03-28 12:34:00,47.5,47.5,46.7,46.7,2750,31.706762,181250,3703.5,3700.0
2022-03-28 12:35:00,47.1,47.65,46.6,46.6,9750,32.294635,181250,3701.8,3700.0
2022-03-28 12:36:00,46.6,47.65,45.2,46.0,3750,31.819861,179000,3701.9,3700.0
2022-03-28 12:37:00,46.0,46.95,46.0,46.0,1750,32.30239,179000,3700.65,3700.0
2022-03-28 12:38:00,46.0,46.0,45.0,45.5,4250,32.167743,179000,3700.05,3700.0
2022-03-28 12:39:00,45.5,46.0,45.0,46.0,4250,31.483717,177500,3702.8,3700.0
2022-03-28 12:40:00,46.0,47.0,45.0,45.9,4500,31.723186,177500,3702.0,3700.0
2022-03-28 12:41:00,45.9,45.9,45.75,45.75,1250,32.210595,177500,3700.45,3700.0
2022-03-28 12:42:00,45.75,46.4,45.75,46.4,1000,32.786587,177000,3700.2,3700.0
2022-03-28 12:43:00,46.4,46.4,46.4,46.4,500,32.809507,177000,3700.15,3700.0
2022-03-28 12:44:00,47.0,47.05,47.0,47.05,2000,32.717458,177000,3701.65,3700.0
2022-03-28 12:45:00,47.6,48.35,46.75,46.75,3000,32.481863,174250,3701.7,3700.0
2022-03-28 12:46:00,46.75,47.25,46.55,47.2,2250,32.333612,174250,3702.95,3700.0
2022-03-28 12:47:00,47.2,47.5,46.4,46.4,3750,32.309412,174250,3701.5,3700.0
2022-03-28 12:48:00,46.45,46.45,45.0,45.0,2500,31.457532,171750,3701.05,3700.0
2022-03-28 12:49:00,46.25,47.85,46.25,47.85,1250,33.209345,171750,3701.95,3700.0
2022-03-28 12:50:00,47.25,47.45,46.15,46.15,2750,32.214111,171750,3701.3,3700.0
2022-03-28 12:51:00,46.15,47.25,46.15,47.25,1000,32.757121,169750,3702.0,3700.0
2022-03-28 12:52:00,47.0,47.1,46.35,46.35,2750,32.426303,169750,3701.15,3700.0
2022-03-28 12:53:00,46.35,47.05,46.35,47.05,750,32.982894,169750,3701.05,3700.0
2022-03-28 12:54:00,47.05,47.5,46.65,47.35,7500,33.188175,172250,3701.1,3700.0
2022-03-28 12:55:00,47.35,47.35,46.1,46.65,3000,33.078367,172250,3700.05,3700.0
2022-03-28 12:56:00,46.65,47.45,46.55,47.15,1250,33.449813,172250,3700.05,3700.0
2022-03-28 12:57:00,47.15,47.15,46.2,46.75,1000,33.15979,171250,3700.05,3700.0
2022-03-28 12:58:00,46.75,47.5,46.75,46.75,2500,32.782064,171250,3701.05,3700.0
2022-03-28 12:59:00,46.75,48.0,46.45,48.0,6750,32.269097,171250,3704.75,3700.0
2022-03-28 13:00:00,48.0,48.0,46.6,47.2,2750,32.659166,162500,3702.25,3700.0
2022-03-28 13:01:00,47.2,47.2,46.0,46.0,1000,31.91537,162500,3701.9,3700.0
2022-03-28 13:02:00,46.0,46.0,45.95,45.95,250,31.1048,162500,3703.9,3700.0
2022-03-28 13:03:00,47.2,47.2,46.55,46.55,750,32.327762,163750,3701.9,3700.0
2022-03-28 13:04:00,46.55,46.7,45.95,45.95,2750,31.851483,163750,3702.0,3700.0
2022-03-28 13:05:00,45.3,45.3,45.0,45.0,3250,31.923092,163750,3700.0,3700.0
2022-03-28 13:06:00,45.6,46.0,45.25,46.0,4000,32.510277,165250,3700.4,3700.0
2022-03-28 13:07:00,46.0,46.15,46.0,46.15,750,32.586385,165250,3700.5,3700.0
2022-03-28 13:08:00,46.15,47.2,46.15,47.2,3250,32.902851,165250,3701.7,3700.0
2022-03-28 13:09:00,47.6,48.0,47.6,48.0,2750,32.778557,163250,3703.55,3700.0
2022-03-28 13:10:00,48.0,48.0,46.15,46.15,3250,32.406724,163250,3701.0,3700.0
2022-03-28 13:11:00,46.15,47.15,46.15,46.55,1000,32.705154,163250,3701.0,3700.0
2022-03-28 13:12:00,46.55,46.55,45.85,46.5,2500,33.054424,164500,3700.0,3700.0
2022-03-28 13:13:00,46.5,46.5,45.35,46.1,1250,32.573066,164500,3700.5,3700.0
2022-03-28 13:14:00,46.1,47.4,46.1,47.1,3750,32.756458,164500,3701.95,3700.0
2022-03-28 13:15:00,47.1,47.55,46.9,47.55,5750,33.820651,165750,3700.05,3700.0
2022-03-28 13:16:00,47.55,48.0,47.4,47.4,2250,32.966099,165750,3702.0,3700.0
2022-03-28 13:17:00,47.4,48.75,47.4,48.75,1750,33.460683,165750,3703.3,3700.0
2022-03-28 13:18:00,48.8,48.8,48.65,48.65,1500,33.507791,166250,3703.0,3700.0
2022-03-28 13:19:00,48.65,48.65,48.0,48.0,2250,33.862765,166250,3700.85,3700.0
2022-03-28 13:20:00,48.0,48.0,47.6,47.75,750,34.007398,166250,3700.0,3700.0
2022-03-28 13:21:00,47.0,47.0,45.3,45.3,3000,33.98716,169500,3695.25,3700.0
2022-03-28 13:22:00,45.5,45.7,45.5,45.7,2000,34.008593,169500,3696.0,3700.0
2022-03-28 13:23:00,45.75,45.75,45.0,45.0,5000,34.233678,169500,3694.0,3700.0
2022-03-28 13:24:00,45.55,47.2,45.55,47.2,6750,34.769077,175750,3696.95,3700.0
2022-03-28 13:25:00,47.0,47.0,47.0,47.0,1250,35.294383,175750,3695.15,3700.0
2022-03-28 13:26:00,47.0,47.5,47.0,47.5,3000,34.416577,175750,3698.5,3700.0
2022-03-28 13:27:00,47.15,47.15,46.05,46.05,2250,34.082622,169500,3696.55,3700.0
2022-03-28 13:28:00,46.45,46.45,46.0,46.0,750,33.881904,169500,3697.0,3700.0
2022-03-28 13:29:00,45.55,46.4,45.45,46.4,3000,33.824841,169500,3697.95,3700.0
2022-03-28 13:30:00,46.4,46.4,44.8,44.8,1750,34.114747,172250,3694.0,3700.0
2022-03-28 13:31:00,45.55,45.55,45.0,45.0,1500,33.935686,172250,3694.9,3700.0
2022-03-28 13:32:00,45.0,47.0,45.0,47.0,3250,34.915971,172250,3696.25,3700.0
2022-03-28 13:33:00,47.0,47.0,46.5,46.95,2250,34.265822,171000,3697.9,3700.0
2022-03-28 13:34:00,46.95,46.95,46.0,46.0,1250,33.90635,171000,3697.0,3700.0
2022-03-28 13:35:00,46.0,46.35,46.0,46.35,250,33.415737,171000,3699.0,3700.0
2022-03-28 13:36:00,45.5,45.5,45.5,45.5,250,32.811231,171000,3698.95,3700.0
2022-03-28 13:37:00,45.5,45.5,45.5,45.5,0,32.811231,171000,3699.1,3680.0
2022-03-28 13:38:00,45.5,45.5,45.5,45.5,0,32.811231,171000,3699.0,3680.0
2022-03-28 13:39:00,45.5,45.5,45.5,45.5,500,33.911784,171250,3696.05,3700.0
2022-03-28 13:40:00,45.05,47.0,45.05,47.0,1750,33.687917,171250,3699.6,3700.0
2022-03-28 13:41:00,47.0,47.0,46.0,46.0,250,33.747499,171250,3697.5,3700.0
2022-03-28 13:42:00,45.6,45.6,45.1,45.1,2500,32.936297,170250,3697.9,3700.0
2022-03-28 13:43:00,45.5,45.5,45.5,45.5,2000,33.103849,170250,3698.25,3700.0
2022-03-28 13:44:00,45.5,46.5,45.5,46.5,750,33.372818,170250,3699.5,3700.0
2022-03-28 13:45:00,46.5,47.1,46.5,47.1,1250,33.495626,170500,3700.35,3700.0
2022-03-28 13:46:00,46.5,46.5,46.5,46.5,500,33.342785,170500,3699.6,3700.0
2022-03-28 13:47:00,46.5,47.15,46.05,46.05,1750,32.842385,170500,3700.05,3700.0
2022-03-28 13:48:00,46.05,47.15,46.05,47.15,1000,32.772918,168500,3702.35,3700.0
2022-03-28 13:49:00,47.15,47.5,47.15,47.5,1000,33.210417,168500,3701.9,3700.0
2022-03-28 13:50:00,47.5,47.5,46.1,46.9,1750,33.214465,168500,3700.75,3700.0
2022-03-28 13:51:00,46.9,46.9,46.0,46.0,750,33.259496,167750,3698.9,3700.0
2022-03-28 13:52:00,46.0,46.85,45.9,46.05,1500,33.546641,167750,3698.25,3700.0
2022-03-28 13:53:00,46.05,46.1,45.5,45.8,1500,33.460176,167750,3698.0,3700.0
2022-03-28 13:54:00,45.8,46.0,45.8,46.0,500,33.517769,168500,3698.25,3700.0
2022-03-28 13:55:00,46.0,46.0,46.0,46.0,750,33.199619,168500,3699.1,3700.0
2022-03-28 13:56:00,46.0,47.0,46.0,47.0,1000,33.158563,168500,3701.15,3700.0
2022-03-28 13:57:00,47.55,47.55,47.05,47.05,1000,33.679615,166750,3699.9,3700.0
2022-03-28 13:58:00,47.05,47.05,46.35,46.35,750,33.146499,166750,3699.95,3700.0
2022-03-28 13:59:00,46.35,46.5,46.35,46.5,500,33.604798,166750,3699.05,3700.0
2022-03-28 14:00:00,47.35,47.35,47.35,47.35,1000,33.952165,166750,3699.8,3700.0
2022-03-28 14:01:00,47.35,47.35,46.05,46.05,250,32.763957,167000,3700.4,3700.0
2022-03-28 14:02:00,46.05,46.75,45.8,46.75,2750,33.897111,167000,3698.8,3700.0
2022-03-28 14:03:00,46.75,46.75,46.75,46.75,0,33.897111,167000,3699.1,3680.0
2022-03-28 14:04:00,46.65,47.0,46.65,47.0,1000,34.052476,169250,3698.9,3700.0
2022-03-28 14:05:00,47.0,47.0,46.05,46.45,1000,33.210438,169250,3700.05,3700.0
2022-03-28 14:06:00,46.45,46.65,46.45,46.65,500,32.629676,168750,3701.95,3700.0
2022-03-28 14:07:00,47.0,47.0,46.1,46.1,1250,32.997511,168750,3699.95,3700.0
2022-03-28 14:08:00,46.1,46.1,46.0,46.0,1000,33.080412,168750,3699.55,3700.0
2022-03-28 14:09:00,46.05,46.75,46.05,46.3,750,32.788629,169750,3700.9,3700.0
2022-03-28 14:10:00,46.3,46.4,46.3,46.4,500,33.403984,169750,3699.5,3700.0
2022-03-28 14:11:00,46.4,46.95,46.4,46.95,250,33.566914,169750,3700.15,3700.0
2022-03-28 14:12:00,47.0,47.0,46.0,46.0,2750,33.134697,168750,3699.45,3700.0
2022-03-28 14:13:00,46.0,46.0,45.7,45.7,500,33.087897,168750,3699.0,3700.0
2022-03-28 14:14:00,45.7,46.0,45.7,46.0,500,33.561242,168750,3698.35,3700.0
2022-03-28 14:15:00,46.0,46.0,46.0,46.0,250,33.48946,168750,3698.55,3700.0
2022-03-28 14:16:00,45.8,45.8,45.8,45.8,1500,33.515775,170000,3698.1,3700.0
2022-03-28 14:17:00,46.0,46.0,46.0,46.0,1250,32.96351,170000,3699.95,3700.0
2022-03-28 14:18:00,46.0,46.0,46.0,46.0,0,32.96351,170000,3699.9,3680.0
2022-03-28 14:19:00,46.0,46.0,46.0,46.0,0,32.96351,170000,3699.05,3700.0
2022-03-28 14:20:00,45.8,46.05,45.7,45.7,750,33.058925,171000,3699.15,3700.0
2022-03-28 14:21:00,45.15,45.15,45.0,45.0,2000,32.980413,170750,3698.0,3700.0
2022-03-28 14:22:00,45.0,45.8,45.0,45.8,3750,33.804689,170750,3697.4,3700.0
2022-03-28 14:23:00,45.8,47.35,45.8,46.15,4000,33.060581,170750,3700.05,3700.0
2022-03-28 14:24:00,46.15,46.95,46.15,46.95,750,33.696825,170750,3699.95,3700.0
2022-03-28 14:25:00,46.95,47.4,46.2,47.4,3000,33.495316,170500,3701.35,3700.0
2022-03-28 14:26:00,47.4,47.4,46.55,47.0,1250,33.144193,170500,3701.5,3700.0
2022-03-28 14:27:00,47.0,47.0,46.65,46.7,500,32.731043,170500,3702.0,3700.0
2022-03-28 14:28:00,46.7,47.4,46.7,47.4,1250,33.294014,168000,3701.9,3700.0
2022-03-28 14:29:00,46.75,46.75,45.2,45.2,1750,32.436807,168000,3699.9,3700.0
2022-03-28 14:30:00,45.2,46.65,45.2,46.65,500,33.152053,168000,3700.85,3700.0
2022-03-28 14:31:00,46.8,46.8,45.65,45.65,1000,32.740641,167500,3700.0,3700.0
2022-03-28 14:32:00,45.65,45.65,45.55,45.55,250,32.727942,167500,3699.85,3700.0
2022-03-28 14:33:00,45.55,45.55,44.35,44.35,4750,32.847969,171000,3697.2,3700.0
2022-03-28 14:34:00,44.65,45.55,44.65,44.65,750,32.582895,171000,3698.5,3700.0
2022-03-28 14:35:00,44.65,44.65,44.65,44.65,0,32.582895,171000,3700.0,3720.0
2022-03-28 14:36:00,45.5,45.65,45.5,45.65,1000,33.105467,171000,3699.1,3700.0
2022-03-28 14:37:00,45.6,45.6,45.6,45.6,250,32.727509,171750,3700.0,3700.0
2022-03-28 14:38:00,45.6,45.6,45.6,45.6,0,32.727509,171750,3699.65,3680.0
2022-03-28 14:39:00,45.05,45.8,45.05,45.8,3500,32.903457,171750,3699.95,3700.0
2022-03-28 14:40:00,45.75,46.0,45.75,46.0,1250,33.800586,171750,3698.0,3700.0
2022-03-28 14:41:00,44.9,45.75,44.9,45.75,1750,33.25737,171750,3698.95,3700.0
2022-03-28 14:42:00,45.75,45.75,44.75,45.15,500,32.6814,171750,3699.3,3700.0
2022-03-28 14:43:00,45.15,45.65,45.15,45.65,750,33.07647,170750,3699.25,3700.0
2022-03-28 14:44:00,45.65,45.65,45.45,45.45,250,32.989096,170750,3699.1,3700.0
2022-03-28 14:45:00,45.6,45.6,43.25,44.35,4000,32.858464,171750,3697.3,3700.0
2022-03-28 14:46:00,44.35,44.35,41.9,41.9,4500,31.471441,171750,3696.15,3700.0
2022-03-28 14:47:00,42.0,42.0,40.65,41.6,8250,31.308097,171750,3696.0,3700.0
2022-03-28 14:48:00,42.1,42.1,41.8,42.0,1500,31.609732,171750,3696.0,3700.0
2022-03-28 14:49:00,41.35,41.95,41.35,41.95,2000,31.949035,171250,3695.0,3700.0
2022-03-28 14:50:00,41.15,41.15,37.5,39.95,15750,31.181671,171250,3693.05,3700.0
2022-03-28 14:51:00,39.95,40.05,39.55,39.9,4500,30.707262,168750,3694.25,3700.0
2022-03-28 14:52:00,38.8,38.8,38.7,38.7,9750,30.25732,168750,3693.05,3700.0
2022-03-28 14:53:00,46.6,46.6,45.1,45.1,1000,28.568335,12000,3690.0,3680.0
2022-03-28 14:54:00,37.7,39.0,37.7,39.0,9750,29.936969,158000,3694.55,3700.0
2022-03-28 14:55:00,39.5,41.25,39.5,41.0,4500,30.704497,158000,3696.5,3700.0
2022-03-28 14:56:00,41.0,41.0,39.1,40.05,5500,30.560321,158000,3695.0,3700.0
2022-03-28 14:57:00,40.05,40.05,38.55,38.95,3250,30.187349,159750,3693.8,3700.0
2022-03-28 14:58:00,38.95,38.95,38.0,38.95,2500,30.885333,159750,3691.9,3700.0
2022-03-28 14:59:00,38.95,39.05,38.0,39.05,4500,30.963799,159750,3691.9,3700.0
2022-03-28 15:00:00,39.05,41.0,39.05,41.0,5250,30.459829,158750,3697.2,3700.0
2022-03-28 15:01:00,47.75,47.75,46.95,46.95,1500,30.182049,11500,3689.55,3680.0
2022-03-28 15:02:00,46.95,46.95,46.95,46.95,0,30.182049,11500,3689.5,3680.0
2022-03-28 15:03:00,46.95,46.95,46.95,46.95,0,30.182049,11500,3689.25,3680.0
2022-03-28 15:04:00,46.95,46.95,46.55,46.55,250,29.702611,12000,3690.0,3680.0
2022-03-28 15:05:00,46.55,46.55,46.55,46.55,0,29.702611,12000,3690.0,3680.0
2022-03-28 15:06:00,38.35,38.35,37.5,38.1,4000,29.879756,159750,3693.0,3700.0
2022-03-28 15:07:00,38.1,38.1,38.1,38.1,0,29.879756,159750,3690.0,3680.0
2022-03-28 15:08:00,38.1,38.1,38.1,38.1,0,29.879756,159750,3689.8,3680.0
2022-03-28 15:09:00,46.6,46.6,44.55,44.55,250,28.273273,12000,3689.85,3680.0
2022-03-28 15:10:00,44.55,44.55,41.0,43.0,2500,27.442938,11750,3689.05,3680.0
2022-03-28 15:11:00,35.1,35.75,34.5,35.75,16500,29.207381,152000,3690.05,3700.0
2022-03-28 15:12:00,35.75,35.75,35.75,35.75,0,29.207381,152000,3688.65,3680.0
2022-03-28 15:13:00,42.8,42.8,42.7,42.7,250,27.645873,11500,3688.05,3680.0
2022-03-28 15:14:00,35.0,35.0,35.0,35.0,4250,28.423747,146250,3690.7,3700.0
2022-03-28 15:15:00,35.5,35.5,35.45,35.45,1250,26.991482,141750,3695.55,3700.0
2022-03-28 15:16:00,35.1,35.1,34.2,34.2,2500,26.339448,141750,3694.8,3700.0
2022-03-28 15:17:00,36.3,36.3,36.2,36.2,3000,28.151125,141750,3693.95,3700.0
2022-03-28 15:18:00,36.2,36.2,36.2,36.2,0,28.151125,141750,3688.25,3680.0
2022-03-28 15:19:00,36.2,36.2,36.2,36.2,0,28.151125,141750,3686.0,3680.0
2022-03-28 15:20:00,36.2,36.2,36.2,36.2,0,28.151125,141750,3680.0,3680.0
2022-03-28 15:21:00,36.2,36.2,36.2,36.2,0,28.151125,141750,3680.65,3680.0
2022-03-28 15:22:00,39.35,39.35,37.9,37.9,750,25.294756,10750,3685.05,3680.0
2022-03-28 15:23:00,37.9,38.95,37.9,38.95,500,27.316025,10750,3682.0,3680.0
2022-03-28 15:24:00,38.95,38.95,38.25,38.25,750,27.422794,10750,3680.4,3680.0
2022-03-28 15:25:00,38.45,38.5,38.45,38.5,2250,27.789666,10250,3679.95,3680.0
2022-03-28 15:26:00,38.5,38.5,38.5,38.5,0,27.789666,10250,3680.0,3680.0
2022-03-28 15:27:00,38.5,38.5,38.5,38.5,0,27.789666,10250,3679.95,3680.0
2022-03-28 15:28:00,38.45,38.45,37.95,37.95,1000,27.561461,9500,3679.5,3680.0
2022-03-28 15:29:00,37.95,37.95,37.95,37.95,0,27.561461,9500,3687.75,3680.0
2022-03-29 09:16:00,38.0,42.0,35.0,42.0,9750,32.00806,135000,3706.95,3700.0
2022-03-29 09:17:00,34.0,34.0,33.75,33.75,1250,30.436733,48500,3714.15,3720.0
2022-03-29 09:18:00,33.75,33.75,33.7,33.7,2250,28.604958,48750,3718.35,3720.0
2022-03-29 09:19:00,34.55,37.1,34.55,35.0,3500,31.034237,48750,3715.3,3720.0
2022-03-29 09:20:00,35.0,35.0,34.1,34.1,1500,30.372879,48750,3715.05,3720.0
2022-03-29 09:21:00,36.05,36.05,34.8,34.8,2000,31.839465,48750,3713.0,3720.0
2022-03-29 09:22:00,41.9,43.0,41.9,43.0,2250,31.448666,131750,3710.0,3700.0
2022-03-29 09:23:00,43.0,43.0,40.7,42.1,1250,33.73114,131750,3703.5,3700.0
2022-03-29 09:24:00,40.0,40.0,40.0,40.0,3000,29.985361,128750,3707.65,3700.0
2022-03-29 09:25:00,31.35,32.0,31.35,32.0,500,29.286198,50750,3713.4,3720.0
2022-03-29 09:26:00,32.0,34.0,32.0,34.0,500,27.731001,51250,3721.0,3720.0
2022-03-29 09:27:00,36.7,38.4,36.7,38.1,2500,31.25612,51250,3721.0,3720.0
2022-03-29 09:28:00,38.1,38.1,37.0,37.0,750,30.76079,51250,3720.0,3720.0
2022-03-29 09:29:00,37.0,37.0,35.35,35.35,750,30.225851,51250,3718.0,3720.0
2022-03-29 09:30:00,36.2,36.2,36.2,36.2,250,31.608709,51250,3716.5,3720.0
2022-03-29 09:31:00,32.4,33.05,32.4,33.05,1000,27.889487,51250,3718.85,3720.0
2022-03-29 09:32:00,34.0,37.85,34.0,37.85,750,30.596165,51250,3722.05,3720.0
2022-03-29 09:33:00,37.85,37.85,37.0,37.0,250,29.44001,51500,3723.0,3720.0
2022-03-29 09:34:00,33.75,33.75,33.05,33.05,1250,28.943225,51500,3716.45,3720.0
2022-03-29 09:35:00,33.05,33.05,33.05,33.05,250,26.118598,51500,3722.85,3720.0
2022-03-29 09:36:00,33.05,33.05,33.05,33.05,0,26.118598,51500,3723.05,3720.0
2022-03-29 09:37:00,33.05,34.5,33.05,33.2,750,27.316896,51500,3720.5,3720.0
2022-03-29 09:38:00,33.2,37.0,33.2,37.0,2500,27.722192,50250,3726.75,3720.0
2022-03-29 09:39:00,37.0,37.0,36.7,36.7,1750,26.941891,50250,3727.85,3720.0
2022-03-29 09:40:00,36.7,38.0,36.6,36.6,1250,28.671431,50250,3724.0,3720.0
2022-03-29 09:41:00,36.0,37.2,35.15,37.2,2250,27.861523,50250,3726.85,3720.0
2022-03-29 09:42:00,37.2,37.2,36.4,36.4,2250,27.482352,48250,3726.2,3720.0
2022-03-29 09:43:00,36.4,36.4,34.05,34.05,1500,27.492364,48250,3721.8,3720.0
2022-03-29 09:44:00,34.0,34.0,34.0,34.0,750,27.70169,48250,3721.25,3720.0
2022-03-29 09:45:00,34.0,34.0,34.0,34.0,250,27.481035,47500,3721.75,3720.0
2022-03-29 09:46:00,34.0,36.95,34.0,36.95,500,29.27753,47500,3723.4,3720.0
2022-03-29 09:47:00,36.95,37.0,36.95,37.0,750,27.597303,47500,3727.1,3720.0
2022-03-29 09:48:00,36.95,36.95,36.95,36.95,250,28.873098,47500,3724.3,3720.0
2022-03-29 09:49:00,36.95,36.95,36.95,36.95,0,28.873098,47500,3725.0,3720.0
2022-03-29 09:50:00,35.55,35.75,35.55,35.75,750,28.376222,47500,3723.15,3720.0
2022-03-29 09:51:00,35.75,35.75,35.75,35.75,0,28.376222,47500,3723.45,3720.0
2022-03-29 09:52:00,35.75,35.75,34.45,34.45,1250,28.28367,47000,3720.9,3720.0
2022-03-29 09:53:00,35.0,35.0,35.0,35.0,250,28.267067,47000,3722.0,3720.0
2022-03-29 09:54:00,35.0,35.0,35.0,35.0,250,28.722507,46750,3721.0,3720.0
2022-03-29 09:55:00,32.45,33.95,30.75,30.75,1500,26.477067,46750,3717.8,3720.0
2022-03-29 09:56:00,30.75,34.95,30.75,33.75,750,26.746241,46250,3723.0,3720.0
2022-03-29 09:57:00,33.75,33.75,33.75,33.75,0,26.746241,46250,3722.15,3720.0
2022-03-29 09:58:00,33.75,33.75,32.1,32.85,500,26.863994,46250,3721.05,3720.0
2022-03-29 09:59:00,32.9,32.9,31.5,31.5,1750,26.594248,46250,3719.05,3720.0
2022-03-29 10:00:00,32.0,32.75,32.0,32.5,1500,26.299995,44750,3721.65,3720.0
2022-03-29 10:01:00,32.5,33.35,32.5,32.9,1000,26.263157,44750,3722.5,3720.0
2022-03-29 10:02:00,32.9,34.05,31.95,34.05,1250,27.420786,44500,3722.15,3720.0
2022-03-29 10:03:00,34.05,34.05,34.05,34.05,0,27.420786,44500,3722.05,3720.0
2022-03-29 10:04:00,34.05,34.05,33.75,33.75,250,26.782149,44500,3723.0,3720.0
2022-03-29 10:05:00,36.0,36.0,36.0,36.0,1000,25.939329,44500,3728.9,3720.0
2022-03-29 10:06:00,36.9,39.0,36.9,39.0,4000,28.386292,43500,3729.25,3720.0
2022-03-29 10:07:00,39.0,39.0,36.55,36.55,2250,26.157266,43500,3729.45,3720.0
2022-03-29 10:08:00,36.5,38.0,36.5,38.0,1250,27.155837,43500,3730.0,3720.0
2022-03-29 10:09:00,30.95,31.25,30.95,31.2,1750,28.522713,52250,3733.7,3740.0
2022-03-29 10:10:00,31.25,31.75,31.2,31.2,2250,29.211962,52250,3732.05,3740.0
2022-03-29 10:11:00,31.25,32.05,31.25,31.5,1750,28.727818,52250,3733.85,3740.0
2022-03-29 10:12:00,31.5,31.5,30.8,30.8,2500,29.143738,53750,3731.4,3740.0
2022-03-29 10:13:00,30.5,31.0,30.5,31.0,2000,28.888919,53750,3732.45,3740.0
2022-03-29 10:14:00,31.0,31.35,31.0,31.35,3000,29.914597,53750,3730.7,3740.0
2022-03-29 10:15:00,31.35,31.35,30.1,30.1,2250,28.430955,55250,3731.7,3740.0
2022-03-29 10:16:00,30.2,30.65,30.2,30.55,1250,28.287313,55250,3733.0,3740.0
2022-03-29 10:17:00,30.55,30.55,30.0,30.0,3000,28.107239,54750,3732.3,3740.0
2022-03-29 10:18:00,30.0,30.0,30.0,30.0,250,28.645314,54750,3731.0,3740.0
2022-03-29 10:19:00,38.55,38.55,37.0,37.0,500,27.769956,39750,3727.05,3720.0
2022-03-29 10:20:00,37.0,37.0,37.0,37.0,250,28.013376,39750,3726.55,3720.0
2022-03-29 10:21:00,36.15,36.15,36.15,36.15,500,26.580629,39500,3728.0,3720.0
2022-03-29 10:22:00,36.15,36.15,35.25,35.9,750,25.803608,39500,3729.15,3720.0
2022-03-29 10:23:00,35.9,35.9,35.9,35.9,0,25.803608,39500,3727.15,3720.0
2022-03-29 10:24:00,35.9,35.9,34.45,34.45,250,26.146746,38000,3725.85,3720.0
2022-03-29 10:25:00,34.45,34.45,33.8,34.45,1750,24.844325,38000,3728.55,3720.0
2022-03-29 10:26:00,36.2,36.2,36.2,36.2,750,27.033741,38000,3727.2,3720.0
2022-03-29 10:27:00,36.2,36.2,36.2,36.2,0,27.033741,38000,3728.05,3720.0
2022-03-29 10:28:00,36.2,36.4,36.2,36.4,250,26.781858,37250,3728.1,3720.0
2022-03-29 10:29:00,36.4,36.4,36.4,36.4,0,26.781858,37250,3728.0,3720.0
2022-03-29 10:30:00,30.0,30.9,30.0,30.9,5000,29.070647,57000,3732.0,3740.0
2022-03-29 10:31:00,31.35,31.45,31.0,31.35,5250,29.216171,57000,3732.6,3740.0
2022-03-29 10:32:00,32.0,32.7,31.95,31.95,3750,30.400936,57000,3731.0,3740.0
2022-03-29 10:33:00,31.95,31.95,31.95,31.95,0,30.400936,57000,3733.0,3740.0
2022-03-29 10:34:00,32.0,32.5,32.0,32.5,2250,30.763905,53750,3731.3,3740.0
2022-03-29 10:35:00,31.7,32.0,31.7,31.8,1250,29.458392,53750,3733.0,3740.0
2022-03-29 10:36:00,31.8,31.9,31.8,31.9,500,29.549815,53500,3733.0,3740.0
2022-03-29 10:37:00,31.9,31.9,30.65,30.65,4500,29.114984,53500,3731.45,3740.0
2022-03-29 10:38:00,38.25,38.25,38.25,38.25,500,29.283598,37000,3726.35,3720.0
2022-03-29 10:39:00,38.25,38.25,35.5,35.5,1000,28.645979,37750,3722.6,3720.0
2022-03-29 10:40:00,34.6,35.0,34.1,34.45,2250,27.299578,37750,3723.55,3720.0
2022-03-29 10:41:00,34.45,34.45,34.45,34.45,0,27.299578,37750,3724.9,3720.0
2022-03-29 10:42:00,34.45,35.15,34.45,35.15,250,28.126075,37500,3723.1,3720.0
2022-03-29 10:43:00,35.15,35.15,35.15,35.15,0,28.126075,37500,3723.95,3720.0
2022-03-29 10:44:00,34.05,34.05,34.05,34.05,250,26.290496,37500,3725.0,3720.0
2022-03-29 10:45:00,35.0,35.5,35.0,35.5,750,27.559137,37000,3725.0,3720.0
2022-03-29 10:46:00,35.5,36.75,35.5,36.75,250,27.702827,37000,3727.0,3720.0
2022-03-29 10:47:00,28.8,28.95,28.8,28.95,1250,27.934273,54000,3730.85,3740.0
2022-03-29 10:48:00,28.95,30.0,28.95,30.0,1000,28.542874,52750,3731.6,3740.0
2022-03-29 10:49:00,30.0,30.0,30.0,30.0,0,28.542874,52750,3726.3,3720.0
2022-03-29 10:50:00,30.0,30.0,30.0,30.0,0,28.542874,52750,3726.85,3720.0
2022-03-29 10:51:00,30.0,30.0,30.0,30.0,0,28.542874,52750,3726.5,3720.0
2022-03-29 10:52:00,30.0,30.0,30.0,30.0,0,28.542874,52750,3725.15,3720.0
2022-03-29 10:53:00,37.0,37.0,35.05,35.05,250,27.673359,37000,3724.0,3720.0
2022-03-29 10:54:00,35.05,35.05,35.0,35.0,250,27.634464,36750,3724.0,3720.0
2022-03-29 10:55:00,35.0,35.0,35.0,35.0,0,27.634464,36750,3725.0,3720.0
2022-03-29 10:56:00,35.0,35.0,35.0,35.0,0,27.634464,36750,3723.0,3720.0
2022-03-29 10:57:00,35.0,35.0,34.75,34.75,250,26.699574,37000,3725.55,3720.0
2022-03-29 10:58:00,34.75,34.75,34.75,34.75,0,26.699574,37000,3726.5,3720.0
2022-03-29 10:59:00,34.75,36.0,34.75,36.0,250,26.548373,37000,3728.15,3720.0
2022-03-29 11:00:00,36.0,36.0,36.0,36.0,250,26.233208,37000,3728.8,3720.0
2022-03-29 11:01:00,36.0,36.0,36.0,36.0,0,26.233208,37000,3729.0,3720.0
2022-03-29 11:02:00,36.0,38.45,36.0,38.45,1000,28.541361,37000,3728.5,3720.0
2022-03-29 11:03:00,37.75,37.75,37.75,37.75,250,27.931823,36250,3728.5,3720.0
2022-03-29 11:04:00,37.75,37.75,37.75,37.75,0,27.931823,36250,3727.15,3720.0
2022-03-29 11:05:00,37.75,37.75,37.75,37.75,0,27.931823,36250,3725.0,3720.0
2022-03-29 11:06:00,37.75,37.75,35.0,35.0,250,29.970299,36250,3719.0,3720.0
2022-03-29 11:07:00,35.0,35.0,33.35,33.35,250,28.313722,36250,3719.5,3720.0
2022-03-29 11:08:00,33.35,33.35,31.0,31.0,1250,26.935197,36250,3718.0,3720.0
2022-03-29 11:09:00,31.0,31.5,31.0,31.5,1000,27.551848,36250,3717.6,3720.0
2022-03-29 11:10:00,30.0,30.0,30.0,30.0,500,28.411817,36250,3712.55,3720.0
2022-03-29 11:11:00,30.0,30.0,28.8,28.8,750,26.777826,36250,3713.95,3720.0
2022-03-29 11:12:00,28.8,28.8,28.8,28.8,0,26.777826,36250,3715.0,3720.0
2022-03-29 11:13:00,28.8,28.8,28.0,28.0,500,26.696536,37750,3712.5,3720.0
2022-03-29 11:14:00,28.0,28.8,28.0,28.8,250,27.192067,37750,3713.0,3720.0
2022-03-29 11:15:00,36.5,36.5,35.0,35.8,2000,25.669185,81250,3710.0,3700.0
2022-03-29 11:16:00,35.8,35.8,35.8,35.8,0,25.669185,81250,3709.2,3700.0
2022-03-29 11:17:00,35.8,36.15,35.8,36.15,250,25.989106,81250,3710.0,3700.0
2022-03-29 11:18:00,26.7,27.75,26.7,27.75,250,25.444592,38500,3715.0,3720.0
2022-03-29 11:19:00,36.15,36.15,32.65,33.15,3500,24.538044,81250,3707.6,3700.0
2022-03-29 11:20:00,33.15,33.15,33.15,33.15,0,24.538044,81250,3707.0,3700.0
2022-03-29 11:21:00,33.15,33.15,33.15,33.15,250,24.072534,79750,3708.55,3700.0
2022-03-29 11:22:00,33.15,33.25,33.15,33.25,750,24.812444,79750,3707.25,3700.0
2022-03-29 11:23:00,33.25,34.15,29.85,33.35,3250,27.037398,79750,3702.8,3700.0
2022-03-29 11:24:00,33.35,33.35,30.0,30.0,750,23.57257,79000,3703.9,3700.0
2022-03-29 11:25:00,30.0,30.15,27.85,28.5,4500,23.242535,79000,3701.8,3700.0
2022-03-29 11:26:00,25.9,28.0,25.9,28.0,2500,22.666602,79000,3702.1,3700.0
2022-03-29 11:27:00,28.0,29.15,28.0,29.0,1500,22.172997,78000,3705.0,3700.0
2022-03-29 11:28:00,26.65,26.65,26.5,26.5,1500,21.632597,78000,3701.5,3700.0
2022-03-29 11:29:00,26.5,26.7,26.5,26.7,750,22.728708,78000,3699.5,3700.0
2022-03-29 11:30:00,26.7,29.0,25.6,29.0,3500,22.474617,76750,3704.4,3700.0
2022-03-29 11:31:00,29.0,30.0,28.5,30.0,1250,23.505894,76750,3704.1,3700.0
2022-03-29 11:32:00,30.0,30.0,26.65,26.65,1750,20.741662,76750,3703.7,3700.0
2022-03-29 11:33:00,26.65,29.3,26.65,29.3,250,23.062818,77000,3703.75,3700.0
2022-03-29 11:34:00,29.3,29.3,27.85,27.85,750,21.761795,77000,3703.8,3700.0
2022-03-29 11:35:00,27.85,27.85,27.85,27.85,0,21.761795,77000,3703.05,3700.0
2022-03-29 11:36:00,27.85,27.85,27.85,27.85,0,21.761795,77000,3703.0,3700.0
2022-03-29 11:37:00,28.45,29.0,28.45,28.45,2250,24.075201,77250,3700.0,3700.0
2022-03-29 11:38:00,27.85,27.9,27.85,27.9,750,23.640228,77250,3699.9,3700.0
2022-03-29 11:39:00,28.05,28.05,26.25,26.25,1500,21.639391,77750,3701.1,3700.0
2022-03-29 11:40:00,26.25,26.25,25.0,25.0,2750,21.947396,77750,3698.0,3700.0
2022-03-29 11:41:00,25.0,25.0,25.0,25.0,250,21.118616,77750,3699.85,3700.0
2022-03-29 11:42:00,25.0,25.25,25.0,25.25,250,22.41928,77750,3697.45,3700.0
2022-03-29 11:43:00,25.25,26.3,25.25,26.3,2000,22.589822,77750,3699.15,3700.0
2022-03-29 11:44:00,26.3,26.3,25.7,25.7,250,21.724435,77750,3699.9,3700.0
2022-03-29 11:45:00,25.7,26.75,25.7,26.75,250,22.608986,78500,3700.0,3700.0
2022-03-29 11:46:00,26.75,27.9,26.75,27.0,2000,22.833536,78500,3700.0,3700.0
2022-03-29 11:47:00,27.0,27.8,27.0,27.0,2000,23.9608,78500,3697.5,3700.0
2022-03-29 11:48:00,27.0,27.0,25.0,25.5,9500,24.982135,81250,3692.05,3700.0
2022-03-29 11:49:00,25.5,25.5,25.0,25.0,750,24.271294,81250,3692.7,3700.0
2022-03-29 11:50:00,25.0,25.0,25.0,25.0,0,24.271294,81250,3687.75,3680.0
2022-03-29 11:51:00,25.0,25.0,25.0,25.0,0,24.271294,81250,3686.7,3680.0
2022-03-29 11:52:00,29.8,29.8,29.75,29.75,750,22.450677,8250,3686.25,3680.0
2022-03-29 11:53:00,29.75,29.75,29.75,29.75,0,22.450677,8250,3687.6,3680.0
2022-03-29 11:54:00,29.75,29.75,29.75,29.75,0,22.450677,8250,3690.0,3680.0
2022-03-29 11:55:00,22.6,24.05,22.6,24.05,1500,24.489745,84500,3690.2,3700.0
2022-03-29 11:56:00,33.4,33.4,32.75,32.75,500,23.845825,8750,3688.85,3680.0
2022-03-29 11:57:00,32.75,32.75,32.75,32.75,0,23.845825,8750,3689.1,3680.0
2022-03-29 11:58:00,24.05,26.0,24.0,26.0,3750,25.802943,85750,3691.25,3700.0
2022-03-29 11:59:00,26.0,26.0,26.0,26.0,0,25.802943,85750,3689.65,3680.0
2022-03-29 12:00:00,24.8,25.0,24.8,25.0,1000,24.590171,84500,3692.05,3700.0
2022-03-29 12:01:00,25.0,25.0,25.0,25.0,0,24.590171,84500,3688.9,3680.0
2022-03-29 12:02:00,25.0,25.0,25.0,25.0,0,24.590171,84500,3685.2,3680.0
2022-03-29 12:03:00,31.65,31.9,31.65,31.9,750,24.788664,9500,3685.5,3680.0
2022-03-29 12:04:00,32.2,34.3,32.2,32.35,1000,22.924307,9500,3690.0,3680.0
2022-03-29 12:05:00,32.35,32.35,32.35,32.35,0,22.924307,9500,3688.8,3680.0
2022-03-29 12:06:00,32.35,32.35,30.4,30.4,750,24.286234,9000,3683.8,3680.0
2022-03-29 12:07:00,30.4,30.4,30.4,30.4,0,24.286234,9000,3684.2,3680.0
2022-03-29 12:08:00,39.0,39.0,24.9,24.9,1500,16.609696,22500,3669.35,3660.0
2022-03-29 12:09:00,29.5,29.5,24.0,24.0,1500,24.187012,9250,3671.3,3680.0
2022-03-29 12:10:00,24.0,24.0,24.0,24.0,0,24.187012,9250,3674.85,3680.0
2022-03-29 12:11:00,25.25,25.25,25.2,25.2,500,24.489349,9250,3673.15,3680.0
2022-03-29 12:12:00,25.2,25.65,25.2,25.65,250,23.663281,9500,3676.0,3680.0
2022-03-29 12:13:00,25.65,25.65,25.65,25.65,0,23.663281,9500,3679.75,3680.0
2022-03-29 12:14:00,25.65,25.65,25.65,25.65,0,23.663281,9500,3680.3,3680.0
2022-03-29 12:15:00,26.5,26.5,26.5,26.5,250,22.634599,9500,3680.0,3680.0
2022-03-29 12:16:00,26.5,26.5,26.5,26.5,0,22.634599,9500,3677.0,3680.0
2022-03-29 12:17:00,26.5,26.5,26.5,26.5,0,22.634599,9500,3678.1,3680.0
2022-03-29 12:18:00,26.5,26.5,26.5,26.5,0,22.634599,9500,3678.4,3680.0
2022-03-29 12:19:00,26.5,26.5,26.5,26.5,0,22.634599,9500,3675.6,3680.0
2022-03-29 12:20:00,26.5,26.5,26.5,26.5,0,22.634599,9500,3676.8,3680.0
2022-03-29 12:21:00,26.5,26.5,26.5,26.5,0,22.634599,9500,3675.4,3680.0
2022-03-29 12:22:00,26.5,26.5,23.95,24.9,1000,24.416879,9500,3672.8,3680.0
2022-03-29 12:23:00,24.9,24.9,24.9,24.9,0,24.416879,9500,3675.7,3680.0
2022-03-29 12:24:00,24.9,24.9,24.4,24.75,1500,22.887534,9500,3676.05,3680.0
2022-03-29 12:25:00,24.75,24.75,23.15,23.3,1250,22.162728,9500,3674.75,3680.0
2022-03-29 12:26:00,31.15,31.15,29.5,29.5,500,20.541316,23250,3670.0,3660.0
2022-03-29 12:27:00,29.5,29.5,29.5,29.5,0,20.541316,23250,3670.0,3680.0
2022-03-29 12:28:00,29.5,29.5,29.5,29.5,0,20.541316,23250,3670.95,3680.0
2022-03-29 12:29:00,29.5,29.5,29.5,29.5,0,20.541316,23250,3671.2,3680.0
2022-03-29 12:30:00,22.4,22.4,20.4,20.4,250,21.327923,12000,3670.6,3680.0
2022-03-29 12:31:00,20.4,20.4,20.4,20.4,0,21.327923,12000,3671.0,3680.0
2022-03-29 12:32:00,20.4,20.4,20.4,20.4,0,21.327923,12000,3670.0,3680.0
2022-03-29 12:33:00,20.4,20.4,20.4,20.4,0,21.327923,12000,3670.0,3660.0
2022-03-29 12:34:00,20.4,20.4,20.4,20.4,0,21.327923,12000,3670.0,3660.0
2022-03-29 12:35:00,20.4,20.4,20.4,20.4,0,21.327923,12000,3670.5,3680.0
2022-03-29 12:36:00,20.4,22.1,20.4,22.1,250,22.027268,12250,3672.65,3680.0
2022-03-29 12:37:00,22.1,22.1,22.1,22.1,0,22.027268,12250,3671.3,3680.0
2022-03-29 12:38:00,22.1,22.1,22.1,22.1,0,22.027268,12250,3670.6,3680.0
2022-03-29 12:39:00,22.25,22.25,22.25,22.25,250,22.27912,12250,3672.4,3680.0
2022-03-29 12:40:00,25.7,25.7,25.7,25.7,1250,26.162035,11500,3670.55,3680.0
2022-03-29 12:41:00,25.7,25.7,22.5,22.5,250,23.407935,11500,3670.25,3680.0
2022-03-29 12:42:00,22.5,22.5,22.5,22.5,0,23.407935,11500,3670.0,3680.0
2022-03-29 12:43:00,22.5,22.5,22.5,22.5,0,23.407935,11500,3670.0,3660.0
2022-03-29 12:44:00,22.5,22.5,22.5,22.5,0,23.407935,11500,3670.3,3680.0
2022-03-29 12:45:00,29.5,30.0,29.5,30.0,250,21.071664,22750,3670.0,3660.0
2022-03-29 12:46:00,27.65,27.65,27.65,27.65,250,18.912182,22750,3670.0,3660.0
2022-03-29 12:47:00,22.45,22.45,22.45,22.45,250,22.638033,12250,3672.05,3680.0
2022-03-29 12:48:00,22.45,24.2,22.45,24.2,1250,22.60196,13000,3675.8,3680.0
2022-03-29 12:49:00,24.2,24.2,24.2,24.2,0,22.60196,13000,3670.0,3680.0
2022-03-29 12:50:00,24.2,24.2,24.2,24.2,0,22.60196,13000,3674.0,3680.0
2022-03-29 12:51:00,27.65,28.2,27.65,28.2,250,20.453994,23000,3668.1,3660.0
2022-03-29 12:52:00,21.0,21.7,21.0,21.7,750,22.586037,13750,3670.6,3680.0
2022-03-29 12:53:00,21.7,21.7,21.7,21.7,250,22.651998,13750,3670.45,3680.0
2022-03-29 12:54:00,21.7,21.7,21.7,21.7,0,22.651998,13750,3671.5,3680.0
2022-03-29 12:55:00,21.7,21.7,21.7,21.7,0,22.651998,13750,3676.85,3680.0
2022-03-29 12:56:00,21.7,21.7,21.7,21.7,0,22.651998,13750,3676.65,3680.0
2022-03-29 12:57:00,25.2,25.2,25.2,25.2,750,23.821672,14250,3675.15,3680.0
2022-03-29 12:58:00,25.2,25.2,25.2,25.2,0,23.821672,14250,3673.6,3680.0
2022-03-29 12:59:00,24.0,24.0,24.0,24.0,500,23.251155,15000,3674.0,3680.0
2022-03-29 13:00:00,22.9,22.9,22.9,22.9,250,22.608433,15000,3673.2,3680.0
2022-03-29 13:01:00,22.9,22.9,22.9,22.9,0,22.608433,15000,3673.0,3680.0
2022-03-29 13:02:00,22.9,25.2,22.9,25.2,750,20.061978,14750,3683.35,3680.0
2022-03-29 13:03:00,25.2,27.95,25.2,27.0,750,20.474385,14750,3685.8,3680.0
2022-03-29 13:04:00,27.0,27.0,26.05,26.05,1000,20.418646,14750,3684.2,3680.0
2022-03-29 13:05:00,26.05,27.45,26.05,27.45,250,20.174386,14750,3687.2,3680.0
2022-03-29 13:06:00,27.45,27.45,26.5,27.45,500,23.67165,14250,3680.05,3680.0
2022-03-29 13:07:00,27.45,27.45,27.45,27.45,0,23.67165,14250,3674.1,3680.0
2022-03-29 13:08:00,24.55,24.55,24.55,24.55,1750,19.643895,14250,3683.05,3680.0
2022-03-29 13:09:00,24.55,24.55,24.55,24.55,250,18.956367,14250,3684.45,3680.0
2022-03-29 13:10:00,24.55,24.55,24.55,24.55,0,18.956367,14250,3682.7,3680.0
2022-03-29 13:11:00,24.55,24.55,24.55,24.55,0,18.956367,14250,3685.3,3680.0
2022-03-29 13:12:00,24.55,24.55,24.55,24.55,0,18.956367,14250,3684.6,3680.0
2022-03-29 13:13:00,24.55,24.55,24.55,24.55,0,18.956367,14250,3681.05,3680.0
2022-03-29 13:14:00,25.25,25.25,24.65,24.65,1500,21.208833,14250,3680.0,3680.0
2022-03-29 13:15:00,25.9,25.9,25.9,25.9,250,25.463194,14250,3673.0,3680.0
2022-03-29 13:16:00,25.9,25.9,22.85,22.85,750,22.627929,15500,3673.2,3680.0
2022-03-29 13:17:00,22.85,22.85,22.85,22.85,250,21.458891,15500,3675.9,3680.0
2022-03-29 13:18:00,22.85,22.85,22.85,22.85,0,21.458891,15500,3676.5,3680.0
2022-03-29 13:19:00,22.85,23.4,22.85,23.4,250,24.006493,16000,3671.15,3680.0
2022-03-29 13:20:00,21.65,21.65,21.65,21.65,250,22.15234,16000,3671.8,3680.0
2022-03-29 13:21:00,21.65,21.65,21.65,21.65,0,22.15234,16000,3672.15,3680.0
2022-03-29 13:22:00,21.65,22.05,21.65,22.05,500,22.522698,16000,3671.8,3680.0
2022-03-29 13:23:00,22.05,22.05,22.0,22.0,250,22.270409,16000,3672.3,3680.0
2022-03-29 13:24:00,22.0,22.0,22.0,22.0,0,22.270409,16000,3673.0,3680.0
2022-03-29 13:25:00,22.0,22.0,22.0,22.0,0,22.270409,16000,3673.1,3680.0
2022-03-29 13:26:00,24.55,24.55,24.55,24.55,1000,24.206113,16500,3673.2,3680.0
2022-03-29 13:27:00,24.55,24.55,24.55,24.55,0,24.206113,16500,3676.5,3680.0
2022-03-29 13:28:00,24.55,24.55,24.55,24.55,0,24.206113,16500,3673.75,3680.0
2022-03-29 13:29:00,24.55,24.55,24.55,24.55,0,24.206113,16500,3675.0,3680.0
2022-03-29 13:30:00,24.55,24.55,24.55,24.55,0,24.206113,16500,3674.85,3680.0
2022-03-29 13:31:00,24.55,24.55,24.55,24.55,0,24.206113,16500,3674.6,3680.0
2022-03-29 13:32:00,24.55,24.55,24.55,24.55,0,24.206113,16500,3674.0,3680.0
2022-03-29 13:33:00,24.55,24.55,24.55,24.55,0,24.206113,16500,3674.0,3680.0
2022-03-29 13:34:00,24.55,24.55,24.55,24.55,0,24.206113,16500,3673.5,3680.0
2022-03-29 13:35:00,24.55,24.55,24.55,24.55,0,24.206113,16500,3677.3,3680.0
2022-03-29 13:36:00,24.55,24.55,24.55,24.55,0,24.206113,16500,3677.4,3680.0
2022-03-29 13:37:00,24.55,25.0,24.55,25.0,250,21.9162,17500,3679.35,3680.0
2022-03-29 13:38:00,25.0,25.45,25.0,25.45,250,22.326718,17500,3679.35,3680.0
2022-03-29 13:39:00,25.45,25.45,25.45,25.45,0,22.326718,17500,3678.45,3680.0
2022-03-29 13:40:00,25.45,25.45,25.45,25.45,0,22.326718,17500,3677.85,3680.0
2022-03-29 13:41:00,25.45,25.45,25.45,25.45,0,22.326718,17500,3679.0,3680.0
2022-03-29 13:42:00,25.45,25.45,25.45,25.45,0,22.326718,17500,3678.2,3680.0
2022-03-29 13:43:00,25.45,25.45,25.45,25.45,0,22.326718,17500,3679.5,3680.0
2022-03-29 13:44:00,25.45,25.45,25.45,25.45,0,22.326718,17500,3677.5,3680.0
2022-03-29 13:45:00,25.45,25.45,25.2,25.2,250,25.265608,17500,3672.3,3680.0
2022-03-29 13:46:00,25.2,25.2,25.2,25.2,0,25.265608,17500,3675.3,3680.0
2022-03-29 13:47:00,25.2,25.2,25.2,25.2,0,25.265608,17500,3677.8,3680.0
2022-03-29 13:48:00,25.2,25.2,25.2,25.2,250,22.761982,17500,3678.0,3680.0
2022-03-29 13:49:00,25.2,25.2,25.2,25.2,0,22.761982,17500,3678.35,3680.0
2022-03-29 13:50:00,25.2,25.2,25.2,25.2,0,22.761982,17500,3677.1,3680.0
2022-03-29 13:51:00,25.2,25.2,25.2,25.2,0,22.761982,17500,3673.65,3680.0
2022-03-29 13:52:00,25.2,25.2,25.2,25.2,0,22.761982,17500,3674.2,3680.0
2022-03-29 13:53:00,22.4,22.4,22.4,22.4,250,21.719902,17500,3674.7,3680.0
2022-03-29 13:54:00,22.4,22.4,22.4,22.4,0,21.719902,17500,3671.4,3680.0
2022-03-29 13:55:00,22.4,22.4,21.5,21.5,250,22.155793,17250,3671.8,3680.0
2022-03-29 13:56:00,21.5,21.5,21.5,21.5,0,22.155793,17250,3670.55,3680.0
2022-03-29 13:57:00,21.5,21.5,21.5,21.5,0,22.155793,17250,3670.35,3680.0
2022-03-29 13:58:00,22.1,22.1,22.1,22.1,250,22.799377,17500,3671.6,3680.0
2022-03-29 13:59:00,22.1,22.1,22.1,22.1,0,22.799377,17500,3671.0,3680.0
2022-03-29 14:00:00,22.1,22.1,22.1,22.1,0,22.799377,17500,3671.1,3680.0
2022-03-29 14:01:00,22.1,22.1,22.1,22.1,0,22.799377,17500,3673.0,3680.0
2022-03-29 14:02:00,22.1,22.1,22.1,22.1,0,22.799377,17500,3673.0,3680.0
2022-03-29 14:03:00,22.1,22.1,22.1,22.1,0,22.799377,17500,3673.3,3680.0
2022-03-29 14:04:00,22.1,22.1,22.1,22.1,0,22.799377,17500,3671.1,3680.0
2022-03-29 14:05:00,22.1,22.1,22.1,22.1,0,22.799377,17500,3672.6,3680.0
2022-03-29 14:06:00,22.1,22.1,22.1,22.1,0,22.799377,17500,3672.05,3680.0
2022-03-29 14:07:00,22.1,22.1,22.1,22.1,0,22.799377,17500,3671.95,3680.0
2022-03-29 14:08:00,22.1,22.1,22.1,22.1,0,22.799377,17500,3674.45,3680.0
2022-03-29 14:09:00,22.1,22.1,22.1,22.1,0,22.799377,17500,3676.95,3680.0
2022-03-29 14:10:00,22.1,22.1,22.1,22.1,0,22.799377,17500,3675.75,3680.0
2022-03-29 14:11:00,22.1,22.1,22.1,22.1,0,22.799377,17500,3674.5,3680.0
2022-03-29 14:12:00,22.1,22.1,22.1,22.1,0,22.799377,17500,3673.35,3680.0
2022-03-29 14:13:00,22.1,22.1,22.1,22.1,0,22.799377,17500,3675.0,3680.0
2022-03-29 14:14:00,22.1,22.4,22.1,22.4,250,21.139219,17500,3676.2,3680.0
2022-03-29 14:15:00,22.4,23.5,22.4,23.5,750,23.00634,17250,3674.25,3680.0
2022-03-29 14:16:00,23.45,23.45,23.45,23.45,250,21.922745,17250,3676.6,3680.0
2022-03-29 14:17:00,23.45,23.45,23.45,23.45,0,21.922745,17250,3678.0,3680.0
2022-03-29 14:18:00,23.45,23.45,23.45,23.45,0,21.922745,17250,3678.0,3680.0
2022-03-29 14:19:00,23.45,23.45,23.45,23.45,0,21.922745,17250,3679.0,3680.0
2022-03-29 14:20:00,23.45,23.45,23.45,23.45,0,21.922745,17250,3680.3,3680.0
2022-03-29 14:21:00,23.45,23.45,23.45,23.45,0,21.922745,17250,3683.35,3680.0
2022-03-29 14:22:00,23.45,23.45,23.45,23.45,0,21.922745,17250,3684.25,3680.0
2022-03-29 14:23:00,23.45,23.45,23.45,23.45,0,21.922745,17250,3681.3,3680.0
2022-03-29 14:24:00,23.45,23.45,23.45,23.45,0,21.922745,17250,3681.9,3680.0
2022-03-29 14:25:00,23.45,23.45,23.45,23.45,0,21.922745,17250,3677.4,3680.0
2022-03-29 14:26:00,23.5,23.5,23.5,23.5,250,20.91062,17500,3679.0,3680.0
2022-03-29 14:27:00,23.5,23.6,23.5,23.6,250,19.990283,17500,3681.15,3680.0
2022-03-29 14:28:00,23.6,23.6,23.25,23.25,250,20.222192,17000,3680.0,3680.0
2022-03-29 14:29:00,23.25,23.25,23.25,23.25,0,20.222192,17000,3670.15,3680.0
2022-03-29 14:30:00,23.25,23.25,23.25,23.25,0,20.222192,17000,3669.4,3660.0
2022-03-29 14:31:00,23.25,23.25,23.25,23.25,0,20.222192,17000,3669.95,3660.0
2022-03-29 14:32:00,23.25,23.25,23.25,23.25,0,20.222192,17000,3668.2,3660.0
2022-03-29 14:33:00,23.25,23.25,23.25,23.25,0,20.222192,17000,3663.1,3660.0
2022-03-29 14:34:00,23.25,23.25,23.25,23.25,0,20.222192,17000,3665.0,3660.0
2022-03-29 14:35:00,23.25,23.25,23.25,23.25,0,20.222192,17000,3664.25,3660.0
2022-03-29 14:36:00,23.25,23.25,23.25,23.25,0,20.222192,17000,3667.6,3660.0
2022-03-29 14:37:00,23.25,23.25,23.25,23.25,0,20.222192,17000,3670.0,3660.0
2022-03-29 14:38:00,23.25,23.25,23.25,23.25,0,20.222192,17000,3667.9,3660.0
2022-03-29 14:39:00,19.3,19.3,19.3,19.3,250,19.199325,17000,3674.4,3680.0
2022-03-29 14:40:00,21.55,22.0,21.55,22.0,500,22.797551,17500,3671.8,3680.0
2022-03-29 14:41:00,22.0,22.0,22.0,22.0,0,22.797551,17500,3674.85,3680.0
2022-03-29 14:42:00,22.0,22.0,22.0,22.0,0,22.797551,17500,3677.65,3680.0
2022-03-29 14:43:00,23.7,26.0,23.7,25.6,1750,20.806595,17500,3683.35,3680.0
2022-03-29 14:44:00,25.6,25.6,25.1,25.1,1500,22.302124,17500,3679.3,3680.0
2022-03-29 14:45:00,25.1,28.7,25.1,28.7,500,21.340547,16750,3687.9,3680.0
2022-03-29 14:46:00,28.7,28.7,27.05,27.05,250,20.001587,16750,3687.55,3680.0
2022-03-29 14:47:00,27.05,27.05,26.5,26.5,250,19.733952,16750,3687.1,3680.0
2022-03-29 14:48:00,26.5,28.55,26.5,27.5,750,19.64838,16750,3689.0,3680.0
2022-03-29 14:49:00,27.5,27.5,27.05,27.05,250,19.773175,16750,3688.0,3680.0
2022-03-29 14:50:00,27.05,29.2,27.0,27.0,1000,20.208206,16750,3687.1,3680.0
2022-03-29 14:51:00,27.0,27.0,27.0,27.0,0,20.208206,16750,3685.6,3680.0
2022-03-29 14:52:00,27.0,27.0,27.0,27.0,0,20.208206,16750,3688.0,3680.0
2022-03-29 14:53:00,22.0,23.0,22.0,22.35,3250,21.900835,101750,3694.45,3700.0
2022-03-29 14:54:00,22.35,22.35,20.85,22.1,2500,22.819492,100000,3691.8,3700.0
2022-03-29 14:55:00,22.1,22.1,22.1,22.1,0,22.819492,100000,3686.95,3680.0
2022-03-29 14:56:00,27.0,27.0,23.45,23.45,1000,20.033965,16500,3681.0,3680.0
2022-03-29 14:57:00,23.45,24.35,23.45,24.35,750,19.386303,16500,3684.0,3680.0
2022-03-29 14:58:00,24.35,24.35,24.35,24.35,0,19.386303,16500,3685.3,3680.0
2022-03-29 14:59:00,26.2,26.2,25.85,25.85,1000,20.446587,16250,3684.65,3680.0
2022-03-29 15:00:00,25.85,25.85,25.85,25.85,0,20.446587,16250,3687.05,3680.0
2022-03-29 15:01:00,25.85,26.7,25.85,26.7,250,18.45003,16250,3689.9,3680.0
2022-03-29 15:02:00,26.7,26.7,26.7,26.7,0,18.45003,16250,3684.35,3680.0
2022-03-29 15:03:00,24.65,24.65,24.65,24.65,1250,18.735548,16250,3685.85,3680.0
2022-03-29 15:04:00,24.65,24.65,24.65,24.65,0,18.735548,16250,3687.65,3680.0
2022-03-29 15:05:00,24.65,24.65,24.65,24.65,0,18.735548,16250,3685.85,3680.0
2022-03-29 15:06:00,24.65,24.8,24.65,24.8,250,21.310855,16000,3681.0,3680.0
2022-03-29 15:07:00,25.0,25.0,25.0,25.0,250,19.870882,16000,3684.3,3680.0
2022-03-29 15:08:00,25.0,25.0,25.0,25.0,0,19.870882,16000,3683.3,3680.0
2022-03-29 15:09:00,25.0,25.0,25.0,25.0,0,19.870882,16000,3685.8,3680.0
2022-03-29 15:10:00,25.0,25.0,25.0,25.0,0,19.870882,16000,3685.1,3680.0
2022-03-29 15:11:00,25.0,25.0,25.0,25.0,0,19.870882,16000,3687.1,3680.0
2022-03-29 15:12:00,25.0,25.0,25.0,25.0,0,19.870882,16000,3689.75,3680.0
2022-03-29 15:13:00,18.75,19.45,18.75,19.45,2250,20.864151,104250,3690.85,3700.0
2022-03-29 15:14:00,20.0,21.0,20.0,21.0,3000,22.630224,104250,3690.05,3700.0
2022-03-29 15:15:00,21.0,21.0,20.55,20.55,1250,21.632312,104250,3691.45,3700.0
2022-03-29 15:16:00,20.55,21.0,20.55,20.85,1500,22.458596,103750,3690.15,3700.0
2022-03-29 15:17:00,20.85,20.85,20.8,20.8,500,21.870364,103750,3691.45,3700.0
2022-03-29 15:18:00,21.0,21.0,20.8,20.8,1750,22.085468,103750,3690.95,3700.0
2022-03-29 15:19:00,20.8,20.8,20.8,20.8,0,22.085468,103750,3690.0,3700.0
2022-03-29 15:20:00,20.15,20.2,19.75,19.75,1250,21.168048,102500,3690.85,3700.0
2022-03-29 15:21:00,19.75,20.2,19.75,20.2,1000,20.04488,102500,3694.45,3700.0
2022-03-29 15:22:00,20.45,20.75,20.45,20.45,2000,20.47438,100500,3694.0,3700.0
2022-03-29 15:23:00,20.45,20.85,20.45,20.85,500,19.760158,100500,3696.45,3700.0
2022-03-29 15:24:00,20.85,20.9,20.85,20.9,500,20.011601,100500,3696.0,3700.0
2022-03-29 15:25:00,20.1,20.6,20.1,20.55,3000,21.481766,100250,3691.9,3700.0
2022-03-29 15:26:00,27.1,27.1,24.85,24.85,250,16.729757,14500,3690.0,3680.0
2022-03-29 15:27:00,18.05,18.05,18.05,18.05,500,18.719543,100250,3693.0,3700.0
2022-03-29 15:28:00,18.75,18.75,18.05,18.05,2250,18.723088,98250,3693.0,3700.0
2022-03-29 15:29:00,25.25,25.95,25.25,25.95,250,18.290579,13250,3689.1,3680.0
2022-03-30 09:15:00,15.0,15.0,15.0,15.0,250,17.953627,45000,3717.4,3720.0
2022-03-30 09:16:00,15.0,21.5,15.0,20.15,3250,22.3718,45000,3720.0,3720.0
2022-03-30 09:17:00,20.15,20.15,20.15,20.15,500,25.894,45000,3713.75,3720.0
2022-03-30 09:18:00,19.85,23.05,19.85,21.7,3750,17.759984,93500,3710.0,3700.0
2022-03-30 09:19:00,21.7,21.7,15.2,16.15,1250,15.693454,93500,3703.55,3700.0
2022-03-30 09:20:00,16.15,16.15,13.45,16.05,1750,16.569061,92250,3702.0,3700.0
2022-03-30 09:21:00,16.05,16.1,11.3,15.8,5250,10.685299,92250,3709.75,3700.0
2022-03-30 09:22:00,15.8,15.8,14.0,14.5,1250,11.327327,92250,3707.0,3700.0
2022-03-30 09:23:00,14.35,14.85,14.35,14.85,3000,10.039221,90750,3709.1,3700.0
2022-03-30 09:24:00,14.85,14.85,14.85,14.85,0,10.039221,90750,3714.55,3720.0
2022-03-30 09:25:00,11.7,11.7,11.7,11.7,500,16.322638,44500,3713.45,3720.0
2022-03-30 09:26:00,11.7,11.7,11.7,11.7,0,16.322638,44500,3719.1,3720.0
2022-03-30 09:27:00,11.7,16.15,11.7,16.15,500,17.481547,44500,3720.6,3720.0
2022-03-30 09:28:00,15.75,15.75,15.75,15.75,750,17.384461,44500,3720.0,3720.0
2022-03-30 09:29:00,15.75,15.75,15.75,15.75,0,17.384461,44500,3718.0,3720.0
2022-03-30 09:30:00,14.5,14.5,14.3,14.3,1000,19.607725,44750,3713.0,3720.0
2022-03-30 09:31:00,8.3,9.6,7.6,9.6,3250,13.899174,44750,3713.45,3720.0
2022-03-30 09:32:00,9.7,9.7,9.7,9.7,500,15.088925,44750,3711.3,3720.0
2022-03-30 09:33:00,13.3,14.55,10.95,10.95,2750,5.803724,81500,3708.0,3700.0
2022-03-30 09:34:00,7.35,7.35,7.35,7.35,500,12.204453,44250,3711.5,3720.0
2022-03-30 09:35:00,7.35,7.35,7.35,7.35,0,12.204453,44250,3713.4,3720.0
2022-03-30 09:36:00,7.35,7.35,7.35,7.35,0,12.204453,44250,3716.05,3720.0
2022-03-30 09:37:00,7.35,7.35,7.35,7.35,0,12.204453,44250,3716.25,3720.0
2022-03-30 09:38:00,11.35,11.35,11.35,11.35,500,11.429401,44000,3721.5,3720.0
2022-03-30 09:39:00,11.35,11.35,11.35,11.35,0,11.429401,44000,3721.05,3720.0
2022-03-30 09:40:00,11.35,11.35,11.35,11.35,0,11.429401,44000,3720.9,3720.0
2022-03-30 09:41:00,11.35,11.35,11.35,11.35,0,11.429401,44000,3719.6,3720.0
2022-03-30 09:42:00,11.35,13.05,11.35,13.05,500,16.973577,44000,3715.35,3720.0
2022-03-30 09:43:00,13.05,13.05,13.0,13.0,500,15.678069,44000,3717.6,3720.0
2022-03-30 09:44:00,13.0,15.0,13.0,15.0,250,16.720333,44000,3719.8,3720.0
2022-03-30 09:45:00,15.45,15.45,15.45,15.45,250,19.0862,43250,3716.6,3720.0
2022-03-30 09:46:00,12.85,12.85,12.85,12.85,500,17.057306,43250,3714.8,3720.0
2022-03-30 09:47:00,12.85,12.85,12.85,12.85,0,17.057306,43250,3714.15,3720.0
2022-03-30 09:48:00,12.85,12.85,12.85,12.85,0,17.057306,43250,3718.05,3720.0
2022-03-30 09:49:00,12.85,12.85,12.85,12.85,0,17.057306,43250,3719.0,3720.0
2022-03-30 09:50:00,12.85,12.85,12.85,12.85,0,17.057306,43250,3718.4,3720.0
2022-03-30 09:51:00,15.1,15.45,15.1,15.45,1500,17.366724,43500,3719.65,3720.0
2022-03-30 09:52:00,16.25,16.25,16.25,16.25,250,21.857264,43500,3713.3,3720.0
2022-03-30 09:53:00,16.25,16.25,16.25,16.25,0,21.857264,43500,3712.65,3720.0
2022-03-30 09:54:00,16.25,16.25,16.25,16.25,0,21.857264,43500,3713.5,3720.0
2022-03-30 09:55:00,16.25,16.25,16.25,16.25,0,21.857264,43500,3711.25,3720.0
2022-03-30 09:56:00,16.25,16.25,16.25,16.25,0,21.857264,43500,3711.6,3720.0
2022-03-30 09:57:00,16.25,16.25,16.25,16.25,0,21.857264,43500,3715.5,3720.0
2022-03-30 09:58:00,16.25,16.25,16.25,16.25,0,21.857264,43500,3717.35,3720.0
2022-03-30 09:59:00,16.25,16.25,16.25,16.25,0,21.857264,43500,3716.65,3720.0
2022-03-30 10:00:00,16.25,16.25,12.5,12.5,250,15.516702,42750,3717.0,3720.0
2022-03-30 10:01:00,12.5,12.5,12.5,12.5,0,15.516702,42750,3715.6,3720.0
2022-03-30 10:02:00,12.5,12.5,12.5,12.5,0,15.516702,42750,3713.95,3720.0
2022-03-30 10:03:00,13.45,13.45,13.45,13.45,500,18.698796,42750,3713.2,3720.0
2022-03-30 10:04:00,13.45,13.45,12.0,12.85,1750,19.03028,42750,3711.2,3720.0
2022-03-30 10:05:00,12.85,12.85,12.85,12.85,0,19.03028,42750,3713.35,3720.0
2022-03-30 10:06:00,12.85,12.85,12.85,12.85,0,19.03028,42750,3712.05,3720.0
2022-03-30 10:07:00,12.85,14.6,12.85,14.6,750,20.859235,42750,3711.7,3720.0
2022-03-30 10:08:00,14.6,14.6,14.6,14.6,0,20.859235,42750,3711.7,3720.0
2022-03-30 10:09:00,14.6,14.6,14.6,14.6,0,20.859235,42750,3711.8,3720.0
2022-03-30 10:10:00,14.6,14.6,14.6,14.6,0,20.859235,42750,3707.85,3700.0
2022-03-30 10:11:00,20.0,20.0,18.0,18.0,500,13.96046,73000,3709.4,3700.0
2022-03-30 10:12:00,18.0,18.8,18.0,18.8,250,15.945962,72500,3708.1,3700.0
2022-03-30 10:13:00,18.8,18.8,17.95,17.95,250,14.302117,72500,3708.9,3700.0
2022-03-30 10:14:00,17.95,17.95,17.95,17.95,0,14.302117,72500,3710.2,3720.0
2022-03-30 10:15:00,17.95,17.95,17.95,17.95,0,14.302117,72500,3708.9,3700.0
2022-03-30 10:16:00,18.05,18.05,17.15,17.15,1000,16.390526,72000,3704.7,3700.0
2022-03-30 10:17:00,17.15,17.15,15.1,15.1,250,15.742381,72000,3702.0,3700.0
2022-03-30 10:18:00,15.1,16.8,15.1,16.8,250,17.655266,71500,3702.15,3700.0
2022-03-30 10:19:00,17.0,19.1,17.0,19.1,1250,19.670776,71500,3703.25,3700.0
2022-03-30 10:20:00,19.1,21.95,19.1,21.95,1750,19.581036,71500,3708.4,3700.0
2022-03-30 10:21:00,21.95,21.95,21.95,21.95,0,19.581036,71500,3702.6,3700.0
2022-03-30 10:22:00,21.95,21.95,21.95,21.95,0,19.581036,71500,3704.1,3700.0
2022-03-30 10:23:00,21.95,21.95,21.95,21.95,0,19.581036,71500,3703.1,3700.0
2022-03-30 10:24:00,21.95,21.95,21.95,21.95,0,19.581036,71500,3704.3,3700.0
2022-03-30 10:25:00,21.95,21.95,21.95,21.95,0,19.581036,71500,3707.4,3700.0
2022-03-30 10:26:00,21.95,21.95,21.95,21.95,0,19.581036,71500,3707.5,3700.0
2022-03-30 10:27:00,21.95,21.95,21.95,21.95,0,19.581036,71500,3706.65,3700.0
2022-03-30 10:28:00,14.25,14.7,14.25,14.7,750,20.953915,43750,3712.0,3720.0
2022-03-30 10:29:00,15.9,16.25,15.6,16.25,2000,22.796447,43750,3712.0,3720.0
2022-03-30 10:30:00,16.25,16.95,15.95,15.95,750,21.91591,44250,3713.0,3720.0
2022-03-30 10:31:00,15.95,17.0,15.95,17.0,5250,19.785381,44250,3719.0,3720.0
2022-03-30 10:32:00,17.0,17.0,17.0,17.0,0,19.785381,44250,3719.45,3720.0
2022-03-30 10:33:00,17.25,17.35,17.25,17.35,2250,19.701233,42500,3719.85,3720.0
2022-03-30 10:34:00,16.6,16.6,16.6,16.6,750,18.737118,42500,3720.0,3720.0
2022-03-30 10:35:00,16.85,18.75,16.85,18.75,750,20.627454,42500,3721.05,3720.0
2022-03-30 10:36:00,18.75,19.65,18.6,19.65,1000,19.168982,41250,3725.0,3720.0
2022-03-30 10:37:00,19.55,19.55,18.4,18.4,2000,18.421603,41250,3723.9,3720.0
2022-03-30 10:38:00,18.4,18.4,18.2,18.2,250,20.639685,41250,3720.0,3720.0
2022-03-30 10:39:00,18.55,18.55,18.55,18.55,500,22.008604,39000,3718.4,3720.0
2022-03-30 10:40:00,18.55,18.55,18.55,18.55,250,21.602274,39000,3719.1,3720.0
2022-03-30 10:41:00,18.55,18.55,16.55,16.55,750,19.554023,39000,3718.6,3720.0
2022-03-30 10:42:00,16.55,16.55,16.2,16.2,250,21.034684,38000,3715.3,3720.0
2022-03-30 10:43:00,16.2,16.2,16.2,16.2,0,21.034684,38000,3715.0,3720.0
2022-03-30 10:44:00,16.2,16.2,16.2,16.2,0,21.034684,38000,3716.15,3720.0
2022-03-30 10:45:00,16.2,16.2,16.2,16.2,0,21.034684,38000,3716.35,3720.0
2022-03-30 10:46:00,16.2,16.2,13.8,13.8,250,18.933729,37750,3714.0,3720.0
2022-03-30 10:47:00,13.8,13.8,13.8,13.8,0,18.933729,37750,3715.9,3720.0
2022-03-30 10:48:00,13.8,13.8,13.8,13.8,0,18.933729,37750,3714.9,3720.0
2022-03-30 10:49:00,13.8,13.8,13.8,13.8,0,18.933729,37750,3709.15,3700.0
2022-03-30 10:50:00,21.4,21.4,17.25,17.25,750,13.108179,63000,3709.5,3700.0
2022-03-30 10:51:00,17.25,17.25,17.25,17.25,0,13.108179,63000,3713.0,3720.0
2022-03-30 10:52:00,17.25,17.25,17.25,17.25,0,13.108179,63000,3714.5,3720.0
2022-03-30 10:53:00,13.35,16.05,13.35,14.6,1000,18.198558,37750,3717.1,3720.0
2022-03-30 10:54:00,14.6,14.6,14.45,14.45,500,18.141331,38000,3716.9,3720.0
2022-03-30 10:55:00,14.45,15.7,14.45,15.7,250,18.98856,38000,3718.0,3720.0
2022-03-30 10:56:00,15.7,15.7,15.7,15.7,0,18.98856,38000,3716.75,3720.0
2022-03-30 10:57:00,15.7,15.7,15.7,15.7,0,18.98856,38000,3713.45,3720.0
2022-03-30 10:58:00,15.7,15.7,15.7,15.7,0,18.98856,38000,3712.35,3720.0
2022-03-30 10:59:00,22.0,22.0,18.55,18.55,1000,14.390344,62500,3710.0,3700.0
2022-03-30 11:00:00,18.55,18.55,16.6,16.6,1000,15.222562,63000,3705.75,3700.0
2022-03-30 11:01:00,16.6,16.6,16.6,16.6,0,15.222562,63000,3707.4,3700.0
2022-03-30 11:02:00,16.6,16.6,16.6,16.6,0,15.222562,63000,3711.5,3720.0
2022-03-30 11:03:00,16.6,16.6,16.6,16.6,0,15.222562,63000,3711.25,3720.0
2022-03-30 11:04:00,20.4,20.4,20.1,20.1,250,17.21612,63250,3708.9,3700.0
2022-03-30 11:05:00,20.1,20.1,20.1,20.1,0,17.21612,63250,3708.7,3700.0
2022-03-30 11:06:00,20.1,20.1,20.1,20.1,0,17.21612,63250,3709.8,3700.0
2022-03-30 11:07:00,20.1,20.1,20.1,20.1,0,17.21612,63250,3708.25,3700.0
2022-03-30 11:08:00,20.1,21.45,19.4,19.4,750,16.90045,63250,3708.2,3700.0
2022-03-30 11:09:00,19.4,19.4,14.65,16.65,1750,17.793675,63000,3702.1,3700.0
2022-03-30 11:10:00,16.65,17.05,16.65,17.05,250,18.116856,63000,3702.35,3700.0
2022-03-30 11:11:00,17.05,17.05,16.45,16.45,250,16.980447,63000,3703.0,3700.0
2022-03-30 11:12:00,9.55,12.55,9.55,12.55,750,18.784729,36250,3711.75,3720.0
2022-03-30 11:13:00,12.55,14.45,12.55,14.45,500,21.94114,36250,3710.1,3720.0
2022-03-30 11:14:00,14.45,14.45,14.45,14.45,0,21.94114,36250,3710.0,3700.0
2022-03-30 11:15:00,13.75,13.75,13.35,13.35,250,19.74107,36750,3711.8,3720.0
2022-03-30 11:16:00,14.45,14.45,14.45,14.45,500,20.215824,36750,3713.4,3720.0
2022-03-30 11:17:00,14.45,15.35,14.45,15.35,250,21.354402,36750,3713.3,3720.0
2022-03-30 11:18:00,15.35,15.35,13.75,13.75,250,18.982541,36500,3714.15,3720.0
2022-03-30 11:19:00,13.75,13.75,13.75,13.75,0,18.982541,36500,3711.1,3720.0
2022-03-30 11:20:00,13.75,13.75,13.75,13.75,0,18.982541,36500,3711.35,3720.0
2022-03-30 11:21:00,13.7,13.75,13.7,13.75,1000,20.523724,36250,3711.3,3720.0
2022-03-30 11:22:00,13.75,13.75,13.75,13.75,250,20.739132,36250,3710.9,3720.0
2022-03-30 11:23:00,13.75,13.75,13.75,13.75,0,20.739132,36250,3710.0,3720.0
2022-03-30 11:24:00,13.75,13.75,13.75,13.75,0,20.739132,36250,3710.0,3720.0
2022-03-30 11:25:00,13.75,13.75,13.75,13.75,0,20.739132,36250,3708.4,3700.0
2022-03-30 11:26:00,20.95,20.95,20.6,20.6,250,19.771736,63000,3706.4,3700.0
2022-03-30 11:27:00,20.6,20.6,20.6,20.6,0,19.771736,63000,3707.25,3700.0
2022-03-30 11:28:00,20.6,20.6,19.45,19.45,2250,20.424817,62750,3703.4,3700.0
2022-03-30 11:29:00,19.45,21.1,19.45,20.0,1750,19.993455,62750,3705.05,3700.0
2022-03-30 11:30:00,20.0,20.0,20.0,20.0,0,19.993455,62750,3706.0,3700.0
2022-03-30 11:31:00,20.0,20.0,20.0,20.0,0,19.993455,62750,3705.9,3700.0
2022-03-30 11:32:00,20.0,20.0,20.0,20.0,0,19.993455,62750,3706.85,3700.0
2022-03-30 11:33:00,20.0,20.0,18.55,18.55,250,17.596713,61500,3706.0,3700.0
2022-03-30 11:34:00,18.55,18.55,18.55,18.55,0,17.596713,61500,3706.45,3700.0
2022-03-30 11:35:00,18.55,18.55,18.55,18.55,0,17.596713,61500,3706.5,3700.0
2022-03-30 11:36:00,18.55,20.0,18.55,20.0,250,18.46035,61250,3707.3,3700.0
2022-03-30 11:37:00,20.0,20.0,20.0,20.0,0,18.46035,61250,3708.45,3700.0
2022-03-30 11:38:00,20.0,20.0,20.0,20.0,0,18.46035,61250,3706.0,3700.0
2022-03-30 11:39:00,20.0,20.45,20.0,20.45,750,18.521966,61000,3708.0,3700.0
2022-03-30 11:40:00,12.4,12.4,12.4,12.4,750,19.521332,35750,3710.3,3720.0
2022-03-30 11:41:00,22.0,22.0,21.1,21.35,500,18.905859,61000,3709.0,3700.0
2022-03-30 11:42:00,21.35,21.65,21.35,21.65,500,19.728325,60750,3708.4,3700.0
2022-03-30 11:43:00,21.65,21.65,19.95,19.95,1000,17.628903,60750,3708.4,3700.0
2022-03-30 11:44:00,19.95,19.95,19.35,19.35,250,18.639662,60750,3706.0,3700.0
2022-03-30 11:45:00,19.35,19.35,18.9,19.35,750,15.63865,60250,3710.0,3700.0
2022-03-30 11:46:00,19.35,19.35,19.35,19.35,0,15.63865,60250,3707.5,3700.0
2022-03-30 11:47:00,19.35,19.35,19.35,19.35,0,15.63865,60250,3708.75,3700.0
2022-03-30 11:48:00,19.35,20.0,19.35,20.0,250,18.496629,60250,3707.35,3700.0
2022-03-30 11:49:00,20.0,20.0,20.0,20.0,0,18.496629,60250,3710.1,3720.0
2022-03-30 11:50:00,14.35,14.35,14.35,14.35,250,21.602757,35000,3711.0,3720.0
2022-03-30 11:51:00,14.35,14.35,14.35,14.35,0,21.602757,35000,3712.0,3720.0
2022-03-30 11:52:00,13.15,14.25,13.15,13.6,1000,20.331522,34750,3711.7,3720.0
2022-03-30 11:53:00,13.6,13.6,13.55,13.55,250,20.25055,34750,3711.75,3720.0
2022-03-30 11:54:00,21.5,21.85,20.0,21.85,750,19.232912,59250,3709.5,3700.0
2022-03-30 11:55:00,21.85,21.85,21.85,21.85,0,19.232912,59250,3707.7,3700.0
2022-03-30 11:56:00,21.85,21.85,19.9,19.9,500,17.717871,59250,3708.3,3700.0
2022-03-30 11:57:00,12.9,13.65,12.9,13.6,500,21.127182,34500,3710.25,3720.0
2022-03-30 11:58:00,13.6,13.6,13.6,13.6,0,21.127182,34500,3708.9,3700.0
2022-03-30 11:59:00,13.6,13.6,13.6,13.6,0,21.127182,34500,3709.9,3700.0
2022-03-30 12:00:00,13.6,13.6,13.6,13.6,0,21.127182,34500,3709.4,3700.0
2022-03-30 12:01:00,13.6,13.6,13.6,13.6,0,21.127182,34500,3709.35,3700.0
2022-03-30 12:02:00,19.8,19.8,18.45,18.5,750,15.959241,59000,3708.35,3700.0
2022-03-30 12:03:00,18.5,18.5,18.5,18.5,0,15.959241,59000,3706.05,3700.0
2022-03-30 12:04:00,18.5,18.5,18.5,18.5,0,15.959241,59000,3707.1,3700.0
2022-03-30 12:05:00,18.5,19.0,18.5,19.0,250,17.135269,59500,3707.65,3700.0
2022-03-30 12:06:00,19.0,19.0,19.0,19.0,0,17.135269,59500,3706.75,3700.0
2022-03-30 12:07:00,19.0,19.0,19.0,19.0,0,17.135269,59500,3708.25,3700.0
2022-03-30 12:08:00,19.0,19.0,19.0,19.0,0,17.135269,59500,3707.0,3700.0
2022-03-30 12:09:00,19.0,19.0,19.0,19.0,0,17.135269,59500,3707.0,3700.0
2022-03-30 12:10:00,19.0,19.0,19.0,19.0,500,18.11779,59500,3706.35,3700.0
2022-03-30 12:11:00,19.0,19.0,19.0,19.0,500,18.159744,59500,3706.3,3700.0
2022-03-30 12:12:00,19.0,19.2,19.0,19.2,500,18.448895,60000,3706.25,3700.0
2022-03-30 12:13:00,19.2,19.6,19.2,19.6,500,19.790718,60000,3705.05,3700.0
2022-03-30 12:14:00,19.6,19.6,17.15,17.15,750,18.977763,60000,3701.8,3700.0
2022-03-30 12:15:00,19.55,19.55,18.95,18.95,750,20.392941,60000,3703.0,3700.0
2022-03-30 12:16:00,17.0,17.0,17.0,17.0,250,21.177113,60500,3698.0,3700.0
2022-03-30 12:17:00,17.0,17.25,17.0,17.25,500,20.262926,60500,3700.0,3700.0
2022-03-30 12:18:00,17.5,17.5,17.4,17.4,500,20.54553,59750,3699.85,3700.0
2022-03-30 12:19:00,17.4,19.1,17.4,17.4,1250,20.769437,59750,3699.5,3700.0
2022-03-30 12:20:00,17.4,18.3,17.4,18.3,750,22.240591,59750,3698.9,3700.0
2022-03-30 12:21:00,17.65,17.65,17.65,17.65,500,20.620029,59750,3700.25,3700.0
2022-03-30 12:22:00,17.65,17.65,17.65,17.65,0,20.620029,59750,3699.95,3700.0
2022-03-30 12:23:00,17.65,17.65,17.65,17.65,0,20.620029,59750,3698.85,3700.0
2022-03-30 12:24:00,17.65,17.65,17.65,17.65,0,20.620029,59750,3699.05,3700.0
2022-03-30 12:25:00,17.65,17.65,17.65,17.65,250,20.803855,59250,3700.0,3700.0
2022-03-30 12:26:00,17.65,18.45,17.65,18.45,500,22.251858,59250,3699.25,3700.0
2022-03-30 12:27:00,18.1,18.1,18.0,18.0,500,22.109113,59250,3698.6,3700.0
2022-03-30 12:28:00,18.0,18.0,18.0,18.0,0,22.109113,59250,3699.95,3700.0
2022-03-30 12:29:00,18.0,18.0,18.0,18.0,0,22.109113,59250,3700.0,3700.0
2022-03-30 12:30:00,18.0,18.0,18.0,18.0,0,22.109113,59250,3698.9,3700.0
2022-03-30 12:31:00,18.0,18.0,18.0,18.0,0,22.109113,59250,3700.15,3700.0
2022-03-30 12:32:00,18.0,18.0,18.0,18.0,0,22.109113,59250,3700.0,3700.0
2022-03-30 12:33:00,18.0,18.0,18.0,18.0,0,22.109113,59250,3699.2,3700.0
2022-03-30 12:34:00,18.0,18.0,18.0,18.0,250,21.324812,59500,3699.95,3700.0
2022-03-30 12:35:00,18.0,18.0,18.0,18.0,0,21.324812,59500,3699.65,3700.0
2022-03-30 12:36:00,18.0,18.0,18.0,18.0,0,21.324812,59500,3699.7,3700.0
2022-03-30 12:37:00,18.0,18.0,16.95,16.95,1000,21.262195,59250,3698.0,3700.0
2022-03-30 12:38:00,16.3,16.3,16.25,16.3,1000,20.352384,59250,3698.2,3700.0
2022-03-30 12:39:00,16.3,16.5,16.3,16.5,250,20.664661,58750,3698.1,3700.0
2022-03-30 12:40:00,16.5,16.5,16.5,16.5,0,20.664661,58750,3700.0,3700.0
2022-03-30 12:41:00,16.5,16.5,16.5,16.5,0,20.664661,58750,3700.0,3700.0
2022-03-30 12:42:00,16.5,17.8,16.5,17.8,750,22.308755,58750,3698.05,3700.0
2022-03-30 12:43:00,17.8,17.8,16.5,17.2,1000,21.5502,58750,3698.1,3700.0
2022-03-30 12:44:00,17.2,17.2,16.5,16.5,500,19.556167,58750,3699.95,3700.0
2022-03-30 12:45:00,15.95,15.95,14.55,14.55,1250,19.531392,60000,3696.05,3700.0
2022-03-30 12:46:00,14.55,14.6,14.55,14.6,250,19.628548,60000,3696.0,3700.0
2022-03-30 12:47:00,14.6,14.65,11.55,14.05,3500,18.98717,60000,3695.95,3700.0
2022-03-30 12:48:00,14.05,14.05,12.75,12.75,1250,17.851101,59500,3695.15,3700.0
2022-03-30 12:49:00,12.75,12.75,12.75,12.75,0,17.851101,59500,3692.6,3700.0
2022-03-30 12:50:00,12.75,12.75,12.75,12.75,0,17.851101,59500,3690.0,3680.0
2022-03-30 12:51:00,12.75,12.75,12.75,12.75,0,17.851101,59500,3687.8,3680.0
2022-03-30 12:52:00,12.75,12.75,12.75,12.75,0,17.851101,59500,3688.3,3680.0
2022-03-30 12:53:00,12.75,12.75,12.75,12.75,0,17.851101,59500,3687.4,3680.0
2022-03-30 12:54:00,12.75,12.75,12.75,12.75,0,17.851101,59500,3688.75,3680.0
2022-03-30 12:55:00,12.75,12.75,12.75,12.75,0,17.851101,59500,3688.25,3680.0
2022-03-30 12:56:00,12.75,12.75,12.75,12.75,0,17.851101,59500,3688.85,3680.0
2022-03-30 12:57:00,12.75,12.75,12.75,12.75,0,17.851101,59500,3688.25,3680.0
2022-03-30 12:58:00,12.75,12.75,12.75,12.75,0,17.851101,59500,3687.6,3680.0
2022-03-30 12:59:00,12.75,12.75,12.75,12.75,0,17.851101,59500,3687.6,3680.0
2022-03-30 13:00:00,12.75,12.75,12.75,12.75,0,17.851101,59500,3686.7,3680.0
2022-03-30 13:01:00,12.75,12.75,12.75,12.75,0,17.851101,59500,3688.2,3680.0
2022-03-30 13:02:00,12.75,12.75,12.75,12.75,0,17.851101,59500,3687.75,3680.0
2022-03-30 13:03:00,12.75,12.75,12.75,12.75,0,17.851101,59500,3685.55,3680.0
2022-03-30 13:04:00,12.75,12.75,12.75,12.75,0,17.851101,59500,3685.0,3680.0
2022-03-30 13:05:00,12.75,12.75,12.75,12.75,0,17.851101,59500,3688.8,3680.0
2022-03-30 13:06:00,12.75,12.75,12.75,12.75,0,17.851101,59500,3688.15,3680.0
2022-03-30 13:07:00,12.75,12.75,12.75,12.75,0,17.851101,59500,3687.75,3680.0
2022-03-30 13:08:00,30.0,30.0,18.0,18.0,250,17.536215,9250,3686.05,3680.0
2022-03-30 13:09:00,18.0,18.0,18.0,18.0,0,17.536215,9250,3690.0,3700.0
2022-03-30 13:10:00,18.0,18.0,18.0,18.0,0,17.536215,9250,3689.05,3680.0
2022-03-30 13:11:00,18.0,18.0,18.0,18.0,0,17.536215,9250,3689.6,3680.0
2022-03-30 13:12:00,12.25,12.25,12.25,12.25,250,19.799392,59750,3690.75,3700.0
2022-03-30 13:13:00,12.25,12.25,12.25,12.25,0,19.799392,59750,3691.0,3700.0
2022-03-30 13:14:00,12.25,12.25,12.25,12.25,0,19.799392,59750,3690.65,3700.0
2022-03-30 13:15:00,12.25,15.7,12.25,13.5,4750,21.479257,59750,3690.6,3700.0
2022-03-30 13:16:00,13.5,13.5,13.5,13.5,0,21.479257,59750,3691.4,3700.0
2022-03-30 13:17:00,13.5,13.5,12.85,12.85,500,19.805448,59750,3692.2,3700.0
2022-03-30 13:18:00,12.85,12.85,12.85,12.85,0,19.805448,59750,3690.0,3700.0
2022-03-30 13:19:00,12.85,12.85,12.85,12.85,0,19.805448,59750,3690.8,3700.0
2022-03-30 13:20:00,12.85,12.85,12.85,12.85,0,19.805448,59750,3691.45,3700.0
2022-03-30 13:21:00,12.85,12.85,12.85,12.85,0,19.805448,59750,3691.7,3700.0
2022-03-30 13:22:00,12.85,12.85,12.85,12.85,0,19.805448,59750,3692.65,3700.0
2022-03-30 13:23:00,12.85,12.85,12.85,12.85,0,19.805448,59750,3693.45,3700.0
2022-03-30 13:24:00,12.75,15.0,12.75,15.0,1000,20.319881,60000,3696.1,3700.0
2022-03-30 13:25:00,14.45,14.5,14.45,14.5,500,19.82198,60000,3695.9,3700.0
2022-03-30 13:26:00,14.5,14.5,14.5,14.5,250,18.044082,60000,3698.85,3700.0
2022-03-30 13:27:00,14.5,14.5,14.2,14.2,250,18.957766,60000,3696.75,3700.0
2022-03-30 13:28:00,14.2,14.2,14.2,14.2,0,18.957766,60000,3699.0,3700.0
2022-03-30 13:29:00,14.2,14.2,14.2,14.2,0,18.957766,60000,3697.35,3700.0
2022-03-30 13:30:00,14.2,14.8,14.2,14.8,500,19.60496,60500,3696.95,3700.0
2022-03-30 13:31:00,14.8,14.8,13.7,13.7,750,18.568616,60500,3696.4,3700.0
2022-03-30 13:32:00,14.65,15.0,14.65,15.0,3250,21.970127,60500,3693.35,3700.0
2022-03-30 13:33:00,14.35,15.1,14.35,14.6,1000,20.030532,60500,3695.85,3700.0
2022-03-30 13:34:00,15.35,15.35,14.7,14.7,500,19.627177,60500,3696.75,3700.0
2022-03-30 13:35:00,14.7,14.7,14.7,14.7,0,19.627177,60500,3696.55,3700.0
2022-03-30 13:36:00,14.7,14.7,14.7,14.7,0,19.627177,60500,3695.0,3700.0
2022-03-30 13:37:00,14.7,14.7,14.7,14.7,0,19.627177,60500,3696.35,3700.0
2022-03-30 13:38:00,14.7,14.7,14.7,14.7,0,19.627177,60500,3698.0,3700.0
2022-03-30 13:39:00,14.7,15.6,14.7,15.6,250,20.785557,60000,3696.75,3700.0
2022-03-30 13:40:00,15.6,15.6,15.6,15.6,0,20.785557,60000,3697.1,3700.0
2022-03-30 13:41:00,15.6,15.6,14.7,14.7,750,18.636748,60000,3698.45,3700.0
2022-03-30 13:42:00,14.7,15.75,14.7,15.75,500,19.767564,60000,3698.75,3700.0
2022-03-30 13:43:00,15.75,15.75,13.0,13.0,3500,18.588832,60000,3695.0,3700.0
2022-03-30 13:44:00,13.0,14.1,12.5,13.65,2750,19.585901,60000,3694.7,3700.0
2022-03-30 13:45:00,13.65,13.65,11.0,12.0,3000,18.584863,60000,3692.8,3700.0
2022-03-30 13:46:00,12.0,12.0,12.0,12.0,250,19.031698,58250,3692.0,3700.0
2022-03-30 13:47:00,12.0,12.0,11.1,11.55,500,18.790759,58250,3691.4,3700.0
2022-03-30 13:48:00,11.55,11.55,11.55,11.55,0,18.790759,58250,3690.3,3700.0
2022-03-30 13:49:00,11.55,11.55,11.0,11.0,250,18.580522,58000,3690.5,3700.0
2022-03-30 13:50:00,11.0,11.0,11.0,11.0,0,18.580522,58000,3689.6,3680.0
2022-03-30 13:51:00,11.0,11.0,11.0,11.0,0,18.580522,58000,3690.0,3700.0
2022-03-30 13:52:00,11.0,11.0,11.0,11.0,0,18.580522,58000,3689.05,3680.0
2022-03-30 13:53:00,11.0,11.0,11.0,11.0,0,18.580522,58000,3688.65,3680.0
2022-03-30 13:54:00,10.05,10.05,10.05,10.05,250,16.617557,58000,3691.95,3700.0
2022-03-30 13:55:00,10.05,10.05,10.05,10.05,0,16.617557,58000,3687.6,3680.0
2022-03-30 13:56:00,10.05,10.05,10.05,10.05,0,16.617557,58000,3689.45,3680.0
2022-03-30 13:57:00,10.05,10.05,10.05,10.05,0,16.617557,58000,3689.5,3680.0
2022-03-30 13:58:00,10.05,10.05,10.05,10.05,0,16.617557,58000,3689.1,3680.0
2022-03-30 13:59:00,10.05,10.05,10.05,10.05,0,16.617557,58000,3689.45,3680.0
2022-03-30 14:00:00,10.05,10.05,10.05,10.05,0,16.617557,58000,3690.0,3700.0
2022-03-30 14:01:00,10.05,10.05,10.05,10.05,0,16.617557,58000,3688.85,3680.0
2022-03-30 14:02:00,10.05,10.05,10.05,10.05,0,16.617557,58000,3688.5,3680.0
2022-03-30 14:03:00,10.05,10.05,10.05,10.05,0,16.617557,58000,3687.5,3680.0
2022-03-30 14:04:00,10.05,10.05,10.05,10.05,0,16.617557,58000,3685.15,3680.0
2022-03-30 14:05:00,10.05,10.05,10.05,10.05,0,16.617557,58000,3686.4,3680.0
2022-03-30 14:06:00,10.05,10.05,10.05,10.05,0,16.617557,58000,3688.0,3680.0
2022-03-30 14:07:00,10.05,10.05,10.05,10.05,0,16.617557,58000,3688.9,3680.0
2022-03-30 14:08:00,10.05,10.05,10.05,10.05,0,16.617557,58000,3686.1,3680.0
2022-03-30 14:09:00,10.05,10.05,10.05,10.05,0,16.617557,58000,3683.95,3680.0
2022-03-30 14:10:00,10.05,10.05,10.05,10.05,0,16.617557,58000,3684.05,3680.0
2022-03-30 14:11:00,10.05,10.05,10.05,10.05,0,16.617557,58000,3685.95,3680.0
2022-03-30 14:12:00,10.05,10.05,10.05,10.05,0,16.617557,58000,3684.2,3680.0
2022-03-30 14:13:00,10.05,10.05,10.05,10.05,0,16.617557,58000,3685.35,3680.0
2022-03-30 14:14:00,10.05,10.05,10.05,10.05,0,16.617557,58000,3686.0,3680.0
2022-03-30 14:15:00,10.05,10.05,10.05,10.05,0,16.617557,58000,3685.5,3680.0
2022-03-30 14:16:00,10.05,10.05,10.05,10.05,0,16.617557,58000,3686.45,3680.0
2022-03-30 14:17:00,10.05,10.05,10.05,10.05,0,16.617557,58000,3686.0,3680.0
2022-03-30 14:18:00,11.5,11.5,11.5,11.5,250,9.042224,8250,3686.45,3680.0
2022-03-30 14:19:00,11.5,11.5,11.5,11.5,0,9.042224,8250,3686.45,3680.0
2022-03-30 14:20:00,11.5,11.5,11.5,11.5,0,9.042224,8250,3687.6,3680.0
2022-03-30 14:21:00,11.5,11.5,11.5,11.5,0,9.042224,8250,3687.95,3680.0
2022-03-30 14:22:00,11.5,11.5,11.5,11.5,0,9.042224,8250,3687.05,3680.0
2022-03-30 14:23:00,11.5,11.5,11.5,11.5,0,9.042224,8250,3685.0,3680.0
2022-03-30 14:24:00,11.5,11.5,11.5,11.5,0,9.042224,8250,3685.0,3680.0
2022-03-30 14:25:00,11.5,11.5,11.5,11.5,0,9.042224,8250,3686.1,3680.0
2022-03-30 14:26:00,11.5,11.5,11.5,11.5,0,9.042224,8250,3686.8,3680.0
2022-03-30 14:27:00,11.5,11.5,11.5,11.5,0,9.042224,8250,3685.85,3680.0
2022-03-30 14:28:00,11.5,11.5,11.5,11.5,0,9.042224,8250,3685.0,3680.0
2022-03-30 14:29:00,11.5,11.5,11.5,11.5,0,9.042224,8250,3685.2,3680.0
2022-03-30 14:30:00,11.5,11.5,11.5,11.5,0,9.042224,8250,3685.45,3680.0
2022-03-30 14:31:00,11.5,11.5,11.5,11.5,0,9.042224,8250,3686.0,3680.0
2022-03-30 14:32:00,11.5,11.5,11.5,11.5,0,9.042224,8250,3683.4,3680.0
2022-03-30 14:33:00,11.5,11.5,11.5,11.5,0,9.042224,8250,3684.05,3680.0
2022-03-30 14:34:00,11.5,11.5,11.5,11.5,0,9.042224,8250,3685.0,3680.0
2022-03-30 14:35:00,11.5,11.5,11.5,11.5,0,9.042224,8250,3684.1,3680.0
2022-03-30 14:36:00,11.5,11.5,11.5,11.5,0,9.042224,8250,3683.0,3680.0
2022-03-30 14:37:00,11.5,11.5,11.5,11.5,0,9.042224,8250,3684.3,3680.0
2022-03-30 14:38:00,11.5,11.5,11.5,11.5,0,9.042224,8250,3685.0,3680.0
2022-03-30 14:39:00,11.5,11.5,11.5,11.5,0,9.042224,8250,3685.6,3680.0
2022-03-30 14:40:00,11.5,11.5,11.5,11.5,0,9.042224,8250,3684.9,3680.0
2022-03-30 14:41:00,11.5,11.5,11.5,11.5,0,9.042224,8250,3685.0,3680.0
2022-03-30 14:42:00,11.5,11.5,11.5,11.5,0,9.042224,8250,3685.1,3680.0
2022-03-30 14:43:00,11.5,11.5,11.5,11.5,0,9.042224,8250,3685.0,3680.0
2022-03-30 14:44:00,11.5,11.5,11.5,11.5,0,9.042224,8250,3683.6,3680.0
2022-03-30 14:45:00,11.5,11.5,11.5,11.5,0,9.042224,8250,3684.0,3680.0
2022-03-30 14:46:00,11.5,11.5,11.5,11.5,0,9.042224,8250,3683.0,3680.0
2022-03-30 14:47:00,11.5,11.5,11.5,11.5,0,9.042224,8250,3681.85,3680.0
2022-03-30 14:48:00,11.5,11.5,11.5,11.5,0,9.042224,8250,3682.7,3680.0
2022-03-30 14:49:00,11.5,11.5,11.5,11.5,0,9.042224,8250,3683.85,3680.0
2022-03-30 14:50:00,11.5,11.5,11.5,11.5,0,9.042224,8250,3685.15,3680.0
2022-03-30 14:51:00,11.5,11.5,11.5,11.5,0,9.042224,8250,3682.3,3680.0
2022-03-30 14:52:00,11.5,11.5,11.5,11.5,0,9.042224,8250,3682.9,3680.0
2022-03-30 14:53:00,11.5,11.5,11.5,11.5,0,9.042224,8250,3680.75,3680.0
2022-03-30 14:54:00,11.5,11.5,11.5,11.5,0,9.042224,8250,3680.55,3680.0
2022-03-30 14:55:00,11.5,11.5,11.5,11.5,0,9.042224,8250,3675.0,3680.0
2022-03-30 14:56:00,11.5,11.5,11.5,11.5,0,9.042224,8250,3675.05,3680.0
2022-03-30 14:57:00,11.5,11.5,11.5,11.5,250,16.708483,8000,3675.9,3680.0
2022-03-30 14:58:00,11.5,11.5,11.5,11.5,0,16.708483,8000,3675.8,3680.0
2022-03-30 14:59:00,11.5,11.5,11.5,11.5,0,16.708483,8000,3678.95,3680.0
2022-03-30 15:00:00,11.5,11.5,11.5,11.5,0,16.708483,8000,3676.55,3680.0
2022-03-30 15:01:00,11.5,11.5,11.5,11.5,0,16.708483,8000,3675.0,3680.0
2022-03-30 15:02:00,11.5,11.5,11.5,11.5,0,16.708483,8000,3675.7,3680.0
2022-03-30 15:03:00,11.5,11.5,11.5,11.5,0,16.708483,8000,3675.55,3680.0
2022-03-30 15:04:00,11.5,11.5,11.5,11.5,0,16.708483,8000,3676.15,3680.0
2022-03-30 15:05:00,11.5,11.5,11.5,11.5,0,16.708483,8000,3674.05,3680.0
2022-03-30 15:06:00,11.5,11.5,11.5,11.5,0,16.708483,8000,3674.3,3680.0
2022-03-30 15:07:00,11.5,11.5,11.5,11.5,0,16.708483,8000,3668.35,3660.0
2022-03-30 15:08:00,11.5,11.5,11.5,11.5,0,16.708483,8000,3668.0,3660.0
2022-03-30 15:09:00,11.5,11.5,11.5,11.5,0,16.708483,8000,3669.6,3660.0
2022-03-30 15:10:00,11.5,11.5,11.5,11.5,0,16.708483,8000,3670.95,3680.0
2022-03-30 15:11:00,11.5,11.5,11.5,11.5,0,16.708483,8000,3670.15,3680.0
2022-03-30 15:12:00,11.5,11.5,11.5,11.5,0,16.708483,8000,3674.55,3680.0
2022-03-30 15:13:00,11.5,11.5,11.5,11.5,0,16.708483,8000,3674.95,3680.0
2022-03-30 15:14:00,11.5,16.1,11.5,15.9,500,23.292504,8000,3674.65,3680.0
2022-03-30 15:15:00,15.9,15.9,15.9,15.9,500,23.990065,8000,3673.5,3680.0
2022-03-30 15:16:00,15.9,15.9,15.9,15.9,0,23.990065,8000,3676.6,3680.0
2022-03-30 15:17:00,15.9,16.75,15.9,16.75,250,21.694536,7250,3679.0,3680.0
2022-03-30 15:18:00,16.75,16.75,16.75,16.75,0,21.694536,7250,3680.0,3680.0
2022-03-30 15:19:00,16.75,16.75,16.75,16.75,0,21.694536,7250,3678.25,3680.0
2022-03-30 15:20:00,16.75,16.75,16.75,16.75,0,21.694536,7250,3678.55,3680.0
2022-03-30 15:21:00,16.75,16.75,16.75,16.75,0,21.694536,7250,3673.0,3680.0
2022-03-30 15:22:00,16.75,16.75,14.8,14.8,250,23.023735,7000,3672.8,3680.0
2022-03-30 15:23:00,14.8,14.8,14.8,14.8,0,23.023735,7000,3673.45,3680.0
2022-03-30 15:24:00,14.8,14.8,14.8,14.8,0,23.023735,7000,3670.7,3680.0
2022-03-30 15:25:00,14.8,14.8,14.8,14.8,0,23.023735,7000,3671.5,3680.0
2022-03-30 15:26:00,14.8,14.8,14.8,14.8,0,23.023735,7000,3672.0,3680.0
2022-03-30 15:27:00,14.8,14.8,14.8,14.8,0,23.023735,7000,3676.9,3680.0
2022-03-30 15:28:00,14.8,14.8,14.8,14.8,0,23.023735,7000,3675.0,3680.0
2022-03-30 15:29:00,14.8,14.8,14.8,14.8,0,23.023735,7000,3674.1,3680.0
2022-03-31 09:15:00,10.0,10.0,9.85,9.85,500,31.975382,56250,3693.8,3700.0
2022-03-31 09:16:00,11.25,12.2,11.25,12.2,1250,22.352353,56250,3705.85,3700.0
2022-03-31 09:17:00,16.6,17.45,14.8,14.8,1500,28.184849,56250,3706.5,3700.0
2022-03-31 09:18:00,15.95,17.0,15.85,15.85,2000,28.508884,56500,3708.05,3700.0
2022-03-31 09:19:00,15.85,15.85,15.85,15.85,0,28.508884,56500,3710.1,3720.0
2022-03-31 09:20:00,17.5,18.0,17.5,18.0,2750,36.05223,56500,3706.9,3700.0
2022-03-31 09:21:00,18.0,18.0,12.25,12.25,500,34.182392,55500,3697.45,3700.0
2022-03-31 09:22:00,12.25,12.25,12.25,12.25,0,34.182392,55500,3689.4,3680.0
2022-03-31 09:23:00,9.3,9.3,6.95,8.75,1500,33.235828,56500,3690.25,3700.0
2022-03-31 09:24:00,8.75,8.75,8.75,8.75,0,33.235828,56500,3692.25,3700.0
2022-03-31 09:25:00,8.75,8.75,8.75,8.75,0,33.235828,56500,3683.25,3680.0
2022-03-31 09:26:00,8.75,8.75,8.75,8.75,0,33.235828,56500,3689.0,3680.0
2022-03-31 09:27:00,8.75,8.75,8.75,8.75,0,33.235828,56500,3679.1,3680.0
2022-03-31 09:28:00,8.75,8.75,8.75,8.75,0,33.235828,56500,3673.45,3680.0
2022-03-31 09:29:00,8.75,8.75,8.75,8.75,0,33.235828,56500,3672.35,3680.0
2022-03-31 09:30:00,8.75,8.75,8.75,8.75,0,33.235828,56500,3664.95,3660.0
2022-03-31 09:31:00,8.75,8.75,8.75,8.75,0,33.235828,56500,3661.45,3660.0
2022-03-31 09:32:00,8.75,8.75,8.75,8.75,0,33.235828,56500,3652.9,3660.0
2022-03-31 09:33:00,8.75,8.75,8.75,8.75,0,33.235828,56500,3653.15,3660.0
2022-03-31 09:34:00,5.05,5.05,5.0,5.0,1750,22.434397,18000,3651.45,3660.0
2022-03-31 09:35:00,5.0,5.0,5.0,5.0,0,22.434397,18000,3657.35,3660.0
2022-03-31 09:36:00,9.0,9.0,9.0,9.0,250,25.503352,17000,3658.4,3660.0
2022-03-31 09:37:00,9.0,9.0,9.0,9.0,0,25.503352,17000,3663.65,3660.0
2022-03-31 09:38:00,9.0,9.0,9.0,9.0,0,25.503352,17000,3668.95,3660.0
2022-03-31 09:39:00,9.0,9.0,9.0,9.0,0,25.503352,17000,3665.0,3660.0
2022-03-31 09:40:00,10.0,10.0,10.0,10.0,250,12.829985,17000,3667.95,3660.0
2022-03-31 09:41:00,10.0,10.0,10.0,10.0,0,12.829985,17000,3679.4,3680.0
2022-03-31 09:42:00,10.0,10.0,10.0,10.0,0,12.829985,17000,3680.95,3680.0
2022-03-31 09:43:00,10.0,10.0,10.0,10.0,0,12.829985,17000,3682.95,3680.0
2022-03-31 09:44:00,10.0,10.0,10.0,10.0,0,12.829985,17000,3683.6,3680.0
2022-03-31 09:45:00,10.0,10.0,10.0,10.0,0,12.829985,17000,3688.8,3680.0
2022-03-31 09:46:00,10.0,10.0,10.0,10.0,0,12.829985,17000,3687.0,3680.0
2022-03-31 09:47:00,10.0,10.0,10.0,10.0,0,12.829985,17000,3688.8,3680.0
2022-03-31 09:48:00,14.8,14.8,14.8,14.8,250,32.019192,6750,3685.0,3680.0
2022-03-31 09:49:00,14.8,14.8,14.8,14.8,0,32.019192,6750,3686.7,3680.0
2022-03-31 09:50:00,14.8,14.8,14.8,14.8,0,32.019192,6750,3686.05,3680.0
2022-03-31 09:51:00,14.8,14.8,14.8,14.8,0,32.019192,6750,3682.25,3680.0
2022-03-31 09:52:00,14.8,14.8,14.8,14.8,0,32.019192,6750,3681.05,3680.0
2022-03-31 09:53:00,14.8,14.8,14.8,14.8,0,32.019192,6750,3683.95,3680.0
2022-03-31 09:54:00,14.8,14.8,14.8,14.8,0,32.019192,6750,3682.95,3680.0
2022-03-31 09:55:00,14.8,14.8,14.8,14.8,0,32.019192,6750,3681.35,3680.0
2022-03-31 09:56:00,8.45,8.5,8.45,8.5,250,32.132102,51250,3692.1,3700.0
2022-03-31 09:57:00,8.5,8.5,8.5,8.5,0,32.132102,51250,3688.0,3680.0
2022-03-31 09:58:00,8.5,8.5,8.5,8.5,0,32.132102,51250,3687.8,3680.0
2022-03-31 09:59:00,8.5,8.5,8.5,8.5,0,32.132102,51250,3687.65,3680.0
2022-03-31 10:00:00,8.5,8.5,8.5,8.5,0,32.132102,51250,3685.9,3680.0
2022-03-31 10:01:00,8.5,8.5,8.5,8.5,0,32.132102,51250,3686.4,3680.0
2022-03-31 10:02:00,8.5,8.5,8.5,8.5,0,32.132102,51250,3686.95,3680.0
2022-03-31 10:03:00,8.5,8.5,8.5,8.5,0,32.132102,51250,3686.95,3680.0
2022-03-31 10:04:00,8.5,8.5,8.5,8.5,0,32.132102,51250,3686.2,3680.0
2022-03-31 10:05:00,8.5,8.5,8.5,8.5,0,32.132102,51250,3685.9,3680.0
2022-03-31 10:06:00,8.5,8.5,8.5,8.5,0,32.132102,51250,3681.4,3680.0
2022-03-31 10:07:00,8.5,8.5,8.5,8.5,0,32.132102,51250,3682.65,3680.0
2022-03-31 10:08:00,8.5,8.5,8.5,8.5,0,32.132102,51250,3679.1,3680.0
2022-03-31 10:09:00,8.5,8.5,8.5,8.5,0,32.132102,51250,3679.9,3680.0
2022-03-31 10:10:00,8.5,8.5,8.5,8.5,0,32.132102,51250,3680.1,3680.0
2022-03-31 10:11:00,8.5,8.5,8.5,8.5,0,32.132102,51250,3680.0,3680.0
2022-03-31 10:12:00,8.5,8.5,8.5,8.5,0,32.132102,51250,3681.65,3680.0
2022-03-31 10:13:00,8.5,8.5,8.5,8.5,0,32.132102,51250,3682.75,3680.0
2022-03-31 10:14:00,8.5,8.5,8.5,8.5,0,32.132102,51250,3686.25,3680.0
2022-03-31 10:15:00,8.5,8.5,8.5,8.5,0,32.132102,51250,3688.0,3680.0
2022-03-31 10:16:00,8.5,8.5,8.5,8.5,0,32.132102,51250,3687.1,3680.0
2022-03-31 10:17:00,8.5,8.5,8.5,8.5,0,32.132102,51250,3684.95,3680.0
2022-03-31 10:18:00,8.5,8.5,8.5,8.5,0,32.132102,51250,3685.4,3680.0
2022-03-31 10:19:00,8.5,8.5,8.5,8.5,0,32.132102,51250,3686.55,3680.0
2022-03-31 10:20:00,8.5,8.5,8.5,8.5,0,32.132102,51250,3682.3,3680.0
2022-03-31 10:21:00,8.5,8.5,8.5,8.5,0,32.132102,51250,3684.6,3680.0
2022-03-31 10:22:00,8.5,8.5,8.5,8.5,0,32.132102,51250,3683.55,3680.0
2022-03-31 10:23:00,8.5,8.5,8.5,8.5,0,32.132102,51250,3682.8,3680.0
2022-03-31 10:24:00,8.5,8.5,8.5,8.5,0,32.132102,51250,3683.45,3680.0
2022-03-31 10:25:00,8.5,8.5,8.5,8.5,0,32.132102,51250,3683.8,3680.0
2022-03-31 10:26:00,8.5,8.5,8.5,8.5,0,32.132102,51250,3683.85,3680.0
2022-03-31 10:27:00,8.5,8.5,8.5,8.5,0,32.132102,51250,3683.7,3680.0
2022-03-31 10:28:00,8.5,8.5,8.5,8.5,0,32.132102,51250,3681.5,3680.0
2022-03-31 10:29:00,8.5,8.5,8.5,8.5,0,32.132102,51250,3678.0,3680.0
2022-03-31 10:30:00,8.5,8.5,8.5,8.5,0,32.132102,51250,3679.45,3680.0
2022-03-31 10:31:00,8.5,8.5,8.5,8.5,0,32.132102,51250,3684.1,3680.0
2022-03-31 10:32:00,8.5,8.5,8.5,8.5,0,32.132102,51250,3683.2,3680.0
2022-03-31 10:33:00,8.5,8.5,8.5,8.5,0,32.132102,51250,3683.3,3680.0
2022-03-31 10:34:00,8.5,8.5,8.5,8.5,0,32.132102,51250,3682.3,3680.0
2022-03-31 10:35:00,8.5,8.5,8.5,8.5,0,32.132102,51250,3683.5,3680.0
2022-03-31 10:36:00,8.5,8.5,8.5,8.5,0,32.132102,51250,3682.6,3680.0
2022-03-31 10:37:00,8.5,8.5,8.5,8.5,0,32.132102,51250,3680.8,3680.0
2022-03-31 10:38:00,8.5,8.5,8.5,8.5,0,32.132102,51250,3683.35,3680.0
2022-03-31 10:39:00,8.5,8.5,8.5,8.5,0,32.132102,51250,3681.25,3680.0
2022-03-31 10:40:00,8.5,8.5,8.5,8.5,0,32.132102,51250,3683.6,3680.0
2022-03-31 10:41:00,8.5,8.5,8.5,8.5,0,32.132102,51250,3681.0,3680.0
2022-03-31 10:42:00,8.5,8.5,8.5,8.5,0,32.132102,51250,3683.45,3680.0
2022-03-31 10:43:00,8.5,8.5,8.5,8.5,0,32.132102,51250,3682.3,3680.0
2022-03-31 10:44:00,8.5,8.5,8.5,8.5,0,32.132102,51250,3682.9,3680.0
2022-03-31 10:45:00,8.5,8.5,8.5,8.5,0,32.132102,51250,3686.15,3680.0
2022-03-31 10:46:00,8.5,8.5,8.5,8.5,0,32.132102,51250,3686.3,3680.0
2022-03-31 10:47:00,8.5,8.5,8.5,8.5,0,32.132102,51250,3682.9,3680.0
2022-03-31 10:48:00,8.5,8.5,8.5,8.5,0,32.132102,51250,3681.35,3680.0
2022-03-31 10:49:00,8.5,8.5,8.5,8.5,0,32.132102,51250,3682.4,3680.0
2022-03-31 10:50:00,8.5,8.5,8.5,8.5,0,32.132102,51250,3679.25,3680.0
2022-03-31 10:51:00,8.5,8.5,8.5,8.5,0,32.132102,51250,3681.15,3680.0
2022-03-31 10:52:00,8.5,8.5,8.5,8.5,0,32.132102,51250,3680.95,3680.0
2022-03-31 10:53:00,8.5,8.5,8.5,8.5,0,32.132102,51250,3680.05,3680.0
2022-03-31 10:54:00,8.5,8.5,8.5,8.5,0,32.132102,51250,3680.0,3680.0
2022-03-31 10:55:00,8.5,8.5,8.5,8.5,0,32.132102,51250,3679.05,3680.0
2022-03-31 10:56:00,8.5,8.5,8.5,8.5,0,32.132102,51250,3677.15,3680.0
2022-03-31 10:57:00,8.5,8.5,8.5,8.5,0,32.132102,51250,3677.5,3680.0
2022-03-31 10:58:00,8.5,8.5,8.5,8.5,0,32.132102,51250,3678.0,3680.0
2022-03-31 10:59:00,8.5,8.5,8.5,8.5,0,32.132102,51250,3676.8,3680.0
2022-03-31 11:00:00,8.5,8.5,8.5,8.5,0,32.132102,51250,3676.05,3680.0
2022-03-31 11:01:00,8.5,8.5,8.5,8.5,0,32.132102,51250,3673.7,3680.0
2022-03-31 11:02:00,8.5,8.5,8.5,8.5,0,32.132102,51250,3673.75,3680.0
2022-03-31 11:03:00,8.5,8.5,8.5,8.5,0,32.132102,51250,3673.05,3680.0
2022-03-31 11:04:00,8.5,8.5,8.5,8.5,0,32.132102,51250,3673.35,3680.0
2022-03-31 11:05:00,8.5,8.5,8.5,8.5,0,32.132102,51250,3674.9,3680.0
2022-03-31 11:06:00,8.5,8.5,8.5,8.5,0,32.132102,51250,3673.65,3680.0
2022-03-31 11:07:00,8.5,8.5,8.5,8.5,0,32.132102,51250,3674.15,3680.0
2022-03-31 11:08:00,8.5,8.5,8.5,8.5,0,32.132102,51250,3670.35,3680.0
2022-03-31 11:09:00,4.5,4.5,4.5,4.5,500,23.846616,6750,3672.0,3680.0
2022-03-31 11:10:00,4.5,4.5,4.5,4.5,0,23.846616,6750,3670.2,3680.0
2022-03-31 11:11:00,4.5,4.5,4.5,4.5,0,23.846616,6750,3668.35,3660.0
2022-03-31 11:12:00,4.5,4.5,4.5,4.5,0,23.846616,6750,3671.9,3680.0
2022-03-31 11:13:00,4.5,4.5,4.5,4.5,0,23.846616,6750,3669.35,3660.0
2022-03-31 11:14:00,4.5,4.5,4.5,4.5,0,23.846616,6750,3668.15,3660.0
2022-03-31 11:15:00,4.5,4.5,4.5,4.5,0,23.846616,6750,3669.5,3660.0
2022-03-31 11:16:00,4.5,4.5,4.5,4.5,0,23.846616,6750,3669.45,3660.0
2022-03-31 11:17:00,4.5,4.5,4.5,4.5,0,23.846616,6750,3667.7,3660.0
2022-03-31 11:18:00,4.5,4.5,4.5,4.5,0,23.846616,6750,3667.65,3660.0
2022-03-31 11:19:00,4.5,4.5,4.5,4.5,0,23.846616,6750,3667.2,3660.0
2022-03-31 11:20:00,4.5,4.5,4.5,4.5,0,23.846616,6750,3667.05,3660.0
2022-03-31 11:21:00,4.5,4.5,4.5,4.5,0,23.846616,6750,3666.6,3660.0
2022-03-31 11:22:00,4.5,4.5,4.5,4.5,0,23.846616,6750,3668.25,3660.0
2022-03-31 11:23:00,4.5,4.5,4.5,4.5,0,23.846616,6750,3670.2,3680.0
2022-03-31 11:24:00,4.5,4.5,4.5,4.5,0,23.846616,6750,3668.0,3660.0
2022-03-31 11:25:00,4.5,4.5,4.5,4.5,0,23.846616,6750,3668.75,3660.0
2022-03-31 11:26:00,4.5,4.5,4.5,4.5,0,23.846616,6750,3669.4,3660.0
2022-03-31 11:27:00,4.5,4.5,4.5,4.5,0,23.846616,6750,3668.4,3660.0
2022-03-31 11:28:00,4.5,4.5,4.5,4.5,0,23.846616,6750,3669.75,3660.0
2022-03-31 11:29:00,4.5,4.5,4.5,4.5,0,23.846616,6750,3669.7,3660.0
2022-03-31 11:30:00,4.5,4.5,4.5,4.5,0,23.846616,6750,3670.75,3680.0
2022-03-31 11:31:00,4.5,4.5,4.5,4.5,0,23.846616,6750,3673.7,3680.0
2022-03-31 11:32:00,4.5,4.5,4.5,4.5,0,23.846616,6750,3672.25,3680.0
2022-03-31 11:33:00,4.5,4.5,4.5,4.5,0,23.846616,6750,3671.8,3680.0
2022-03-31 11:34:00,4.5,4.5,4.5,4.5,0,23.846616,6750,3670.75,3680.0
2022-03-31 11:35:00,4.5,4.5,4.5,4.5,0,23.846616,6750,3670.0,3680.0
2022-03-31 11:36:00,4.5,4.5,4.5,4.5,0,23.846616,6750,3671.65,3680.0
2022-03-31 11:37:00,4.5,4.5,4.5,4.5,0,23.846616,6750,3671.6,3680.0
2022-03-31 11:38:00,4.5,4.5,4.5,4.5,0,23.846616,6750,3670.0,3680.0
2022-03-31 11:39:00,4.5,4.5,4.5,4.5,0,23.846616,6750,3670.05,3680.0
2022-03-31 11:40:00,4.5,4.5,4.5,4.5,0,23.846616,6750,3671.7,3680.0
2022-03-31 11:41:00,4.5,4.5,4.5,4.5,0,23.846616,6750,3672.75,3680.0
2022-03-31 11:42:00,4.5,4.5,4.5,4.5,0,23.846616,6750,3669.45,3660.0
2022-03-31 11:43:00,4.5,4.5,4.5,4.5,0,23.846616,6750,3671.2,3680.0
2022-03-31 11:44:00,4.5,4.5,4.5,4.5,0,23.846616,6750,3670.55,3680.0
2022-03-31 11:45:00,4.5,4.5,4.5,4.5,0,23.846616,6750,3670.45,3680.0
2022-03-31 11:46:00,4.5,4.5,4.5,4.5,0,23.846616,6750,3671.0,3680.0
2022-03-31 11:47:00,4.5,4.5,4.5,4.5,0,23.846616,6750,3671.45,3680.0
2022-03-31 11:48:00,4.5,4.5,4.5,4.5,0,23.846616,6750,3670.95,3680.0
2022-03-31 11:49:00,4.5,4.5,4.5,4.5,0,23.846616,6750,3672.35,3680.0
2022-03-31 11:50:00,4.5,4.5,4.5,4.5,0,23.846616,6750,3671.0,3680.0
2022-03-31 11:51:00,8.1,8.1,8.1,8.1,250,40.255816,6750,3670.9,3680.0
2022-03-31 11:52:00,8.1,8.1,8.1,8.1,0,40.255816,6750,3670.45,3680.0
2022-03-31 11:53:00,12.0,12.0,12.0,12.0,250,52.680098,6750,3671.8,3680.0
2022-03-31 11:54:00,12.0,12.0,12.0,12.0,0,52.680098,6750,3673.95,3680.0
2022-03-31 11:55:00,12.0,12.0,12.0,12.0,0,52.680098,6750,3671.4,3680.0
2022-03-31 11:56:00,12.0,12.0,12.0,12.0,0,52.680098,6750,3669.75,3660.0
2022-03-31 11:57:00,12.0,12.0,12.0,12.0,0,52.680098,6750,3673.35,3680.0
2022-03-31 11:58:00,12.0,12.0,12.0,12.0,0,52.680098,6750,3673.55,3680.0
2022-03-31 11:59:00,12.0,12.0,12.0,12.0,0,52.680098,6750,3673.6,3680.0
2022-03-31 12:00:00,12.0,12.0,12.0,12.0,0,52.680098,6750,3674.0,3680.0
2022-03-31 12:01:00,12.0,12.0,12.0,12.0,0,52.680098,6750,3678.0,3680.0
2022-03-31 12:02:00,12.0,12.0,12.0,12.0,0,52.680098,6750,3678.0,3680.0
2022-03-31 12:03:00,12.0,12.0,12.0,12.0,0,52.680098,6750,3675.5,3680.0
2022-03-31 12:04:00,12.0,12.0,12.0,12.0,0,52.680098,6750,3677.95,3680.0
2022-03-31 12:05:00,18.0,18.0,18.0,18.0,250,66.921573,6750,3677.0,3680.0
2022-03-31 12:06:00,18.0,18.0,18.0,18.0,0,66.921573,6750,3677.5,3680.0
2022-03-31 12:07:00,18.0,18.0,18.0,18.0,0,66.921573,6750,3676.55,3680.0
2022-03-31 12:08:00,18.0,20.1,18.0,20.1,250,80.796239,6750,3673.3,3680.0
2022-03-31 12:09:00,20.1,20.1,20.1,20.1,0,80.796239,6750,3670.0,3680.0
2022-03-31 12:10:00,20.1,20.1,20.1,20.1,0,80.796239,6750,3670.2,3680.0
2022-03-31 12:11:00,20.1,20.1,20.1,20.1,0,80.796239,6750,3667.0,3660.0
2022-03-31 12:12:00,20.1,20.1,20.1,20.1,0,80.796239,6750,3668.45,3660.0
2022-03-31 12:13:00,20.1,20.1,20.1,20.1,0,80.796239,6750,3675.5,3680.0
2022-03-31 12:14:00,20.1,20.1,20.1,20.1,0,80.796239,6750,3677.85,3680.0
2022-03-31 12:15:00,20.1,20.1,20.1,20.1,0,80.796239,6750,3675.0,3680.0
2022-03-31 12:16:00,20.1,20.1,20.1,20.1,0,80.796239,6750,3673.8,3680.0
2022-03-31 12:17:00,20.1,20.1,20.1,20.1,0,80.796239,6750,3677.05,3680.0
2022-03-31 12:18:00,20.1,20.1,20.1,20.1,0,80.796239,6750,3674.05,3680.0
2022-03-31 12:19:00,20.1,20.1,20.1,20.1,0,80.796239,6750,3676.25,3680.0
2022-03-31 12:20:00,20.1,20.1,20.1,20.1,0,80.796239,6750,3677.25,3680.0
2022-03-31 12:21:00,20.1,20.1,20.1,20.1,0,80.796239,6750,3674.95,3680.0
2022-03-31 12:22:00,20.1,20.1,20.1,20.1,0,80.796239,6750,3677.9,3680.0
2022-03-31 12:23:00,20.1,20.1,20.1,20.1,0,80.796239,6750,3677.9,3680.0
2022-03-31 12:24:00,20.1,20.1,20.1,20.1,0,80.796239,6750,3676.4,3680.0
2022-03-31 12:25:00,20.1,20.1,20.1,20.1,0,80.796239,6750,3673.0,3680.0
2022-03-31 12:26:00,20.1,20.1,20.1,20.1,0,80.796239,6750,3678.0,3680.0
2022-03-31 12:27:00,20.1,20.1,20.1,20.1,0,80.796239,6750,3677.35,3680.0
2022-03-31 12:28:00,20.1,20.1,20.1,20.1,0,80.796239,6750,3677.6,3680.0
2022-03-31 12:29:00,20.1,20.1,20.1,20.1,0,80.796239,6750,3677.0,3680.0
2022-03-31 12:30:00,20.1,20.1,20.1,20.1,0,80.796239,6750,3678.15,3680.0
2022-03-31 12:31:00,20.1,20.1,20.1,20.1,0,80.796239,6750,3677.25,3680.0
2022-03-31 12:32:00,20.1,20.1,20.1,20.1,0,80.796239,6750,3675.65,3680.0
2022-03-31 12:33:00,20.1,20.1,20.1,20.1,0,80.796239,6750,3676.4,3680.0
2022-03-31 12:34:00,20.1,20.1,20.1,20.1,0,80.796239,6750,3673.75,3680.0
2022-03-31 12:35:00,20.1,20.1,20.1,20.1,0,80.796239,6750,3674.65,3680.0
2022-03-31 12:36:00,20.1,20.1,20.1,20.1,0,80.796239,6750,3673.65,3680.0
2022-03-31 12:37:00,20.1,20.1,20.1,20.1,0,80.796239,6750,3673.1,3680.0
2022-03-31 12:38:00,20.1,20.1,20.1,20.1,0,80.796239,6750,3673.6,3680.0
2022-03-31 12:39:00,20.1,20.1,20.1,20.1,0,80.796239,6750,3670.9,3680.0
2022-03-31 12:40:00,20.1,20.1,20.1,20.1,0,80.796239,6750,3673.8,3680.0
2022-03-31 12:41:00,20.1,20.1,20.1,20.1,0,80.796239,6750,3673.25,3680.0
2022-03-31 12:42:00,20.1,20.1,20.1,20.1,0,80.796239,6750,3674.0,3680.0
2022-03-31 12:43:00,20.1,20.1,20.1,20.1,0,80.796239,6750,3674.25,3680.0
2022-03-31 12:44:00,20.1,20.1,20.1,20.1,0,80.796239,6750,3674.3,3680.0
2022-03-31 12:45:00,20.1,20.1,20.1,20.1,0,80.796239,6750,3675.5,3680.0
2022-03-31 12:46:00,20.1,20.1,20.1,20.1,0,80.796239,6750,3672.85,3680.0
2022-03-31 12:47:00,20.1,20.1,20.1,20.1,0,80.796239,6750,3675.1,3680.0
2022-03-31 12:48:00,20.1,20.1,20.1,20.1,0,80.796239,6750,3677.5,3680.0
2022-03-31 12:49:00,20.1,20.1,10.1,10.1,250,43.537463,6750,3677.65,3680.0
2022-03-31 12:50:00,10.1,10.1,10.1,10.1,0,43.537463,6750,3675.45,3680.0
2022-03-31 12:51:00,10.1,10.1,10.1,10.1,0,43.537463,6750,3675.05,3680.0
2022-03-31 12:52:00,10.1,10.1,10.1,10.1,0,43.537463,6750,3675.9,3680.0
2022-03-31 12:53:00,10.1,10.1,10.1,10.1,0,43.537463,6750,3675.7,3680.0
2022-03-31 12:54:00,10.1,10.1,10.1,10.1,0,43.537463,6750,3675.55,3680.0
2022-03-31 12:55:00,10.1,10.1,10.1,10.1,0,43.537463,6750,3675.1,3680.0
2022-03-31 12:56:00,10.1,10.1,10.1,10.1,0,43.537463,6750,3677.25,3680.0
2022-03-31 12:57:00,15.0,15.0,7.0,7.0,1000,42.272487,6750,3671.75,3680.0
2022-03-31 12:58:00,7.0,7.0,7.0,7.0,0,42.272487,6750,3669.6,3660.0
2022-03-31 12:59:00,7.0,7.0,7.0,7.0,0,42.272487,6750,3671.75,3680.0
2022-03-31 13:00:00,7.0,7.0,7.0,7.0,0,42.272487,6750,3673.45,3680.0
2022-03-31 13:01:00,7.0,7.0,7.0,7.0,0,42.272487,6750,3673.8,3680.0
2022-03-31 13:02:00,7.0,7.0,7.0,7.0,0,42.272487,6750,3673.0,3680.0
2022-03-31 13:03:00,7.0,7.0,7.0,7.0,0,42.272487,6750,3671.85,3680.0
2022-03-31 13:04:00,7.0,7.0,7.0,7.0,0,42.272487,6750,3670.1,3680.0
2022-03-31 13:05:00,7.0,7.0,7.0,7.0,0,42.272487,6750,3670.05,3680.0
2022-03-31 13:06:00,7.0,7.0,7.0,7.0,0,42.272487,6750,3668.2,3660.0
2022-03-31 13:07:00,7.0,7.0,7.0,7.0,0,42.272487,6750,3669.05,3660.0
2022-03-31 13:08:00,7.0,7.0,7.0,7.0,0,42.272487,6750,3669.1,3660.0
2022-03-31 13:09:00,7.0,7.0,7.0,7.0,0,42.272487,6750,3672.6,3680.0
2022-03-31 13:10:00,7.0,7.0,7.0,7.0,0,42.272487,6750,3666.75,3660.0
2022-03-31 13:11:00,7.0,7.0,7.0,7.0,0,42.272487,6750,3667.95,3660.0
2022-03-31 13:12:00,7.0,7.0,7.0,7.0,0,42.272487,6750,3668.5,3660.0
2022-03-31 13:13:00,7.0,7.0,7.0,7.0,0,42.272487,6750,3668.0,3660.0
2022-03-31 13:14:00,7.0,7.0,7.0,7.0,0,42.272487,6750,3667.7,3660.0
2022-03-31 13:15:00,7.0,7.0,7.0,7.0,0,42.272487,6750,3666.55,3660.0
2022-03-31 13:16:00,7.0,7.0,7.0,7.0,0,42.272487,6750,3665.7,3660.0
2022-03-31 13:17:00,7.0,7.0,7.0,7.0,0,42.272487,6750,3667.15,3660.0
2022-03-31 13:18:00,7.0,7.0,7.0,7.0,0,42.272487,6750,3667.75,3660.0
2022-03-31 13:19:00,7.0,7.0,7.0,7.0,0,42.272487,6750,3665.0,3660.0
2022-03-31 13:20:00,7.0,7.0,7.0,7.0,0,42.272487,6750,3662.85,3660.0
2022-03-31 13:21:00,7.0,7.0,7.0,7.0,0,42.272487,6750,3663.85,3660.0
2022-03-31 13:22:00,7.0,7.0,7.0,7.0,0,42.272487,6750,3663.0,3660.0
2022-03-31 13:23:00,7.0,7.0,7.0,7.0,0,42.272487,6750,3663.0,3660.0
2022-03-31 13:24:00,7.0,7.0,7.0,7.0,0,42.272487,6750,3662.25,3660.0
2022-03-31 13:25:00,7.0,7.0,7.0,7.0,0,42.272487,6750,3666.95,3660.0
2022-03-31 13:26:00,7.0,7.0,7.0,7.0,0,42.272487,6750,3665.35,3660.0
2022-03-31 13:27:00,7.0,7.0,7.0,7.0,0,42.272487,6750,3665.35,3660.0
2022-03-31 13:28:00,7.0,7.0,7.0,7.0,0,42.272487,6750,3664.0,3660.0
2022-03-31 13:29:00,7.0,7.0,7.0,7.0,0,42.272487,6750,3663.3,3660.0
2022-03-31 13:30:00,7.0,7.0,7.0,7.0,0,42.272487,6750,3661.95,3660.0
2022-03-31 13:31:00,7.0,7.0,7.0,7.0,0,42.272487,6750,3662.3,3660.0
2022-03-31 13:32:00,7.0,7.0,7.0,7.0,0,42.272487,6750,3662.0,3660.0
2022-03-31 13:33:00,7.45,7.45,5.0,5.0,500,20.120974,17250,3661.1,3660.0
2022-03-31 13:34:00,5.0,5.0,5.0,5.0,0,20.120974,17250,3662.25,3660.0
2022-03-31 13:35:00,5.0,5.0,5.0,5.0,0,20.120974,17250,3664.15,3660.0
2022-03-31 13:36:00,5.0,5.0,5.0,5.0,0,20.120974,17250,3662.15,3660.0
2022-03-31 13:37:00,5.0,5.0,4.0,4.0,250,9.46072,17500,3663.1,3660.0
2022-03-31 13:38:00,4.0,4.0,4.0,4.0,250,13.623405,17500,3661.9,3660.0
2022-03-31 13:39:00,4.0,4.0,4.0,4.0,0,13.623405,17500,3661.1,3660.0
2022-03-31 13:40:00,5.55,5.55,5.55,5.55,250,0.0,17000,3667.15,3660.0
2022-03-31 13:41:00,5.55,5.55,5.55,5.55,0,0.0,17000,3672.0,3680.0
2022-03-31 13:42:00,5.55,5.55,5.55,5.55,0,0.0,17000,3671.4,3680.0
2022-03-31 13:43:00,5.55,5.55,5.55,5.55,0,0.0,17000,3669.85,3660.0
2022-03-31 13:44:00,5.55,5.55,5.55,5.55,0,0.0,17000,3669.85,3660.0
2022-03-31 13:45:00,5.55,5.55,5.55,5.55,0,0.0,17000,3662.05,3660.0
2022-03-31 13:46:00,5.55,5.55,5.55,5.55,0,0.0,17000,3663.4,3660.0
2022-03-31 13:47:00,5.55,5.55,5.55,5.55,0,0.0,17000,3668.0,3660.0
2022-03-31 13:48:00,5.55,5.55,5.55,5.55,0,0.0,17000,3667.95,3660.0
2022-03-31 13:49:00,5.55,5.55,5.55,5.55,0,0.0,17000,3666.3,3660.0
2022-03-31 13:50:00,5.55,5.55,5.55,5.55,0,0.0,17000,3661.45,3660.0
2022-03-31 13:51:00,5.55,5.55,5.55,5.55,0,0.0,17000,3663.7,3660.0
2022-03-31 13:52:00,5.55,5.55,5.55,5.55,0,0.0,17000,3664.9,3660.0
2022-03-31 13:53:00,5.55,5.55,5.55,5.55,0,0.0,17000,3665.7,3660.0
2022-03-31 13:54:00,5.55,5.55,5.55,5.55,0,0.0,17000,3662.7,3660.0
2022-03-31 13:55:00,5.55,5.55,5.55,5.55,0,0.0,17000,3668.5,3660.0
2022-03-31 13:56:00,5.55,5.55,5.55,5.55,0,0.0,17000,3670.0,3680.0
2022-03-31 13:57:00,5.55,5.55,5.55,5.55,0,0.0,17000,3666.15,3660.0
2022-03-31 13:58:00,5.55,5.55,5.55,5.55,0,0.0,17000,3667.05,3660.0
2022-03-31 13:59:00,5.55,5.55,5.55,5.55,0,0.0,17000,3665.3,3660.0
2022-03-31 14:00:00,5.55,5.55,5.55,5.55,0,0.0,17000,3662.75,3660.0
2022-03-31 14:01:00,5.55,5.55,5.55,5.55,0,0.0,17000,3659.05,3660.0
2022-03-31 14:02:00,5.55,5.55,5.55,5.55,0,0.0,17000,3661.95,3660.0
2022-03-31 14:03:00,5.55,5.55,5.55,5.55,0,0.0,17000,3660.75,3660.0
2022-03-31 14:04:00,5.55,5.55,5.55,5.55,0,0.0,17000,3662.55,3660.0
2022-03-31 14:05:00,5.55,5.55,5.55,5.55,0,0.0,17000,3660.7,3660.0
2022-03-31 14:06:00,5.55,5.55,5.55,5.55,0,0.0,17000,3660.45,3660.0
2022-03-31 14:07:00,5.55,5.55,5.55,5.55,0,0.0,17000,3661.0,3660.0
2022-03-31 14:08:00,5.55,5.55,5.55,5.55,0,0.0,17000,3660.05,3660.0
2022-03-31 14:09:00,5.55,5.55,5.55,5.55,0,0.0,17000,3659.0,3660.0
2022-03-31 14:10:00,5.55,5.55,5.55,5.55,0,0.0,17000,3659.4,3660.0
2022-03-31 14:11:00,12.2,12.2,12.2,12.2,500,65.443198,16500,3660.9,3660.0
2022-03-31 14:12:00,12.2,12.2,12.2,12.2,0,65.443198,16500,3657.8,3660.0
2022-03-31 14:13:00,12.2,12.2,12.2,12.2,0,65.443198,16500,3657.55,3660.0
2022-03-31 14:14:00,12.2,12.2,12.2,12.2,0,65.443198,16500,3655.55,3660.0
2022-03-31 14:15:00,12.2,12.2,12.2,12.2,0,65.443198,16500,3654.15,3660.0
2022-03-31 14:16:00,12.2,12.2,12.2,12.2,0,65.443198,16500,3651.65,3660.0
2022-03-31 14:17:00,12.2,12.2,12.2,12.2,0,65.443198,16500,3654.85,3660.0
2022-03-31 14:18:00,12.2,12.2,12.2,12.2,0,65.443198,16500,3656.25,3660.0
2022-03-31 14:19:00,12.2,12.2,12.2,12.2,0,65.443198,16500,3652.0,3660.0
2022-03-31 14:20:00,12.2,12.2,12.2,12.2,0,65.443198,16500,3653.65,3660.0
2022-03-31 14:21:00,12.2,12.2,12.2,12.2,0,65.443198,16500,3652.0,3660.0
2022-03-31 14:22:00,12.2,12.2,12.2,12.2,0,65.443198,16500,3655.35,3660.0
2022-03-31 14:23:00,12.2,12.2,12.2,12.2,0,65.443198,16500,3653.55,3660.0
2022-03-31 14:24:00,12.2,12.2,12.2,12.2,0,65.443198,16500,3652.0,3660.0
2022-03-31 14:25:00,12.2,12.2,12.2,12.2,0,65.443198,16500,3653.75,3660.0
2022-03-31 14:26:00,12.2,14.95,12.2,14.95,250,109.246427,16500,3654.4,3660.0
2022-03-31 14:27:00,14.95,14.95,14.95,14.95,0,109.246427,16500,3655.0,3660.0
2022-03-31 14:28:00,13.0,13.0,13.0,13.0,250,100.137843,16500,3653.85,3660.0
2022-03-31 14:29:00,13.0,37.85,13.0,37.85,250,244.333436,16500,3658.8,3660.0
2022-03-31 14:30:00,37.85,37.85,14.0,14.0,250,98.822529,16500,3657.05,3660.0
2022-03-31 14:31:00,14.0,14.0,14.0,14.0,0,98.822529,16500,3653.0,3660.0
2022-03-31 14:32:00,14.0,14.0,14.0,14.0,0,98.822529,16500,3650.15,3660.0
2022-03-31 14:33:00,14.0,14.0,14.0,14.0,0,98.822529,16500,3650.45,3660.0
2022-03-31 14:34:00,14.0,14.0,14.0,14.0,0,98.822529,16500,3650.1,3660.0
2022-03-31 14:35:00,14.0,14.0,14.0,14.0,0,98.822529,16500,3649.65,3640.0
2022-03-31 14:36:00,14.0,14.0,14.0,14.0,0,98.822529,16500,3647.35,3640.0
2022-03-31 14:37:00,14.0,14.0,14.0,14.0,0,98.822529,16500,3648.75,3640.0
2022-03-31 14:38:00,14.0,14.0,14.0,14.0,0,98.822529,16500,3646.6,3640.0
2022-03-31 14:39:00,14.0,14.0,14.0,14.0,0,98.822529,16500,3640.0,3640.0
2022-03-31 14:40:00,14.0,14.0,14.0,14.0,0,98.822529,16500,3640.1,3640.0
2022-03-31 14:41:00,14.0,14.0,14.0,14.0,0,98.822529,16500,3637.25,3640.0
2022-03-31 14:42:00,14.0,14.0,14.0,14.0,0,98.822529,16500,3637.1,3640.0
2022-03-31 14:43:00,14.0,14.0,14.0,14.0,0,98.822529,16500,3637.65,3640.0
2022-03-31 14:44:00,14.0,14.0,14.0,14.0,0,98.822529,16500,3643.05,3640.0
2022-03-31 14:45:00,14.0,14.0,14.0,14.0,0,98.822529,16500,3644.8,3640.0
2022-03-31 14:46:00,14.0,14.0,14.0,14.0,0,98.822529,16500,3644.7,3640.0
2022-03-31 14:47:00,14.0,14.0,14.0,14.0,0,98.822529,16500,3640.75,3640.0
2022-03-31 14:48:00,14.0,14.0,14.0,14.0,0,98.822529,16500,3639.15,3640.0
2022-03-31 14:49:00,14.0,14.0,14.0,14.0,0,98.822529,16500,3641.2,3640.0
2022-03-31 14:50:00,14.0,14.0,14.0,14.0,0,98.822529,16500,3641.55,3640.0
2022-03-31 14:51:00,14.0,14.0,14.0,14.0,0,98.822529,16500,3639.6,3640.0
2022-03-31 14:52:00,14.0,14.0,14.0,14.0,0,98.822529,16500,3642.2,3640.0
2022-03-31 14:53:00,14.0,14.0,14.0,14.0,0,98.822529,16500,3644.85,3640.0
2022-03-31 14:54:00,14.0,14.0,14.0,14.0,0,98.822529,16500,3646.2,3640.0
2022-03-31 14:55:00,14.0,14.0,14.0,14.0,0,98.822529,16500,3648.25,3640.0
2022-03-31 14:56:00,14.0,14.0,14.0,14.0,0,98.822529,16500,3647.55,3640.0
2022-03-31 14:57:00,14.0,14.0,14.0,14.0,0,98.822529,16500,3646.7,3640.0
2022-03-31 14:58:00,14.0,14.0,14.0,14.0,0,98.822529,16500,3647.0,3640.0
2022-03-31 14:59:00,14.0,14.0,14.0,14.0,0,98.822529,16500,3645.25,3640.0
2022-03-31 15:00:00,14.0,14.0,14.0,14.0,0,98.822529,16500,3647.15,3640.0
2022-03-31 15:01:00,14.0,14.0,14.0,14.0,0,98.822529,16500,3647.7,3640.0
2022-03-31 15:02:00,14.0,14.0,14.0,14.0,0,98.822529,16500,3651.35,3660.0
2022-03-31 15:03:00,4.0,10.0,4.0,7.05,1250,97.580137,16500,3652.9,3660.0
2022-03-31 15:04:00,7.05,7.05,7.05,7.05,0,97.580137,16500,3658.0,3660.0
2022-03-31 15:05:00,7.05,7.05,7.05,7.05,0,97.580137,16500,3655.9,3660.0
2022-03-31 15:06:00,7.05,7.05,7.05,7.05,0,97.580137,16500,3655.7,3660.0
2022-03-31 15:07:00,7.05,7.05,7.05,7.05,0,97.580137,16500,3656.25,3660.0
2022-03-31 15:08:00,7.05,7.05,7.05,7.05,0,97.580137,16500,3654.95,3660.0
2022-03-31 15:09:00,7.05,7.05,7.05,7.05,0,97.580137,16500,3658.6,3660.0
2022-03-31 15:10:00,7.05,10.8,7.05,10.8,1000,134.601681,16500,3657.25,3660.0
2022-03-31 15:11:00,10.8,10.8,10.8,10.8,0,134.601681,16500,3659.05,3660.0
2022-03-31 15:12:00,10.8,10.8,10.8,10.8,0,134.601681,16500,3660.5,3660.0
2022-03-31 15:13:00,10.8,10.8,10.8,10.8,0,134.601681,16500,3659.6,3660.0
2022-03-31 15:14:00,20.0,20.0,20.0,20.0,250,284.118249,16500,3654.0,3660.0
2022-03-31 15:15:00,20.0,20.0,20.0,20.0,0,284.118249,16500,3652.2,3660.0
2022-03-31 15:16:00,20.0,20.0,20.0,20.0,0,284.118249,16500,3652.1,3660.0
2022-03-31 15:17:00,20.0,20.0,20.0,20.0,0,284.118249,16500,3649.65,3640.0
2022-03-31 15:18:00,20.0,20.0,20.0,20.0,0,284.118249,16500,3647.9,3640.0
2022-03-31 15:19:00,20.0,20.0,20.0,20.0,0,284.118249,16500,3650.55,3660.0
2022-03-31 15:20:00,20.0,20.0,20.0,20.0,0,284.118249,16500,3647.1,3640.0
2022-03-31 15:21:00,20.0,20.0,20.0,20.0,0,284.118249,16500,3648.25,3640.0
2022-03-31 15:22:00,20.0,20.0,20.0,20.0,0,284.118249,16500,3649.45,3640.0
2022-03-31 15:23:00,12.0,12.0,12.0,12.0,2000,307.664598,17250,3650.35,3660.0
2022-03-31 15:24:00,12.0,12.0,12.0,12.0,0,307.664598,17250,3650.3,3660.0
2022-03-31 15:25:00,12.0,12.0,12.0,12.0,0,307.664598,17250,3655.45,3660.0
2022-03-31 15:26:00,5.8,5.8,5.8,5.8,250,160.769981,20750,3658.6,3660.0
2022-03-31 15:27:00,9.0,9.0,9.0,9.0,500,278.315739,20750,3658.55,3660.0
2022-03-31 15:28:00,1.05,1.05,1.05,1.05,250,113.742086,21500,3653.85,3660.0
2022-03-31 15:29:00,1.05,1.05,0.75,0.75,2500,151.868234,21500,3653.0,3660.0
